{"python.activeStateToolPath.description":"Percorso dell'eseguibile State Tool per i runtime ActiveState (versione 0.36+).","python.autoComplete.extraPaths.description":"Elenco di percorsi alle librerie e simili che devono essere importati dal motore di completamento automatico. Ad esempio, quando si usa Google App SDK, i percorsi non si trovano nel percorso di sistema, quindi devono essere aggiunti a questo elenco.","python.command.python.analysis.restartLanguageServer.title":"Riavviare il server di linguaggio","python.command.python.clearCacheAndReload.title":"Cancella la cache e ricarica la finestra","python.command.python.clearWorkspaceInterpreter.title":"Cancellare l'impostazione dell'interprete dell'area di lavoro","python.command.python.configureTests.title":"Configurare i test","python.command.python.createEnvironment.title":"Creare ambiente...","python.command.python.createNewFile.title":"Nuovo file Python","python.command.python.createTerminal.title":"Creare terminale","python.command.python.debugInTerminal.title":"Eseguire il debug del file Python","python.command.python.enableLinting.title":"Abilitare/Disabilitare linting","python.command.python.enableSourceMapSupport.title":"Abilitare il supporto del mapping di origine per il debug delle estensioni","python.command.python.execInDedicatedTerminal.title":"Esegui il file Python nel terminale dedicato","python.command.python.execInTerminal.title":"Eseguire file Python nel terminale","python.command.python.execInTerminalIcon.title":"Eseguire il file Python","python.command.python.execSelectionInDjangoShell.title":"Eseguire selezione/riga nella shell Django","python.command.python.execSelectionInTerminal.title":"Eseguire selezione/riga nel terminale Python","python.command.python.installJupyter.title":"Installare l'estensione Jupyter","python.command.python.launchTensorBoard.title":"Avviare Tensorboard","python.command.python.refreshTensorBoard.title":"Aggiornare TensorBoard","python.command.python.reportIssue.title":"Segnala problema...","python.command.python.runLinting.title":"Eseguire Linting","python.command.python.setInterpreter.title":"Seleziona interprete","python.command.python.setLinter.title":"Selezionare Linter","python.command.python.sortImports.title":"Ordina importazioni","python.command.python.startREPL.title":"Avviare REPL","python.command.python.viewLanguageServerOutput.title":"Mostrare output del server di linguaggio","python.command.python.viewOutput.title":"Mostrare output","python.command.testing.rerunFailedTests.title":"Ripetere i test non superati","python.condaPath.description":"Percorso dell'eseguibile conda da usare per l'attivazione (versione 4.4+).","python.createEnvironment.contentButton.description":"Mostrare o nascondere il pulsante Crea ambiente nell'editor per 'requirements.txt' o altri file di dipendenza.","python.defaultInterpreterPath.description":"Percorso di Python predefinito da usare quando l'estensione viene caricata per la prima volta, non più usato dopo aver selezionato un interprete per l'area di lavoro. Vedere [qui](https://aka.ms/AAfekmf) per comprendere quando viene usato","python.diagnostics.sourceMapsEnabled.description":"Abilitare source map supporto per analisi dello stack significative nei log degli errori.","python.editor.context.submenu.runPython":"Eseguire Python","python.editor.context.submenu.runPythonInteractive":"Eseguire in finestra interattiva","python.envFile.description":"Percorso assoluto di un file che contiene le definizioni delle variabili di ambiente.","python.experiments.All.description":"Elenco combinato di tutti gli esperimenti.","python.experiments.enabled.description":"Abilita gli esperimenti di test A/B nell'estensione Python. Se abilitata, è possibile che l'utente venga incluso nei miglioramenti e/o nelle funzionalità proposte.","python.experiments.optInto.description":"Elenco di esperimenti a cui acconsentire esplicitamente. Se vuoto, all'utente vengono assegnati i gruppi di esperimenti predefiniti. Per altri dettagli, vedere [qui](https://github.com/microsoft/vscode-python/wiki/AB-Experiments).","python.experiments.optOutFrom.description":"Elenco di esperimenti di cui rifiutare esplicitamente l'uso. Se vuoto, all'utente vengono assegnati i gruppi di esperimenti predefiniti. Per altri dettagli, vedere [qui](https://github.com/microsoft/vscode-python/wiki/AB-Experiments).","python.experiments.pythonPromptNewToolsExt.description":"Indica l'esperimento Python Prompt New Tools Extension.","python.experiments.pythonSurveyNotification.description":"Indica l'esperimento Python Survey Notification.","python.experiments.pythonTerminalEnvVarActivation.description":"Consente l’uso di variabili d'ambiente per attivare i terminali anziché inviare comandi di attivazione.","python.experiments.pythonTestAdapter.description":"Indica l'esperimento dell'adattatore di test Python.","python.formatting.autopep8Args.deprecationMessage":"Questa impostazione sarà presto deprecata. Usa l'estensione Autopep8. Per altre informazioni, vedi qui: https://aka.ms/AAlgvkb.","python.formatting.autopep8Args.description":"Argomenti passati. Ogni argomento è un elemento separato nella matrice.","python.formatting.autopep8Args.markdownDeprecationMessage":"Questa impostazione sarà presto deprecata. Usa l’[estensione Autopep8](https://marketplace.visualstudio.com/items?itemName=ms-python.autopep8). <br>Altre informazioni [here](https://aka.ms/AAlgvkb).","python.formatting.autopep8Path.deprecationMessage":"Questa impostazione sarà presto deprecata. Usa l'estensione Autopep8. Per altre informazioni, vedi qui: https://aka.ms/AAlgvkb.","python.formatting.autopep8Path.description":"Percorso di autopep8. È possibile usare una versione personalizzata di autopep8 modificando questa impostazione in modo da includere il percorso completo.","python.formatting.autopep8Path.markdownDeprecationMessage":"Questa impostazione sarà presto deprecata. Usa l’[estensione Autopep8](https://marketplace.visualstudio.com/items?itemName=ms-python.autopep8). <br>Altre informazioni [here](https://aka.ms/AAlgvkb).","python.formatting.blackArgs.deprecationMessage":"Questa impostazione sarà presto deprecata. Usa l'estensione Black Formatter. Per altre informazioni, vedere qui: https://aka.ms/AAlgvkb.","python.formatting.blackArgs.description":"Argomenti passati. Ogni argomento è un elemento separato nella matrice.","python.formatting.blackArgs.markdownDeprecationMessage":"Questa impostazione verrà presto deprecata. Usa l'[estensione Black Formatter](https://marketplace.visualstudio.com/items?itemName=ms-python.black-formatter). <br> Altre informazioni [qui](https://aka.ms/AAlgvkb).","python.formatting.blackPath.deprecationMessage":"Questa impostazione sarà presto deprecata. Usa l'estensione Black Formatter. Per altre informazioni, vedere qui: https://aka.ms/AAlgvkb.","python.formatting.blackPath.description":"Percorso nero. È possibile usare una versione personalizzata del nero modificando questa impostazione in modo da includere il percorso completo.","python.formatting.blackPath.markdownDeprecationMessage":"Questa impostazione verrà presto deprecata. Usa l'[estensione Black Formatter](https://marketplace.visualstudio.com/items?itemName=ms-python.black-formatter). <br> Altre informazioni [qui](https://aka.ms/AAlgvkb).","python.formatting.provider.deprecationMessage":"Questa impostazione sarà presto deprecata. Usare l'estensione Autopep8 o Black Formatter. Per altre informazioni, vedere qui: https://aka.ms/AAlgvkb.","python.formatting.provider.description":"Provider per la formattazione. Le opzioni possibili includono 'autopep8', 'black' e 'yapf'.","python.formatting.provider.markdownDeprecationMessage":"Questa impostazione sarà presto deprecata. Usa [Autopep8 extension](https://marketplace.visualstudio.com/items?itemName=ms-python.autopep8) o [Black Formatter extension](https://marketplace.visualstudio.com/items?itemName=ms-python.black-formatter). <br>Altre informazioni [qui](https://aka.ms/AAlgvkb).","python.formatting.yapfArgs.deprecationMessage":"Il supporto di Yapf sarà presto deprecato. Altre informazioni sono disponibili qui: https://aka.ms/AAlgvkb.","python.formatting.yapfArgs.description":"Argomenti passati. Ogni argomento è un elemento separato nella matrice.","python.formatting.yapfArgs.markdownDeprecationMessage":"Il supporto di Yapf sarà presto deprecato. Altre informazioni sono disponibili [qui](https://aka.ms/AAlgvkb).","python.formatting.yapfPath.deprecationMessage":"Il supporto di Yapf sarà presto deprecato. Altre informazioni sono disponibili qui: https://aka.ms/AAlgvkb.","python.formatting.yapfPath.description":"Percorso di yapf. È possibile usare una versione personalizzata di yapf modificando questa impostazione in modo da includere il percorso completo.","python.formatting.yapfPath.markdownDeprecationMessage":"Yapf support will soon be deprecated. <br>Learn more [here](https://aka.ms/AAlgvkb).","python.globalModuleInstallation.description":"Indica se installare i moduli Python a livello globale quando non si usa un ambiente.","python.interpreter.infoVisibility.always.description":"Visualizza sempre le informazioni.","python.interpreter.infoVisibility.description":"Controlla quando visualizzare le informazioni dell'interprete selezionato nella barra di stato.","python.interpreter.infoVisibility.never.description":"Non visualizzare mai le informazioni.","python.interpreter.infoVisibility.onPythonRelated.description":"Visualizza informazioni solo se vengono aperti file correlati a Python.","python.languageServer.defaultDescription":"Seleziona automaticamente un server di lingua: Pylance se installato e disponibile; in caso contrario, eseguire il fallback a Jedi.","python.languageServer.description":"Definisce il tipo del server di linguaggio.","python.languageServer.jediDescription":"Usare Jedi dietro Il protocollo LSP (Language Server Protocol) come server di linguaggio.","python.languageServer.noneDescription":"Disabilita le funzionalità del server di linguaggio.","python.languageServer.pylanceDescription":"Usare Pylance come server di linguaggio.","python.linting.banditArgs.deprecationMessage":"Il supporto di Bandit sarà presto deprecato. Altre informazioni sono disponibili qui: https://aka.ms/AAlgvkb.","python.linting.banditArgs.description":"Argomenti passati. Ogni argomento è un elemento separato nella matrice.","python.linting.banditArgs.markdownDeprecationMessage":"Il supporto di Bandit sarà presto deprecato. Altre informazioni sono disponibili [qui](https://aka.ms/AAlgvkb).","python.linting.banditEnabled.deprecationMessage":"Il supporto di Bandit sarà presto deprecato. Altre informazioni sono disponibili qui: https://aka.ms/AAlgvkb.","python.linting.banditEnabled.description":"Indica se eseguire il lint dei file Python usando il bandito.","python.linting.banditEnabled.markdownDeprecationMessage":"Il supporto di Bandit sarà presto deprecato. Altre informazioni sono disponibili [qui](https://aka.ms/AAlgvkb).","python.linting.banditPath.deprecationMessage":"Il supporto di Bandit sarà presto deprecato. Altre informazioni sono disponibili qui: https://aka.ms/AAlgvkb.","python.linting.banditPath.description":"Percorso del bandire, è possibile usare una versione personalizzata di quest'ultima modificando questa impostazione in modo da includere il percorso completo.","python.linting.banditPath.markdownDeprecationMessage":"Il supporto di Bandit sarà presto deprecato. Altre informazioni sono disponibili [qui](https://aka.ms/AAlgvkb).","python.linting.cwd.deprecationMessage":"Questa impostazione sarà presto deprecata. Per altre informazioni, vedi qui: https://aka.ms/AAlgvkb.","python.linting.cwd.description":"Directory di lavoro facoltativa per linter.","python.linting.cwd.markdownDeprecationMessage":"Questa impostazione sarà presto deprecata. Per altre informazioni, vedere [qui](https://aka.ms/AAlgvkb).","python.linting.enabled.deprecationMessage":"Questa impostazione sarà presto deprecata. Per altre informazioni, vedere qui: https://aka.ms/AAlgvkb.","python.linting.enabled.description":"Indica se eseguire il lint dei file Python.","python.linting.enabled.markdownDeprecationMessage":"Questa impostazione sarà presto deprecata. Per altre informazioni, vedere [qui](https://aka.ms/AAlgvkb).","python.linting.flake8Args.deprecationMessage":"Questa impostazione sarà presto deprecata. Usa l'estensione Flake8. Per altre informazioni, vedi qui: https://aka.ms/AAlgvkb.","python.linting.flake8Args.description":"Argomenti passati. Ogni argomento è un elemento separato nella matrice.","python.linting.flake8Args.markdownDeprecationMessage":"Questa impostazione sarà presto deprecata. Usa l’ [estensione Flake8](https://marketplace.visualstudio.com/items?itemName=ms-python.flake8). <br>Altre informazioni [here](https://aka.ms/AAlgvkb).","python.linting.flake8CategorySeverity.E.deprecationMessage":"Questa impostazione sarà presto deprecata. Usa l'estensione Flake8. Per altre informazioni, vedi qui: https://aka.ms/AAlgvkb.","python.linting.flake8CategorySeverity.E.description":"Gravità del tipo di messaggio \"E\" di tipo Flake8.","python.linting.flake8CategorySeverity.E.markdownDeprecationMessage":"Questa impostazione sarà presto deprecata. Usa l’ [estensione Flake8](https://marketplace.visualstudio.com/items?itemName=ms-python.flake8). <br>Altre informazioni [here](https://aka.ms/AAlgvkb).","python.linting.flake8CategorySeverity.F.deprecationMessage":"Questa impostazione sarà presto deprecata. Usa l'estensione Flake8. Per altre informazioni, vedi qui: https://aka.ms/AAlgvkb.","python.linting.flake8CategorySeverity.F.description":"Gravità del tipo di messaggio \"F\" di tipo Flake8.","python.linting.flake8CategorySeverity.F.markdownDeprecationMessage":"Questa impostazione sarà presto deprecata. Usa l’ [estensione Flake8](https://marketplace.visualstudio.com/items?itemName=ms-python.flake8). <br>Altre informazioni [here](https://aka.ms/AAlgvkb).","python.linting.flake8CategorySeverity.W.deprecationMessage":"Questa impostazione sarà presto deprecata. Usa l'estensione Flake8. Per altre informazioni, vedi qui: https://aka.ms/AAlgvkb.","python.linting.flake8CategorySeverity.W.description":"Gravità del tipo di messaggio \"W\" di tipo Flake8.","python.linting.flake8CategorySeverity.W.markdownDeprecationMessage":"Questa impostazione sarà presto deprecata. Usa l’ [estensione Flake8](https://marketplace.visualstudio.com/items?itemName=ms-python.flake8). <br>Altre informazioni [here](https://aka.ms/AAlgvkb).","python.linting.flake8Enabled.deprecationMessage":"Questa impostazione sarà presto deprecata. Usa l'estensione Flake8. Per altre informazioni, vedi qui: https://aka.ms/AAlgvkb.","python.linting.flake8Enabled.description":"Indica se eseguire il lint dei file Python usando flake8.","python.linting.flake8Enabled.markdownDeprecationMessage":"Questa impostazione sarà presto deprecata. Usa l’ [estensione Flake8](https://marketplace.visualstudio.com/items?itemName=ms-python.flake8). <br>Altre informazioni [here](https://aka.ms/AAlgvkb).","python.linting.flake8Path.deprecationMessage":"Questa impostazione sarà presto deprecata. Usa l'estensione Flake8. Per altre informazioni, vedi qui: https://aka.ms/AAlgvkb.","python.linting.flake8Path.description":"Percorso di flake8. È possibile usare una versione personalizzata di flake8 modificando questa impostazione in modo da includere il percorso completo.","python.linting.flake8Path.markdownDeprecationMessage":"Questa impostazione sarà presto deprecata. Usa l’ [estensione Flake8](https://marketplace.visualstudio.com/items?itemName=ms-python.flake8). <br>Altre informazioni [here](https://aka.ms/AAlgvkb).","python.linting.ignorePatterns.deprecationMessage":"Questa impostazione sarà presto deprecata. Per altre informazioni, vedi qui: https://aka.ms/AAlgvkb.","python.linting.ignorePatterns.description":"Modelli usati per escludere i file o le cartelle dal linted.","python.linting.ignorePatterns.markdownDeprecationMessage":"Questa impostazione sarà presto deprecata. Per altre informazioni, vedere [qui](https://aka.ms/AAlgvkb).","python.linting.lintOnSave.deprecationMessage":"Questa impostazione sarà presto deprecata. Per altre informazioni, vedi qui: https://aka.ms/AAlgvkb.","python.linting.lintOnSave.description":"Indica se eseguire il lint dei file Python quando vengono salvati.","python.linting.lintOnSave.markdownDeprecationMessage":"Questa impostazione sarà presto deprecata. Per altre informazioni, vedere [qui](https://aka.ms/AAlgvkb).","python.linting.maxNumberOfProblems.deprecationMessage":"Questa impostazione sarà presto deprecata. Per altre informazioni, vedi qui: https://aka.ms/AAlgvkb.","python.linting.maxNumberOfProblems.description":"Controlla il numero massimo di problemi generati dal server.","python.linting.maxNumberOfProblems.markdownDeprecationMessage":"Questa impostazione sarà presto deprecata. Per altre informazioni, vedere [qui](https://aka.ms/AAlgvkb).","python.linting.mypyArgs.deprecationMessage":"Questa impostazione sarà presto deprecata. Usa l'estensione Mypy Type Checker. Per altre informazioni, vedi qui: https://aka.ms/AAlgvkb.","python.linting.mypyArgs.description":"Argomenti passati. Ogni argomento è un elemento separato nella matrice.","python.linting.mypyArgs.markdownDeprecationMessage":"Questa impostazione verrà presto deprecata. Usa l'[estensione Mypy Type Checker](https://marketplace.visualstudio.com/items?itemName=ms-python.mypy-type-checker). <br> Altre informazioni [qui](https://aka.ms/AAlgvkb).","python.linting.mypyCategorySeverity.error.deprecationMessage":"Questa impostazione sarà presto deprecata. Usa l'estensione Mypy Type Checker. Per altre informazioni, vedi qui: https://aka.ms/AAlgvkb.","python.linting.mypyCategorySeverity.error.description":"Gravità del tipo di messaggio Mypy 'Error'.","python.linting.mypyCategorySeverity.error.markdownDeprecationMessage":"Questa impostazione verrà presto deprecata. Usa l'[estensione Mypy Type Checker](https://marketplace.visualstudio.com/items?itemName=ms-python.mypy-type-checker). <br> Altre informazioni [qui](https://aka.ms/AAlgvkb).","python.linting.mypyCategorySeverity.note.deprecationMessage":"Questa impostazione sarà presto deprecata. Usa l'estensione Mypy Type Checker. Per altre informazioni, vedi qui: https://aka.ms/AAlgvkb.","python.linting.mypyCategorySeverity.note.description":"Gravità del tipo di messaggio Mypy 'Nota'.","python.linting.mypyCategorySeverity.note.markdownDeprecationMessage":"Questa impostazione verrà presto deprecata. Usa l'[estensione Mypy Type Checker](https://marketplace.visualstudio.com/items?itemName=ms-python.mypy-type-checker). <br> Altre informazioni [qui](https://aka.ms/AAlgvkb).","python.linting.mypyEnabled.deprecationMessage":"Questa impostazione sarà presto deprecata. Usa l'estensione Mypy Type Checker. Per altre informazioni, vedi qui: https://aka.ms/AAlgvkb.","python.linting.mypyEnabled.description":"Indica se eseguire il lint dei file Python usando mypy.","python.linting.mypyEnabled.markdownDeprecationMessage":"Questa impostazione verrà presto deprecata. Usa l'[estensione Mypy Type Checker](https://marketplace.visualstudio.com/items?itemName=ms-python.mypy-type-checker). <br> Altre informazioni [qui](https://aka.ms/AAlgvkb).","python.linting.mypyPath.deprecationMessage":"Questa impostazione sarà presto deprecata. Usa l'estensione Mypy Type Checker. Per altre informazioni, vedi qui: https://aka.ms/AAlgvkb.","python.linting.mypyPath.description":"Percorso di mypy. È possibile usare una versione personalizzata di mypy modificando questa impostazione in modo da includere il percorso completo.","python.linting.mypyPath.markdownDeprecationMessage":"Questa impostazione verrà presto deprecata. Usa l'[estensione Mypy Type Checker](https://marketplace.visualstudio.com/items?itemName=ms-python.mypy-type-checker). <br> Altre informazioni [qui](https://aka.ms/AAlgvkb).","python.linting.prospectorArgs.deprecationMessage":"Il supporto di Prospector sarà presto deprecato. Altre informazioni sono disponibili qui: https://aka.ms/AAlgvkb.","python.linting.prospectorArgs.description":"Argomenti passati. Ogni argomento è un elemento separato nella matrice.","python.linting.prospectorArgs.markdownDeprecationMessage":"Il supporto di Prospector sarà presto deprecato. Altre informazioni sono disponibili [qui](https://aka.ms/AAlgvkb).","python.linting.prospectorEnabled.deprecationMessage":"Il supporto di Prospector sarà presto deprecato. Altre informazioni sono disponibili qui: https://aka.ms/AAlgvkb.","python.linting.prospectorEnabled.description":"Indica se eseguire il lint dei file Python usando il richiedente.","python.linting.prospectorEnabled.markdownDeprecationMessage":"Il supporto di Prospector sarà presto deprecato. Altre informazioni sono disponibili [qui](https://aka.ms/AAlgvkb).","python.linting.prospectorPath.deprecationMessage":"Il supporto di Prospector sarà presto deprecato. Altre informazioni sono disponibili qui: https://aka.ms/AAlgvkb.","python.linting.prospectorPath.description":"Percorso del richiedente, è possibile usare una versione personalizzata del richiedente modificando questa impostazione in modo da includere il percorso completo.","python.linting.prospectorPath.markdownDeprecationMessage":"Il supporto di Prospector sarà presto deprecato. Altre informazioni sono disponibili [qui](https://aka.ms/AAlgvkb).","python.linting.pycodestyleArgs.deprecationMessage":"Il supporto di Pycodestyle sarà presto deprecato. Altre informazioni sono disponibili qui: https://aka.ms/AAlgvkb.","python.linting.pycodestyleArgs.description":"Argomenti passati. Ogni argomento è un elemento separato nella matrice.","python.linting.pycodestyleArgs.markdownDeprecationMessage":"Il supporto di Pycodestyle sarà presto deprecato. Altre informazioni sono disponibili [qui](https://aka.ms/AAlgvkb).","python.linting.pycodestyleCategorySeverity.E.deprecationMessage":"Il supporto di Pycodestyle sarà presto deprecato. Altre informazioni sono disponibili qui: https://aka.ms/AAlgvkb.","python.linting.pycodestyleCategorySeverity.E.description":"Gravità del tipo di messaggio pycodestyle 'E'.","python.linting.pycodestyleCategorySeverity.E.markdownDeprecationMessage":"Il supporto di Pycodestyle sarà presto deprecato. Altre informazioni sono disponibili [qui](https://aka.ms/AAlgvkb).","python.linting.pycodestyleCategorySeverity.W.deprecationMessage":"Il supporto di Pycodestyle sarà presto deprecato. Altre informazioni sono disponibili qui: https://aka.ms/AAlgvkb.","python.linting.pycodestyleCategorySeverity.W.description":"Gravità del tipo di messaggio pycodestyle 'W'.","python.linting.pycodestyleCategorySeverity.W.markdownDeprecationMessage":"Il supporto di Pycodestyle sarà presto deprecato. Altre informazioni sono disponibili [qui](https://aka.ms/AAlgvkb).","python.linting.pycodestyleEnabled.deprecationMessage":"Il supporto di Pycodestyle sarà presto deprecato. Altre informazioni sono disponibili qui: https://aka.ms/AAlgvkb.","python.linting.pycodestyleEnabled.description":"Indica se eseguire il lint dei file Python usando pycodestyle.","python.linting.pycodestyleEnabled.markdownDeprecationMessage":"Il supporto di Pycodestyle sarà presto deprecato. Altre informazioni sono disponibili [qui](https://aka.ms/AAlgvkb).","python.linting.pycodestylePath.deprecationMessage":"Il supporto di Pycodestyle sarà presto deprecato. Altre informazioni sono disponibili qui: https://aka.ms/AAlgvkb.","python.linting.pycodestylePath.description":"Percorso di pycodestyle. È possibile usare una versione personalizzata di pycodestyle modificando questa impostazione in modo da includere il percorso completo.","python.linting.pycodestylePath.markdownDeprecationMessage":"Il supporto di Pycodestyle sarà presto deprecato. Altre informazioni sono disponibili [qui](https://aka.ms/AAlgvkb).","python.linting.pydocstyleArgs.deprecationMessage":"Il supporto di Pycodestyle sarà presto deprecato. Altre informazioni sono disponibili qui: https://aka.ms/AAlgvkb.","python.linting.pydocstyleArgs.description":"Argomenti passati. Ogni argomento è un elemento separato nella matrice.","python.linting.pydocstyleArgs.markdownDeprecationMessage":"Il supporto di Pycodestyle sarà presto deprecato. Altre informazioni sono disponibili [qui](https://aka.ms/AAlgvkb).","python.linting.pydocstyleEnabled.deprecationMessage":"Il supporto di Pycodestyle sarà presto deprecato. Altre informazioni sono disponibili qui: https://aka.ms/AAlgvkb.","python.linting.pydocstyleEnabled.description":"Indica se eseguire il lint dei file Python usando pydocstyle.","python.linting.pydocstyleEnabled.markdownDeprecationMessage":"Il supporto di Pycodestyle sarà presto deprecato. Altre informazioni sono disponibili [qui](https://aka.ms/AAlgvkb).","python.linting.pydocstylePath.deprecationMessage":"Il supporto di Pycodestyle sarà presto deprecato. Altre informazioni sono disponibili qui: https://aka.ms/AAlgvkb.","python.linting.pydocstylePath.description":"Percorso di pydocstyle. È possibile usare una versione personalizzata di pydocstyle modificando questa impostazione in modo da includere il percorso completo.","python.linting.pydocstylePath.markdownDeprecationMessage":"Il supporto di Pycodestyle sarà presto deprecato. Altre informazioni sono disponibili [qui](https://aka.ms/AAlgvkb).","python.linting.pylamaArgs.deprecationMessage":"Il supporto di Pylama sarà presto deprecato. Altre informazioni sono disponibili qui: https://aka.ms/AAlgvkb.","python.linting.pylamaArgs.description":"Argomenti passati. Ogni argomento è un elemento separato nella matrice.","python.linting.pylamaArgs.markdownDeprecationMessage":"Il supporto di Pylama sarà presto deprecato. Altre informazioni sono disponibili [qui](https://aka.ms/AAlgvkb)","python.linting.pylamaEnabled.deprecationMessage":"Il supporto di Pylama sarà presto deprecato. Altre informazioni sono disponibili qui: https://aka.ms/AAlgvkb.","python.linting.pylamaEnabled.description":"Indica se eseguire il lint dei file Python usando il pylama.","python.linting.pylamaEnabled.markdownDeprecationMessage":"Il supporto di Pylama sarà presto deprecato. Altre informazioni sono disponibili [qui](https://aka.ms/AAlgvkb)","python.linting.pylamaPath.deprecationMessage":"Il supporto di Pylama sarà presto deprecato. Altre informazioni sono disponibili qui: https://aka.ms/AAlgvkb.","python.linting.pylamaPath.description":"Percorso del pylama. È possibile usare una versione personalizzata di pylama modificando questa impostazione in modo da includere il percorso completo.","python.linting.pylamaPath.markdownDeprecationMessage":"Il supporto di Pylama sarà presto deprecato. Altre informazioni sono disponibili [qui](https://aka.ms/AAlgvkb)","python.linting.pylintArgs.deprecationMessage":"Questa impostazione sarà presto deprecata. Usa l'estensione Pylint. Per altre informazioni, vedere qui: https://aka.ms/AAlgvkb.","python.linting.pylintArgs.description":"Argomenti passati. Ogni argomento è un elemento separato nella matrice.","python.linting.pylintArgs.markdownDeprecationMessage":"Questa impostazione sarà presto deprecata. Usa l’[estensione Pylint](https://marketplace.visualstudio.com/items?itemName=ms-python.pylint). <br>Altre informazioni [qui](https://aka.ms/AAlgvkb).","python.linting.pylintCategorySeverity.convention.deprecationMessage":"Questa impostazione sarà presto deprecata. Usa l'estensione Pylint. Per altre informazioni, vedere qui: https://aka.ms/AAlgvkb.","python.linting.pylintCategorySeverity.convention.description":"Gravità del tipo di messaggio Pylint 'Convention/C'.","python.linting.pylintCategorySeverity.convention.markdownDeprecationMessage":"Questa impostazione sarà presto deprecata. Usa l’[estensione Pylint](https://marketplace.visualstudio.com/items?itemName=ms-python.pylint). <br>Altre informazioni [qui](https://aka.ms/AAlgvkb).","python.linting.pylintCategorySeverity.error.deprecationMessage":"Questa impostazione sarà presto deprecata. Usa l'estensione Pylint. Per altre informazioni, vedere qui: https://aka.ms/AAlgvkb.","python.linting.pylintCategorySeverity.error.description":"Gravità del tipo di messaggio Pylint 'Error/E'.","python.linting.pylintCategorySeverity.error.markdownDeprecationMessage":"Questa impostazione sarà presto deprecata. Usa l’[estensione Pylint](https://marketplace.visualstudio.com/items?itemName=ms-python.pylint). <br>Altre informazioni [qui](https://aka.ms/AAlgvkb).","python.linting.pylintCategorySeverity.fatal.deprecationMessage":"Questa impostazione sarà presto deprecata. Usa l'estensione Pylint. Per altre informazioni, vedere qui: https://aka.ms/AAlgvkb.","python.linting.pylintCategorySeverity.fatal.description":"Gravità del tipo di messaggio Pylint 'Error/F'.","python.linting.pylintCategorySeverity.fatal.markdownDeprecationMessage":"Questa impostazione sarà presto deprecata. Usa l’[estensione Pylint](https://marketplace.visualstudio.com/items?itemName=ms-python.pylint). <br>Altre informazioni [qui](https://aka.ms/AAlgvkb).","python.linting.pylintCategorySeverity.refactor.deprecationMessage":"Questa impostazione sarà presto deprecata. Usa l'estensione Pylint. Per altre informazioni, vedere qui: https://aka.ms/AAlgvkb.","python.linting.pylintCategorySeverity.refactor.description":"Gravità del tipo di messaggio Pylint 'Refactor/R'.","python.linting.pylintCategorySeverity.refactor.markdownDeprecationMessage":"Questa impostazione sarà presto deprecata. Usa l’[estensione Pylint](https://marketplace.visualstudio.com/items?itemName=ms-python.pylint). <br>Altre informazioni [qui](https://aka.ms/AAlgvkb).","python.linting.pylintCategorySeverity.warning.deprecationMessage":"Questa impostazione sarà presto deprecata. Usa l'estensione Pylint. Per altre informazioni, vedere qui: https://aka.ms/AAlgvkb.","python.linting.pylintCategorySeverity.warning.description":"Gravità del tipo di messaggio Pylint 'Warning/W'.","python.linting.pylintCategorySeverity.warning.markdownDeprecationMessage":"Questa impostazione sarà presto deprecata. Usa l’[estensione Pylint](https://marketplace.visualstudio.com/items?itemName=ms-python.pylint). <br>Altre informazioni [qui](https://aka.ms/AAlgvkb).","python.linting.pylintEnabled.deprecationMessage":"Questa impostazione sarà presto deprecata. Usa l'estensione Pylint. Per altre informazioni, vedere qui: https://aka.ms/AAlgvkb.","python.linting.pylintEnabled.description":"Indica se eseguire il lint dei file Python usando pylint.","python.linting.pylintEnabled.markdownDeprecationMessage":"Questa impostazione sarà presto deprecata. Usa l’[estensione Pylint](https://marketplace.visualstudio.com/items?itemName=ms-python.pylint). <br>Altre informazioni [qui](https://aka.ms/AAlgvkb).","python.linting.pylintPath.deprecationMessage":"Questa impostazione sarà presto deprecata. Usa l'estensione Pylint. Per altre informazioni, vedere qui: https://aka.ms/AAlgvkb.","python.linting.pylintPath.description":"Percorso di Pylint. È possibile usare una versione personalizzata di pylint modificando questa impostazione in modo da includere il percorso completo.","python.linting.pylintPath.markdownDeprecationMessage":"Questa impostazione sarà presto deprecata. Usa l’[estensione Pylint](https://marketplace.visualstudio.com/items?itemName=ms-python.pylint). <br>Altre informazioni [qui](https://aka.ms/AAlgvkb).","python.logging.level.deprecation":"Questa impostazione è deprecata. Usare il comando 'Developer: Set Log Level...' per impostare il livello di registrazione.","python.logging.level.description":"Livello di registrazione a cui l'estensione registra, per impostazione predefinita 'error'","python.menu.createNewFile.title":"File Python","python.missingPackage.severity.description":"Imposta la gravità dei pacchetti mancanti in requirements.txt o pyproject.toml","python.pipenvPath.description":"Percorso del file eseguibile pipenv da usare per l'attivazione.","python.poetryPath.description":"Percorso dell'eseguibile anomalo.","python.sortImports.args.deprecationMessage":"Questa impostazione verrà rimossa a breve. In alternativa, usare 'isort.args'.","python.sortImports.args.description":"Argomenti passati. Ogni argomento è un elemento separato nella matrice.","python.sortImports.path.deprecationMessage":"Questa impostazione verrà rimossa a breve. In alternativa, usare 'isort.path'.","python.sortImports.path.description":"Percorso dello script isort, impostazione predefinita con la versione interna","python.tensorBoard.logDirectory.description":"Impostare questa impostazione sulla directory di log di TensorBoard preferita per ignorare la richiesta della directory di log all'avvio di TensorBoard.","python.terminal.activateEnvInCurrentTerminal.description":"Attiva l'ambiente Python nel terminale corrente al caricamento dell'estensione.","python.terminal.activateEnvironment.description":"Attivare l'ambiente Python in tutti i terminali creati.","python.terminal.executeInFileDir.description":"Quando si esegue un file nel terminale, se usare eseguirlo nella directory del file anziché nella cartella aperta corrente.","python.terminal.focusAfterLaunch.description":"Quando si avvia un terminale Python, indica se spostare il cursore sul terminale.","python.terminal.launchArgs.description":"Argomenti di avvio Python da usare durante l'esecuzione di un file nel terminale.","python.testing.autoTestDiscoverOnSaveEnabled.description":"Abilitare l'individuazione dei test di esecuzione automatica quando si salva un file di test.","python.testing.cwd.description":"Directory di lavoro facoltativa per i test.","python.testing.debugPort.description":"Numero di porta utilizzato per il debug dei test.","python.testing.promptToConfigure.description":"Richiedi di configurare un framework di test se vengono individuate directory di test potenziali.","python.testing.pytestArgs.description":"Argomenti passati. Ogni argomento è un elemento separato nella matrice.","python.testing.pytestEnabled.description":"Abilitare il test con pytest.","python.testing.pytestPath.description":"Percorso di pytest (pytest), è possibile usare una versione personalizzata di pytest modificando questa impostazione in modo da includere il percorso completo.","python.testing.unittestArgs.description":"Argomenti passati. Ogni argomento è un elemento separato nella matrice.","python.testing.unittestEnabled.description":"Abilita il test usando unittest.","python.venvFolders.description":"Cartelle nella home directory da cercare per gli ambienti virtuali (supporta pyenv, direnv e virtualenvwrapper per impostazione predefinita).","python.venvPath.description":"Percorso della cartella con un elenco di ambienti virtuali, ad esempio ~/.pyenv, ~/Envs, ~/.virtualenvs.","walkthrough.pythonDataScienceWelcome.description":"I primi passaggi per iniziare a usare un progetto Data Science con Python.","walkthrough.pythonDataScienceWelcome.title":"Introduzione a Python per Data Science","walkthrough.pythonWelcome.description":"Primi passaggi per la configurazione di un progetto Python usando i potenti strumenti e le funzionalità che offre l'estensione Python.","walkthrough.pythonWelcome.title":"Introduzione allo sviluppo Python","walkthrough.step.python.createEnvironment.altText":"Creazione di un ambiente Python dal riquadro comandi","walkthrough.step.python.createEnvironment.description":"Creare un ambiente per il progetto Python.\r\n[Crea ambiente](command:python.createEnvironment)\r\n**Suggerimento**: eseguire il comando ''Python: Create Environment'' nel [riquadro comandi](command:workbench.action.showCommands).\r\n 🔍 Per altre informazioni, vedere [docs](https://aka.ms/pythonenvs).","walkthrough.step.python.createEnvironment.description2":"Crea un ambiente per il progetto Python o usa [Seleziona l'interprete Python](command:python.setInterpreter) per selezionare un ambiente esistente.\r\n [Crea ambiente] (comando:python.createEnvironment)\r\n **Suggerimento**: esegui il comando ''Python: crea ambiente'' nel [riquadro comandi](command:workbench.action.showCommands).","walkthrough.step.python.createEnvironment.title":"Creare un ambiente Python ","walkthrough.step.python.createEnvironment.title2":"Creare o selezionare un ambiente Python ","walkthrough.step.python.createNewNotebook.altText":"Creazione di un nuovo notebook su Jupyter","walkthrough.step.python.createNewNotebook.description":"Fare clic con il pulsante destro del mouse in Esplora file e creare un nuovo file con estensione ipynb. In alternativa, aprire il [Command Palette](command:workbench.action.showCommands) ed eseguire il comando \r\n''Crea: nuovo Blank Notebook''.\r\n[Crea nuovo Jupyter Notebook](command:toSide:jupyter.createnewnotebook)\r\n Se si dispone di un progetto esistente, è anche possibile [open a folder](command:workbench.action.files.openFolder) e/o clonare un progetto da GitHub: [clone a Git repository](command:git.clone).","walkthrough.step.python.createNewNotebook.title":"Creare o aprire un Jupyter Notebook","walkthrough.step.python.createPythonFile.altText":"Aprire un file Python o una cartella con un progetto Python.","walkthrough.step.python.createPythonFile.description":"[Apri](command:toSide:workbench.action.files.openFile) o [crea](command:toSide:workbench.action.files.newUntitledFile?%7B%22languageId%22%3A%22python%22%7D) un file Python. Assicurarsi di salvarlo come \".py\".\r\n [Crea file Python] (command:toSide:workbench.action.files.newUntitledFile?%7B%22languageId%22%3A%22python%22%7D)","walkthrough.step.python.createPythonFile.title":"Creare un file Python","walkthrough.step.python.createPythonFolder.description":"[Apri] (command:workbench.action.files.openFolder) o crea una cartella di progetto.\r\n [Apri cartella progetto] (command:workbench.action.files.openFolder)","walkthrough.step.python.createPythonFolder.title":"Aprire una cartella di progetto Python","walkthrough.step.python.dataScienceLearnMore.altText":"Immagine che rappresenta le risorse della pagina di documentazione e della lista di distribuzione.","walkthrough.step.python.dataScienceLearnMore.description":"📒 Esaminare l'[estensione Jupyter](command:workbench.extensions.search?\" ms-toolsai.jupyter\") cercando \"Jupyter\" nel [riquadro comandi](command:workbench.action.showCommands). \r\n 🏃🏻 Scopri altre funzionalità nelle nostre [esercitazioni](https://aka.ms/AAdjzpd).  \r\n[Altre informazioni](https://aka.ms/AAdar6q)","walkthrough.step.python.dataScienceLearnMore.title":"Altre informazioni","walkthrough.step.python.installJupyterExt.altText":"Creazione di un nuovo notebook su Jupyter","walkthrough.step.python.installJupyterExt.description":"Se non è già stato fatto, installare l’[eszxtensione Jupyter](command:workbench.extensions.search?\" ms-toolsai.jupyter\") per sfruttare al meglio le esperienze dei notebook in VS Code!\r\n \r\n[Cerca estensione Jupyter](command:workbench.extensions.search?\" ms-toolsai.jupyter\")","walkthrough.step.python.installJupyterExt.title":"Installare l'estensione Jupyter","walkthrough.step.python.installPythonLinux.description":"L'estensione Python richiede l'installazione di Python. Installare Python 3 tramite il terminale.\r\n[Installare Python via terminale](command:python.installPythonOnLinux)\r\n","walkthrough.step.python.installPythonLinux.title":"Installare Python","walkthrough.step.python.installPythonMac.description":"L'estensione Python richiede l'installazione di Python. Installare Python 3 tramite il terminale.\r\n[Installare Python via Brew](command:python.installPythonOnMac)\r\n","walkthrough.step.python.installPythonMac.title":"Installare Python","walkthrough.step.python.installPythonWin8.description":"L'estensione Python richiede l'installazione di Python. Installare Python [from python.org](https://www.python.org/downloads).\r\n\r\n[Installare Python](https://www.python.org/downloads)\r\n","walkthrough.step.python.installPythonWin8.title":"Installare Python","walkthrough.step.python.learnMoreWithDS.altText":"Immagine che rappresenta le risorse della pagina di documentazione e della lista di distribuzione.","walkthrough.step.python.learnMoreWithDS.description":"🎨 Esplorare tutte le funzionalità offerte dall'estensione Python cercando \"Python\" nel [riquadro comandi](command:workbench.action.showCommands). \r\n 📈 Altre informazioni su come iniziare a usare [data science](command:workbench.action.openWalkthrough?%7B%22category%22%3A%22ms-python.python%23pythonDataScienceWelcome%22%2C%22step%22%3A%22ms-python.python%23python.createNewNotebook%22%7D) in Python. \r\n ✨ Vedere le [Note sulla versione](https://aka.ms/AA8dxtb) per altre informazioni sulle funzionalità più recenti. \r\n \r\n[Altre informazioni](https://aka.ms/AA8dqti)","walkthrough.step.python.learnMoreWithDS.description2":"🎨 Esplora tutte le funzionalità offerte dall'estensione Python cercando \"Python\" nel [riquadro comandi](command:workbench.action.showCommands). \r\n 📈 Altre informazioni su come iniziare a usare [data science](command:workbench.action.openWalkthrough?%7B%22category%22%3A%22ms-python.python%23pythonDataScienceWelcome%22%2C%22step%22%3A%22ms-python.python%23python.createNewNotebook%22%7D) in Python. \r\n ✨ Dai un’occhiata alle [note sulla versione](https://aka.ms/AA8dxtb) per altre informazioni sulle funzionalità più recenti. \r\n \r\n [Segui l'esercitazione su Python](https://aka.ms/AA8dqti)","walkthrough.step.python.learnMoreWithDS.title":"Esplorare altre risorse","walkthrough.step.python.openInteractiveWindow.altText":"Apertura della finestra interattiva di Python","walkthrough.step.python.openInteractiveWindow.description":"La finestra interattiva di Python è una shell Python in cui è possibile eseguire e visualizzare i risultati del codice Python. È possibile creare celle in un file Python digitando ''#%%''.\r\n \r\nPer aprire la finestra interattiva in qualsiasi momento, aprire il [riquadro comandi](command:workbench.action.showCommands) ed eseguire il comando \r\n''Jupyter: Crea finestra interattiva''.\r\n[Apri finestra interattiva](command:jupyter.createnewinteractive)","walkthrough.step.python.openInteractiveWindow.title":"Aprire la finestra interattiva Python","walkthrough.step.python.runAndDebug.altText":"Come eseguire ed eseguire il debug in VS Code con F5 o il pulsante Riproduci in alto a destra.","walkthrough.step.python.runAndDebug.description":"Aprire il file Python e fare clic sul pulsante Riproduci nell'angolo superiore destro dell'editor oppure premere F5 nel file e selezionare \"File Python\" per l'esecuzione con il debugger. \r\n  \r\n[Altre informazioni](https://code.visualstudio.com/docs/python/python-tutorial#_run-hello-world)","walkthrough.step.python.runAndDebug.title":"Esegui con debug il file Python","walkthrough.step.python.selectInterpreter.altText":"Selezione di un interprete Python dalla barra di stato","walkthrough.step.python.selectInterpreter.description":"Scegliere l'interprete/ambiente Python da usare per il progetto Python.\r\n[Seleziona interprete Python](command:python.setInterpreter)\r\n**Suggerimento**: eseguire il comando ''Python: Select Interpreter'' nel [riquadro comandi](command:workbench.action.showCommands).","walkthrough.step.python.selectInterpreter.title":"Selezionare un interprete Python."}
