{"python.activeStateToolPath.description":"ActiveState çalışma zamanları için yürütülebilir Durum Aracına giden yol (sürüm 0.36+).","python.autoComplete.extraPaths.description":"Kitaplıkların ve otomatik tamamlama altyapısı tarafından içeri aktarılmaları gereken benzer yolların listesi. Örneğin, Google App SDK'sını kullanırken yollar sistem yolunda olmadığından bu listeye ekli olmaları gerekir.","python.command.python.analysis.restartLanguageServer.title":"Dil Sunucusunu Yeniden Başlat","python.command.python.clearCacheAndReload.title":"Önbelleği Temizleme ve Pencereyi Yeniden Yükleme","python.command.python.clearWorkspaceInterpreter.title":"Çalışma Alanı Yorumlayıcısı Ayarını Temizle","python.command.python.configureTests.title":"Testleri yapılandır","python.command.python.createEnvironment.title":"Ortam Oluşturun...","python.command.python.createNewFile.title":"Yeni Python Dosyası","python.command.python.createTerminal.title":"Terminal Oluştur","python.command.python.debugInTerminal.title":"Python Dosyasında Hata Ayıkla","python.command.python.enableLinting.title":"Linting'i Etkinleştir/Devre Dışı Bırak","python.command.python.enableSourceMapSupport.title":"Uzantı Hata Ayıklaması için Kaynak Eşlemesi Desteğini Etkinleştir","python.command.python.execInDedicatedTerminal.title":"Python Dosyasını Ayrılmış Terminalde Çalıştırma","python.command.python.execInTerminal.title":"Python Dosyasını Terminal'de Çalıştır","python.command.python.execInTerminalIcon.title":"Python Dosyasını Çalıştır","python.command.python.execSelectionInDjangoShell.title":"Django Kabuğunda Seçimi/Satırı Çalıştır","python.command.python.execSelectionInTerminal.title":"Seçimi/Satırı Python Terminali'nde Çalıştır","python.command.python.installJupyter.title":"Jupyter uzantısını Yükleme","python.command.python.launchTensorBoard.title":"TensorBoard’u başlat","python.command.python.refreshTensorBoard.title":"TensorBoard'u Yenile","python.command.python.reportIssue.title":"Sorun Bildir...","python.command.python.runLinting.title":"Linting’i Çalıştır","python.command.python.setInterpreter.title":"Yorumlayıcı Seç","python.command.python.setLinter.title":"Linter'ı Seçin","python.command.python.sortImports.title":"İçeri Aktarmaları Sırala","python.command.python.startREPL.title":"REPL'i Başlat","python.command.python.viewLanguageServerOutput.title":"Dil Sunucusu Çıktısını Göster","python.command.python.viewOutput.title":"Çıktıyı Göster","python.command.testing.rerunFailedTests.title":"Başarısız Testleri Yeniden Çalıştır","python.condaPath.description":"Etkinleştirme için kullanılacak conda yürütülebilir dosyasının yolu (sürüm 4.4+).","python.createEnvironment.contentButton.description":"'requirements.txt' veya diğer bağımlılık dosyaları için düzenleyicide Ortam Oluştur düğmesini gösterin veya gizleyin.","python.defaultInterpreterPath.description":"Uzantı ilk kez yüklenirken kullanılacak varsayılan Python yolu, çalışma alanı için bir yorumlayıcı seçildiğinde artık kullanılmaz. Bunun ne zaman kullanıldığını anlamak için [buraya](https://aka.ms/AAfekmf) bakın","python.diagnostics.sourceMapsEnabled.description":"Hata günlüklerindeki anlamlı yığın izlemeleri için kaynak eşlemesi desteğini etkinleştirin.","python.editor.context.submenu.runPython":"Python'u Çalıştır","python.editor.context.submenu.runPythonInteractive":"Python Etkileşimli Penceresi","python.envFile.description":"Ortam değişkeni tanımlarını içeren bir dosyanın mutlak yolu.","python.experiments.All.description":"Tüm deneylerin birleşik listesi.","python.experiments.enabled.description":"Python uzantısında A/B test denemelerini etkinleştirir. Etkin olduğunda, önerilen geliştirmelere ve/veya özelliklere dahil edilebilirsiniz.","python.experiments.optInto.description":"Kabul edilecek denemeler listesi. Boşsa, kullanıcıya varsayılan deneme grupları atanır. Daha fazla ayrıntı için [buraya](https://github.com/microsoft/vscode-python/wiki/AB-Experiments) bakın.","python.experiments.optOutFrom.description":"Devre dışı bırakılacak deneme listesi. Boşsa, kullanıcıya varsayılan deneme grupları atanır. Daha fazla ayrıntı için [buraya](https://github.com/microsoft/vscode-python/wiki/AB-Experiments) bakın.","python.experiments.pythonPromptNewToolsExt.description":"Python İstemi Yeni Araçlar Uzantısı denemesini belirtir.","python.experiments.pythonSurveyNotification.description":"Python Anket Bildirimi deneyini belirtir.","python.experiments.pythonTerminalEnvVarActivation.description":"Terminalleri etkinleştirmek için etkinleştirme komutları göndermek yerine ortam değişkenlerinin kullanılmasını sağlar.","python.experiments.pythonTestAdapter.description":"Python Test Bağdaştırıcısı denemesini gösterir.","python.formatting.autopep8Args.deprecationMessage":"Bu ayar yakında kullanımdan kaldırılacak. Lütfen Autopep8 uzantısını kullanın. Buradan daha fazla bilgi edinin: https://aka.ms/AAlgvkb.","python.formatting.autopep8Args.description":"Bağımsız değişkenler geçirildi. Her bağımsız değişken dizideki ayrı bir öğedir.","python.formatting.autopep8Args.markdownDeprecationMessage":"Bu ayar yakında kullanımdan kaldırılacak. Lütfen [Autopep8 uzantısını](https://marketplace.visualstudio.com/items?itemName=ms-python.autopep8) kullanın. <br>[Buradan](https://aka.ms/AAlgvkb) daha fazla bilgi edinin.","python.formatting.autopep8Path.deprecationMessage":"Bu ayar yakında kullanımdan kaldırılacak. Lütfen Autopep8 uzantısını kullanın. Buradan daha fazla bilgi edinin: https://aka.ms/AAlgvkb.","python.formatting.autopep8Path.description":"Autopep8 yolu. Bu ayarı tam yolu içerecek şekilde değiştirerek özel bir autopep8 sürümünü kullanabilirsiniz.","python.formatting.autopep8Path.markdownDeprecationMessage":"Bu ayar yakında kullanımdan kaldırılacak. Lütfen [Autopep8 uzantısını](https://marketplace.visualstudio.com/items?itemName=ms-python.autopep8) kullanın. <br>[Buradan](https://aka.ms/AAlgvkb) daha fazla bilgi edinin.","python.formatting.blackArgs.deprecationMessage":"Bu ayar yakında kullanımdan kaldırılacak. Lütfen Black Formatter uzantısını kullanın. Buradan daha fazla bilgi edinin: https://aka.ms/AAlgvkb.","python.formatting.blackArgs.description":"Bağımsız değişkenler geçirildi. Her bağımsız değişken dizideki ayrı bir öğedir.","python.formatting.blackArgs.markdownDeprecationMessage":"Bu ayar yakında kullanımdan kaldırılacak. Lütfen [Black Formatter uzantısını](https://marketplace.visualstudio.com/items?itemName=ms-python.black-formatter) kullanın. <br>[Buradan](https://aka.ms/AAlgvkb) daha fazla bilgi edinin.","python.formatting.blackPath.deprecationMessage":"Bu ayar yakında kullanımdan kaldırılacak. Lütfen Black Formatter uzantısını kullanın. Buradan daha fazla bilgi edinin: https://aka.ms/AAlgvkb.","python.formatting.blackPath.description":"Black yolu. Bu ayarı tam yolu içerecek şekilde değiştirerek özel bir Black sürümünü kullanabilirsiniz.","python.formatting.blackPath.markdownDeprecationMessage":"Bu ayar yakında kullanımdan kaldırılacak. Lütfen [Black Formatter uzantısını](https://marketplace.visualstudio.com/items?itemName=ms-python.black-formatter) kullanın. <br>[Buradan](https://aka.ms/AAlgvkb) daha fazla bilgi edinin.","python.formatting.provider.deprecationMessage":"Bu ayar yakında kullanımdan kaldırılacak. Lütfen Autopep8 uzantısını veya Black Formatter uzantısını kullanın. Buradan daha fazla bilgi edinin: https://aka.ms/AAlgvkb.","python.formatting.provider.description":"Biçimlendirme sağlayıcısı. Olası seçenekler şunlardır: 'autopep8', 'black' ve 'yapf'.","python.formatting.provider.markdownDeprecationMessage":"Bu ayar yakında kullanımdan kaldırılacak. Lütfen [Autopep8 uzantısını](https://marketplace.visualstudio.com/items?itemName=ms-python.autopep8) veya [Black Formatter uzantısını](https://marketplace.visualstudio.com/items?itemName=ms-python.black-formatter) kullanın. <br>[Buradan](https://aka.ms/AAlgvkb) daha fazla bilgi edinin.","python.formatting.yapfArgs.deprecationMessage":"Yapf desteği yakında kullanımdan kaldırılacak. Buradan daha fazla bilgi edinin: https://aka.ms/AAlgvkb.","python.formatting.yapfArgs.description":"Bağımsız değişkenler geçirildi. Her bağımsız değişken dizideki ayrı bir öğedir.","python.formatting.yapfArgs.markdownDeprecationMessage":"Yapf desteği yakında kullanımdan kaldırılacak. [Buradan](https://aka.ms/AAlgvkb) daha fazla bilgi edinin.","python.formatting.yapfPath.deprecationMessage":"Yapf desteği yakında kullanımdan kaldırılacak. Buradan daha fazla bilgi edinin: https://aka.ms/AAlgvkb.","python.formatting.yapfPath.description":"Yapf yolu. Bu ayarı tam yolu içerecek şekilde değiştirerek özel bir yapf sürümünü kullanabilirsiniz.","python.formatting.yapfPath.markdownDeprecationMessage":"Yapf desteği yakında kullanımdan kaldırılacak. <br>[Buradan](https://aka.ms/AAlgvkb) daha fazla bilgi edinin.","python.globalModuleInstallation.description":"Bir ortam kullanmıyorken Python modüllerinin genel ortamda yüklenip yüklenmeyeceğini belirtir.","python.interpreter.infoVisibility.always.description":"Bilgileri her zaman görüntüle.","python.interpreter.infoVisibility.description":"Seçili yorumlayıcının bilgilerinin ne zaman durum çubuğunda görüntüleneceğini denetler.","python.interpreter.infoVisibility.never.description":"Hiçbir zaman bilgi görüntüleme.","python.interpreter.infoVisibility.onPythonRelated.description":"Bilgileri yalnızca Python ile ilgili dosyalar açılırsa görüntüleyin.","python.languageServer.defaultDescription":"Otomatik olarak bir dil sunucusu seç: Yüklü ve kullanılabilirse Pylance, aksi takdirde Jedi'a geri dön.","python.languageServer.description":"Dil sunucusunun türünü belirtir.","python.languageServer.jediDescription":"Jedi'ı Dil Sunucusu Protokolü’nün (LSP) arkasında dil sunucusu olarak kullanın.","python.languageServer.noneDescription":"Dil sunucusu özelliklerini devre dışı bırak.","python.languageServer.pylanceDescription":"Dil sunucusu olarak Pylance kullanın.","python.linting.banditArgs.deprecationMessage":"Bandit desteği yakında kullanımdan kaldırılacak. Buradan daha fazla bilgi edinin: https://aka.ms/AAlgvkb.","python.linting.banditArgs.description":"Bağımsız değişkenler geçirildi. Her bağımsız değişken dizideki ayrı bir öğedir.","python.linting.banditArgs.markdownDeprecationMessage":"Bandit desteği yakında kullanımdan kaldırılacak. [Buradan](https://aka.ms/AAlgvkb) daha fazla bilgi edinin.","python.linting.banditEnabled.deprecationMessage":"Bandit desteği yakında kullanımdan kaldırılacak. Buradan daha fazla bilgi edinin: https://aka.ms/AAlgvkb.","python.linting.banditEnabled.description":"Python dosyalarına bandit kullanılarak lint işlemi uygulanıp uygulanmayacağını belirtir.","python.linting.banditEnabled.markdownDeprecationMessage":"Bandit desteği yakında kullanımdan kaldırılacak. [Buradan](https://aka.ms/AAlgvkb) daha fazla bilgi edinin.","python.linting.banditPath.deprecationMessage":"Bandit desteği yakında kullanımdan kaldırılacak. Buradan daha fazla bilgi edinin: https://aka.ms/AAlgvkb.","python.linting.banditPath.description":"Bandit yolu. Bu ayarı tam yolu içerecek şekilde değiştirerek özel bir bandit sürümünü kullanabilirsiniz.","python.linting.banditPath.markdownDeprecationMessage":"Bandit desteği yakında kullanımdan kaldırılacak. [Buradan](https://aka.ms/AAlgvkb) daha fazla bilgi edinin.","python.linting.cwd.deprecationMessage":"Bu ayar yakında kullanımdan kaldırılacak. Buradan daha fazla bilgi edinin: https://aka.ms/AAlgvkb.","python.linting.cwd.description":"Lint araçları için isteğe bağlı çalışma dizini.","python.linting.cwd.markdownDeprecationMessage":"Bu ayar yakında kullanımdan kaldırılacak. [Buradan](https://aka.ms/AAlgvkb) daha fazla bilgi edinin.","python.linting.enabled.deprecationMessage":"Bu ayar yakında kullanımdan kaldırılacak. Buradan daha fazla bilgi edinin: https://aka.ms/AAlgvkb.","python.linting.enabled.description":"Python dosyalarına lint işlemi uygulanıp uygulanmayacağını belirtir.","python.linting.enabled.markdownDeprecationMessage":"Bu ayar yakında kullanımdan kaldırılacak. [Buradan](https://aka.ms/AAlgvkb) daha fazla bilgi edinin.","python.linting.flake8Args.deprecationMessage":"Bu ayar yakında kullanımdan kaldırılacak. Lütfen Flake8 uzantısını kullanın. Buradan daha fazla bilgi edinin: https://aka.ms/AAlgvkb.","python.linting.flake8Args.description":"Bağımsız değişkenler geçirildi. Her bağımsız değişken dizideki ayrı bir öğedir.","python.linting.flake8Args.markdownDeprecationMessage":"Bu ayar yakında kullanımdan kaldırılacak. Lütfen [Flake8 uzantısını](https://marketplace.visualstudio.com/items?itemName=ms-python.flake8) kullanın. <br>[Buradan](https://aka.ms/AAlgvkb) daha fazla bilgi edinin.","python.linting.flake8CategorySeverity.E.deprecationMessage":"Bu ayar yakında kullanımdan kaldırılacak. Lütfen Flake8 uzantısını kullanın. Buradan daha fazla bilgi edinin: https://aka.ms/AAlgvkb.","python.linting.flake8CategorySeverity.E.description":"Flake8 ileti türü 'E'nin önem derecesi.","python.linting.flake8CategorySeverity.E.markdownDeprecationMessage":"Bu ayar yakında kullanımdan kaldırılacak. Lütfen [Flake8 uzantısını](https://marketplace.visualstudio.com/items?itemName=ms-python.flake8) kullanın. <br>[Buradan](https://aka.ms/AAlgvkb) daha fazla bilgi edinin.","python.linting.flake8CategorySeverity.F.deprecationMessage":"Bu ayar yakında kullanımdan kaldırılacak. Lütfen Flake8 uzantısını kullanın. Buradan daha fazla bilgi edinin: https://aka.ms/AAlgvkb.","python.linting.flake8CategorySeverity.F.description":"Flake8 ileti türü 'F'nin önem derecesi.","python.linting.flake8CategorySeverity.F.markdownDeprecationMessage":"Bu ayar yakında kullanımdan kaldırılacak. Lütfen [Flake8 uzantısını](https://marketplace.visualstudio.com/items?itemName=ms-python.flake8) kullanın. <br>[Buradan](https://aka.ms/AAlgvkb) daha fazla bilgi edinin.","python.linting.flake8CategorySeverity.W.deprecationMessage":"Bu ayar yakında kullanımdan kaldırılacak. Lütfen Flake8 uzantısını kullanın. Buradan daha fazla bilgi edinin: https://aka.ms/AAlgvkb.","python.linting.flake8CategorySeverity.W.description":"Flake8 ileti türü 'W'nin önem derecesi.","python.linting.flake8CategorySeverity.W.markdownDeprecationMessage":"Bu ayar yakında kullanımdan kaldırılacak. Lütfen [Flake8 uzantısını](https://marketplace.visualstudio.com/items?itemName=ms-python.flake8) kullanın. <br>[Buradan](https://aka.ms/AAlgvkb) daha fazla bilgi edinin.","python.linting.flake8Enabled.deprecationMessage":"Bu ayar yakında kullanımdan kaldırılacak. Lütfen Flake8 uzantısını kullanın. Buradan daha fazla bilgi edinin: https://aka.ms/AAlgvkb.","python.linting.flake8Enabled.description":"Python dosyalarına flake8 kullanılarak lint işlemi uygulanıp uygulanmayacağını belirtir.","python.linting.flake8Enabled.markdownDeprecationMessage":"Bu ayar yakında kullanımdan kaldırılacak. Lütfen [Flake8 uzantısını](https://marketplace.visualstudio.com/items?itemName=ms-python.flake8) kullanın. <br>[Buradan](https://aka.ms/AAlgvkb) daha fazla bilgi edinin.","python.linting.flake8Path.deprecationMessage":"Bu ayar yakında kullanımdan kaldırılacak. Lütfen Flake8 uzantısını kullanın. Buradan daha fazla bilgi edinin: https://aka.ms/AAlgvkb.","python.linting.flake8Path.description":"Flake8 yolu. Bu ayarı tam yolu içerecek şekilde değiştirerek özel bir flake8 sürümünü kullanabilirsiniz.","python.linting.flake8Path.markdownDeprecationMessage":"Bu ayar yakında kullanımdan kaldırılacak. Lütfen [Flake8 uzantısını](https://marketplace.visualstudio.com/items?itemName=ms-python.flake8) kullanın. <br>[Buradan](https://aka.ms/AAlgvkb) daha fazla bilgi edinin.","python.linting.ignorePatterns.deprecationMessage":"Bu ayar yakında kullanımdan kaldırılacak. Buradan daha fazla bilgi edinin: https://aka.ms/AAlgvkb.","python.linting.ignorePatterns.description":"Dosyaları veya klasörleri lint işlemi dışında tutan desenler.","python.linting.ignorePatterns.markdownDeprecationMessage":"Bu ayar yakında kullanımdan kaldırılacak. [Buradan](https://aka.ms/AAlgvkb) daha fazla bilgi edinin.","python.linting.lintOnSave.deprecationMessage":"Bu ayar yakında kullanımdan kaldırılacak. Buradan daha fazla bilgi edinin: https://aka.ms/AAlgvkb.","python.linting.lintOnSave.description":"Python dosyaları kaydedildiğinde lint işlemi uygulanıp uygulanmayacağını belirtir.","python.linting.lintOnSave.markdownDeprecationMessage":"Bu ayar yakında kullanımdan kaldırılacak. [Buradan](https://aka.ms/AAlgvkb) daha fazla bilgi edinin.","python.linting.maxNumberOfProblems.deprecationMessage":"Bu ayar yakında kullanımdan kaldırılacak. Buradan daha fazla bilgi edinin: https://aka.ms/AAlgvkb.","python.linting.maxNumberOfProblems.description":"Sunucu tarafından üretilen en fazla sorun sayısını kontrol eder.","python.linting.maxNumberOfProblems.markdownDeprecationMessage":"Bu ayar yakında kullanımdan kaldırılacak. [Buradan](https://aka.ms/AAlgvkb) daha fazla bilgi edinin.","python.linting.mypyArgs.deprecationMessage":"Bu ayar yakında kullanımdan kaldırılacak. Lütfen Mypy Type Checker uzantısını kullanın. Buradan daha fazla bilgi edinin: https://aka.ms/AAlgvkb.","python.linting.mypyArgs.description":"Bağımsız değişkenler geçirildi. Her bağımsız değişken dizideki ayrı bir öğedir.","python.linting.mypyArgs.markdownDeprecationMessage":"Bu ayar yakında kullanımdan kaldırılacak. Lütfen [Mypy Type Checker uzantısını](https://marketplace.visualstudio.com/items?itemName=ms-python.mypy-type-checker) kullanın. <br>[Buradan](https://aka.ms/AAlgvkb) daha fazla bilgi edinin.","python.linting.mypyCategorySeverity.error.deprecationMessage":"Bu ayar yakında kullanımdan kaldırılacak. Lütfen Mypy Type Checker uzantısını kullanın. Buradan daha fazla bilgi edinin: https://aka.ms/AAlgvkb.","python.linting.mypyCategorySeverity.error.description":"Mypy ileti türü 'Hata'nın önem derecesi.","python.linting.mypyCategorySeverity.error.markdownDeprecationMessage":"Bu ayar yakında kullanımdan kaldırılacak. Lütfen [Mypy Type Checker uzantısını](https://marketplace.visualstudio.com/items?itemName=ms-python.mypy-type-checker) kullanın. <br>[Buradan](https://aka.ms/AAlgvkb) daha fazla bilgi edinin.","python.linting.mypyCategorySeverity.note.deprecationMessage":"Bu ayar yakında kullanımdan kaldırılacak. Lütfen Mypy Type Checker uzantısını kullanın. Buradan daha fazla bilgi edinin: https://aka.ms/AAlgvkb.","python.linting.mypyCategorySeverity.note.description":"Mypy ileti türü 'Note'un önem derecesi.","python.linting.mypyCategorySeverity.note.markdownDeprecationMessage":"Bu ayar yakında kullanımdan kaldırılacak. Lütfen [Mypy Type Checker uzantısını](https://marketplace.visualstudio.com/items?itemName=ms-python.mypy-type-checker) kullanın. <br>[Buradan](https://aka.ms/AAlgvkb) daha fazla bilgi edinin.","python.linting.mypyEnabled.deprecationMessage":"Bu ayar yakında kullanımdan kaldırılacak. Lütfen Mypy Type Checker uzantısını kullanın. Buradan daha fazla bilgi edinin: https://aka.ms/AAlgvkb.","python.linting.mypyEnabled.description":"Python dosyalarına mypy kullanılarak lint işlemi uygulanıp uygulanmayacağını belirtir.","python.linting.mypyEnabled.markdownDeprecationMessage":"Bu ayar yakında kullanımdan kaldırılacak. Lütfen [Mypy Type Checker uzantısını](https://marketplace.visualstudio.com/items?itemName=ms-python.mypy-type-checker) kullanın. <br>[Buradan](https://aka.ms/AAlgvkb) daha fazla bilgi edinin.","python.linting.mypyPath.deprecationMessage":"Bu ayar yakında kullanımdan kaldırılacak. Lütfen Mypy Type Checker uzantısını kullanın. Buradan daha fazla bilgi edinin: https://aka.ms/AAlgvkb.","python.linting.mypyPath.description":"Mypy yolu. Bu ayarı tam yolu içerecek şekilde değiştirerek özel bir mypy sürümünü kullanabilirsiniz.","python.linting.mypyPath.markdownDeprecationMessage":"Bu ayar yakında kullanımdan kaldırılacak. Lütfen [Mypy Type Checker uzantısını](https://marketplace.visualstudio.com/items?itemName=ms-python.mypy-type-checker) kullanın. <br>[Buradan](https://aka.ms/AAlgvkb) daha fazla bilgi edinin.","python.linting.prospectorArgs.deprecationMessage":"Prospector desteği yakında kullanımdan kaldırılacak. Buradan daha fazla bilgi edinin: https://aka.ms/AAlgvkb.","python.linting.prospectorArgs.description":"Bağımsız değişkenler geçirildi. Her bağımsız değişken dizideki ayrı bir öğedir.","python.linting.prospectorArgs.markdownDeprecationMessage":"Prospector desteği yakında kullanımdan kaldırılacak. [Buradan](https://aka.ms/AAlgvkb) daha fazla bilgi edinin.","python.linting.prospectorEnabled.deprecationMessage":"Prospector desteği yakında kullanımdan kaldırılacak. Buradan daha fazla bilgi edinin: https://aka.ms/AAlgvkb.","python.linting.prospectorEnabled.description":"Python dosyalarına prospector kullanılarak lint işlemi uygulanıp uygulanmayacağını belirtir.","python.linting.prospectorEnabled.markdownDeprecationMessage":"Prospector desteği yakında kullanımdan kaldırılacak. [Buradan](https://aka.ms/AAlgvkb) daha fazla bilgi edinin.","python.linting.prospectorPath.deprecationMessage":"Prospector desteği yakında kullanımdan kaldırılacak. Buradan daha fazla bilgi edinin: https://aka.ms/AAlgvkb.","python.linting.prospectorPath.description":"Prospector yolu. Bu ayarı tam yolu içerecek şekilde değiştirerek özel bir prospector sürümünü kullanabilirsiniz.","python.linting.prospectorPath.markdownDeprecationMessage":"Prospector desteği yakında kullanımdan kaldırılacak. [Buradan](https://aka.ms/AAlgvkb) daha fazla bilgi edinin.","python.linting.pycodestyleArgs.deprecationMessage":"Pycodestyle desteği yakında kullanımdan kaldırılacak. Buradan daha fazla bilgi edinin: https://aka.ms/AAlgvkb.","python.linting.pycodestyleArgs.description":"Bağımsız değişkenler geçirildi. Her bağımsız değişken dizideki ayrı bir öğedir.","python.linting.pycodestyleArgs.markdownDeprecationMessage":"Pycodestyle desteği yakında kullanımdan kaldırılacak. [Buradan](https://aka.ms/AAlgvkb) daha fazla bilgi edinin.","python.linting.pycodestyleCategorySeverity.E.deprecationMessage":"Pycodestyle desteği yakında kullanımdan kaldırılacak. Buradan daha fazla bilgi edinin: https://aka.ms/AAlgvkb.","python.linting.pycodestyleCategorySeverity.E.description":"Pycodestyle ileti türü 'E'nin önem derecesi.","python.linting.pycodestyleCategorySeverity.E.markdownDeprecationMessage":"Pycodestyle desteği yakında kullanımdan kaldırılacak. [Buradan](https://aka.ms/AAlgvkb) daha fazla bilgi edinin.","python.linting.pycodestyleCategorySeverity.W.deprecationMessage":"Pycodestyle desteği yakında kullanımdan kaldırılacak. Buradan daha fazla bilgi edinin: https://aka.ms/AAlgvkb.","python.linting.pycodestyleCategorySeverity.W.description":"Pycodestyle ileti türü 'W'nin önem derecesi.","python.linting.pycodestyleCategorySeverity.W.markdownDeprecationMessage":"Pycodestyle desteği yakında kullanımdan kaldırılacak. [Buradan](https://aka.ms/AAlgvkb) daha fazla bilgi edinin.","python.linting.pycodestyleEnabled.deprecationMessage":"Pycodestyle desteği yakında kullanımdan kaldırılacak. Buradan daha fazla bilgi edinin: https://aka.ms/AAlgvkb.","python.linting.pycodestyleEnabled.description":"Python dosyalarına pycodestyle kullanılarak lint işlemi uygulanıp uygulanmayacağını belirtir.","python.linting.pycodestyleEnabled.markdownDeprecationMessage":"Pycodestyle desteği yakında kullanımdan kaldırılacak. [Buradan](https://aka.ms/AAlgvkb) daha fazla bilgi edinin.","python.linting.pycodestylePath.deprecationMessage":"Pycodestyle desteği yakında kullanımdan kaldırılacak. Buradan daha fazla bilgi edinin: https://aka.ms/AAlgvkb.","python.linting.pycodestylePath.description":"Pycodestyle yolu. Bu ayarı tam yolu içerecek şekilde değiştirerek özel bir pycodestyle sürümünü kullanabilirsiniz.","python.linting.pycodestylePath.markdownDeprecationMessage":"Pycodestyle desteği yakında kullanımdan kaldırılacak. [Buradan](https://aka.ms/AAlgvkb) daha fazla bilgi edinin.","python.linting.pydocstyleArgs.deprecationMessage":"Pydocstyle desteği yakında kullanımdan kaldırılacak. Buradan daha fazla bilgi edinin: https://aka.ms/AAlgvkb.","python.linting.pydocstyleArgs.description":"Bağımsız değişkenler geçirildi. Her bağımsız değişken dizideki ayrı bir öğedir.","python.linting.pydocstyleArgs.markdownDeprecationMessage":"Pydocstyle desteği yakında kullanımdan kaldırılacak. [Buradan](https://aka.ms/AAlgvkb) daha fazla bilgi edinin.","python.linting.pydocstyleEnabled.deprecationMessage":"Pydocstyle desteği yakında kullanımdan kaldırılacak. Buradan daha fazla bilgi edinin: https://aka.ms/AAlgvkb.","python.linting.pydocstyleEnabled.description":"Python dosyalarına pydocstyle kullanılarak lint işlemi uygulanıp uygulanmayacağını belirtir.","python.linting.pydocstyleEnabled.markdownDeprecationMessage":"Pydocstyle desteği yakında kullanımdan kaldırılacak. [Buradan](https://aka.ms/AAlgvkb) daha fazla bilgi edinin.","python.linting.pydocstylePath.deprecationMessage":"Pydocstyle desteği yakında kullanımdan kaldırılacak. Buradan daha fazla bilgi edinin: https://aka.ms/AAlgvkb.","python.linting.pydocstylePath.description":"Pydocstyle yolu. Bu ayarı tam yolu içerecek şekilde değiştirerek özel bir pydocstyle sürümünü kullanabilirsiniz.","python.linting.pydocstylePath.markdownDeprecationMessage":"Pydocstyle desteği yakında kullanımdan kaldırılacak. [Buradan](https://aka.ms/AAlgvkb) daha fazla bilgi edinin.","python.linting.pylamaArgs.deprecationMessage":"Pylama desteği yakında kullanımdan kaldırılacak. Buradan daha fazla bilgi edinin: https://aka.ms/AAlgvkb.","python.linting.pylamaArgs.description":"Bağımsız değişkenler geçirildi. Her bağımsız değişken dizideki ayrı bir öğedir.","python.linting.pylamaArgs.markdownDeprecationMessage":"Pylama desteği yakında kullanımdan kaldırılacak. [Buradan](https://aka.ms/AAlgvkb) daha fazla bilgi edinin.","python.linting.pylamaEnabled.deprecationMessage":"Pylama desteği yakında kullanımdan kaldırılacak. Buradan daha fazla bilgi edinin: https://aka.ms/AAlgvkb.","python.linting.pylamaEnabled.description":"Python dosyalarına pylama kullanılarak lint işlemi uygulanıp uygulanmayacağını belirtir.","python.linting.pylamaEnabled.markdownDeprecationMessage":"Pylama desteği yakında kullanımdan kaldırılacak. [Buradan](https://aka.ms/AAlgvkb) daha fazla bilgi edinin.","python.linting.pylamaPath.deprecationMessage":"Pylama desteği yakında kullanımdan kaldırılacak. Buradan daha fazla bilgi edinin: https://aka.ms/AAlgvkb.","python.linting.pylamaPath.description":"Pylama yolu. Bu ayarı tam yolu içerecek şekilde değiştirerek özel bir pylama sürümünü kullanabilirsiniz.","python.linting.pylamaPath.markdownDeprecationMessage":"Pylama desteği yakında kullanımdan kaldırılacak. [Buradan](https://aka.ms/AAlgvkb) daha fazla bilgi edinin.","python.linting.pylintArgs.deprecationMessage":"Bu ayar yakında kullanımdan kaldırılacak. Lütfen Pylint uzantısını kullanın. Buradan daha fazla bilgi edinin: https://aka.ms/AAlgvkb.","python.linting.pylintArgs.description":"Bağımsız değişkenler geçirildi. Her bağımsız değişken dizideki ayrı bir öğedir.","python.linting.pylintArgs.markdownDeprecationMessage":"Bu ayar yakında kullanımdan kaldırılacak. Lütfen [Pylint uzantısı](https://marketplace.visualstudio.com/items?itemName=ms-python.pylint)’nı kullanın. <br>[Buradan](https://aka.ms/AAlgvkb) daha fazla bilgi edinin.","python.linting.pylintCategorySeverity.convention.deprecationMessage":"Bu ayar yakında kullanımdan kaldırılacak. Lütfen Pylint uzantısını kullanın. Buradan daha fazla bilgi edinin: https://aka.ms/AAlgvkb.","python.linting.pylintCategorySeverity.convention.description":"Pylint ileti türü 'Convention/C'nin önem derecesi.","python.linting.pylintCategorySeverity.convention.markdownDeprecationMessage":"Bu ayar yakında kullanımdan kaldırılacak. Lütfen [Pylint uzantısı](https://marketplace.visualstudio.com/items?itemName=ms-python.pylint)’nı kullanın. <br>[Buradan](https://aka.ms/AAlgvkb) daha fazla bilgi edinin.","python.linting.pylintCategorySeverity.error.deprecationMessage":"Bu ayar yakında kullanımdan kaldırılacak. Lütfen Pylint uzantısını kullanın. Buradan daha fazla bilgi edinin: https://aka.ms/AAlgvkb.","python.linting.pylintCategorySeverity.error.description":"Pylint ileti türü 'Error/E'nin önem derecesi.","python.linting.pylintCategorySeverity.error.markdownDeprecationMessage":"Bu ayar yakında kullanımdan kaldırılacak. Lütfen [Pylint uzantısı](https://marketplace.visualstudio.com/items?itemName=ms-python.pylint)’nı kullanın. <br>[Buradan](https://aka.ms/AAlgvkb) daha fazla bilgi edinin.","python.linting.pylintCategorySeverity.fatal.deprecationMessage":"Bu ayar yakında kullanımdan kaldırılacak. Lütfen Pylint uzantısını kullanın. Buradan daha fazla bilgi edinin: https://aka.ms/AAlgvkb.","python.linting.pylintCategorySeverity.fatal.description":"Pylint ileti türü 'Error/F'nin önem derecesi.","python.linting.pylintCategorySeverity.fatal.markdownDeprecationMessage":"Bu ayar yakında kullanımdan kaldırılacak. Lütfen [Pylint uzantısı](https://marketplace.visualstudio.com/items?itemName=ms-python.pylint)’nı kullanın. <br>[Buradan](https://aka.ms/AAlgvkb) daha fazla bilgi edinin.","python.linting.pylintCategorySeverity.refactor.deprecationMessage":"Bu ayar yakında kullanımdan kaldırılacak. Lütfen Pylint uzantısını kullanın. Buradan daha fazla bilgi edinin: https://aka.ms/AAlgvkb.","python.linting.pylintCategorySeverity.refactor.description":"Pylint ileti türü 'Refactor/R'nin önem derecesi.","python.linting.pylintCategorySeverity.refactor.markdownDeprecationMessage":"Bu ayar yakında kullanımdan kaldırılacak. Lütfen [Pylint uzantısını](https://marketplace.visualstudio.com/items?itemName=ms-python.pylint) kullanın. <br>[Buradan](https://aka.ms/AAlgvkb) daha fazla bilgi edinin.","python.linting.pylintCategorySeverity.warning.deprecationMessage":"Bu ayar yakında kullanımdan kaldırılacak. Lütfen Pylint uzantısını kullanın. Buradan daha fazla bilgi edinin: https://aka.ms/AAlgvkb.","python.linting.pylintCategorySeverity.warning.description":"Pylint ileti türü 'Warning/W'nin önem derecesi.","python.linting.pylintCategorySeverity.warning.markdownDeprecationMessage":"Bu ayar yakında kullanımdan kaldırılacak. Lütfen [Pylint uzantısı](https://marketplace.visualstudio.com/items?itemName=ms-python.pylint)’nı kullanın. <br>[Buradan](https://aka.ms/AAlgvkb) daha fazla bilgi edinin.","python.linting.pylintEnabled.deprecationMessage":"Bu ayar yakında kullanımdan kaldırılacak. Lütfen Pylint uzantısını kullanın. Buradan daha fazla bilgi edinin: https://aka.ms/AAlgvkb.","python.linting.pylintEnabled.description":"Python dosyalarına pylint kullanılarak lint işlemi uygulanıp uygulanmayacağını belirtir.","python.linting.pylintEnabled.markdownDeprecationMessage":"Bu ayar yakında kullanımdan kaldırılacak. Lütfen [Pylint uzantısını](https://marketplace.visualstudio.com/items?itemName=ms-python.pylint) kullanın. <br>[Buradan](https://aka.ms/AAlgvkb) daha fazla bilgi edinin.","python.linting.pylintPath.deprecationMessage":"Bu ayar yakında kullanımdan kaldırılacak. Lütfen Pylint uzantısını kullanın. Buradan daha fazla bilgi edinin: https://aka.ms/AAlgvkb.","python.linting.pylintPath.description":"Pylint yolu. Bu ayarı tam yolu içerecek şekilde değiştirerek özel bir pylint sürümünü kullanabilirsiniz.","python.linting.pylintPath.markdownDeprecationMessage":"Bu ayar yakında kullanımdan kaldırılacak. Lütfen [Pylint uzantısını](https://marketplace.visualstudio.com/items?itemName=ms-python.pylint) kullanın. <br>[Buradan](https://aka.ms/AAlgvkb) daha fazla bilgi edinin.","python.logging.level.deprecation":"Bu ayar kullanım dışıdır. Günlük düzeyini ayarlamak için lütfen 'Geliştirici: Günlük Düzeyini Ayarla...' komutunu kullanın.","python.logging.level.description":"Uzantının günlük kaydı düzeyi, varsayılan olarak 'error' değeri alınır","python.menu.createNewFile.title":"Python Dosyası","python.missingPackage.severity.description":"Requirements.txt veya pyproject.toml dosyasında eksik paketlerin önem derecesini ayarlayın","python.pipenvPath.description":"Etkinleştirme için kullanılacak pipenv yürütülebilir dosyasının yolu.","python.poetryPath.description":"Poetry yürütülebilir dosyasının yolu.","python.sortImports.args.deprecationMessage":"Bu ayar yakında kaldırılacak. Bunun yerine 'isort.args' ayarını kullanın.","python.sortImports.args.description":"Bağımsız değişkenler geçirildi. Her bağımsız değişken dizideki ayrı bir öğedir.","python.sortImports.path.deprecationMessage":"Bu ayar yakında kaldırılacak. Bunun yerine 'isort.path' ayarını kullanın.","python.sortImports.path.description":"Isort betiğinin yolu, iç sürüm kullanılarak varsayılan","python.tensorBoard.logDirectory.description":"TensorBoard başlatılırken günlük dizini istemini atlamak için bu ayarı tercih ettiğiniz TensorBoard günlük dizinine ayarlayın.","python.terminal.activateEnvInCurrentTerminal.description":"Uzantı yüklenirken geçerli Terminal'de Python Ortamını etkinleştirin.","python.terminal.activateEnvironment.description":"Oluşturulan tüm Terminaller'de Python Ortamını etkinleştirin.","python.terminal.executeInFileDir.description":"Terminalde bir dosya yürütülürken, bu dosyanın geçerli açık klasör yerine kendi dizininde yürütülüp yürütülmeyeceğini belirtir.","python.terminal.focusAfterLaunch.description":"Python terminali başlatılırken imlecin terminale odaklanılıp odaklanmayacağını belirtir.","python.terminal.launchArgs.description":"Terminalde bir dosya yürütülürken kullanılacak Python başlatma bağımsız değişkenleri.","python.testing.autoTestDiscoverOnSaveEnabled.description":"Test dosyasını kaydederken test bulmayı otomatik çalıştırmayı etkinleştirin.","python.testing.cwd.description":"Testler için isteğe bağlı çalışma dizini.","python.testing.debugPort.description":"Testlerde hata ayıklama için kullanılan bağlantı noktası numarası.","python.testing.promptToConfigure.description":"Olası test dizinleri keşfedilirse test çerçevesi yapılandırması için sor.","python.testing.pytestArgs.description":"Bağımsız değişkenler geçirildi. Her bağımsız değişken dizideki ayrı bir öğedir.","python.testing.pytestEnabled.description":"Pytest kullanarak test etmeyi etkinleştirin.","python.testing.pytestPath.description":"Pytest yolu (pytest). Bu ayarı tam yolu içerecek şekilde değiştirerek özel bir pytest sürümünü kullanabilirsiniz.","python.testing.unittestArgs.description":"Bağımsız değişkenler geçirildi. Her bağımsız değişken dizideki ayrı bir öğedir.","python.testing.unittestEnabled.description":"Unittest kullanarak test etmeyi etkinleştirin.","python.venvFolders.description":"Giriş dizininizde sanal ortamlar için aranacak klasörler (varsayılan olarak pyenv, direnv ve virtualenvwrapper'ı destekler).","python.venvPath.description":"Sanal Ortamlar listesini içeren klasörün yolu (ör. ~/.pyenv, ~/Envs, ~/.virtualenvs).","walkthrough.pythonDataScienceWelcome.description":"Python ile Veri Bilimi projesine başlamak için ilk adımlarınız!","walkthrough.pythonDataScienceWelcome.title":"Veri Bilimi için Python Kullanmaya Başlama","walkthrough.pythonWelcome.description":"Python uzantısının sunduğu tüm güçlü araçlar ve özelliklerle bir Python projesi ayarlamak için ilk adımlarınız!","walkthrough.pythonWelcome.title":"Python Geliştirme Kullanmaya Başlama","walkthrough.step.python.createEnvironment.altText":"Komut Paleti'den Python ortamı oluşturuluyor","walkthrough.step.python.createEnvironment.description":"Python projeniz için bir ortam oluşturun.\r\n [Ortam Oluştur] (command:python.createEnvironment)\r\n **İpucu**: [Komut Paleti](command:workbench.action.showCommands) içinde ''Python: Create Environment'' komutunu çalıştırın.\r\n🔍 Daha fazla bilgi edinmek için [belgelerimize](https://aka.ms/pythonenvs) göz atın.","walkthrough.step.python.createEnvironment.description2":"Python projeniz için bir ortam oluşturun veya mevcut bir [Select Python Interpreter] seçmek için [Select Python Interpreter](command:python.setInterpreter) kullanın.\r\n[Create Environment](command:python.createEnvironment)\r\n**İpucu**: [Command Palette](command:workbench.action.showCommands) içinde ''Python: Create Environment'' komutunu çalıştırın.","walkthrough.step.python.createEnvironment.title":"Python Ortamı Oluşturma ","walkthrough.step.python.createEnvironment.title2":"Python Ortamı oluşturun veya seçin ","walkthrough.step.python.createNewNotebook.altText":"Yeni Jupyter notebook oluşturuluyor","walkthrough.step.python.createNewNotebook.description":"Dosya gezginine sağ tıklayıp .ipynb uzantılı yeni bir dosya oluşturun veya [Komut Paleti] (command:workbench.action.showCommands) öğesini açıp \r\n``Jupyter: Create New Blank Notebook`` komutunu çalıştırın.\r\n[Yeni Jupyter Not Defteri](command:toSide:jupyter.createnewnotebook)\r\n Mevcut bir projeniz varsa, ayrıca [klasör aç](command:workbench.action.files.openFolder) komutuyla bir klasör açabilir ve/veya GitHub'dan [Git deposunu klonla](command:git.clone) komutuyla bir proje klonlayabilirsiniz.","walkthrough.step.python.createNewNotebook.title":"Bir Jupyter Notebook oluşturun veya açın","walkthrough.step.python.createPythonFile.altText":"Python dosyası veya Python projesi içeren bir klasör açın.","walkthrough.step.python.createPythonFile.description":"Python dosyası [aç](command:toSide:workbench.action.files.openFile) veya [oluştur](command:toSide:workbench.action.files.newUntitledFile?%7B%22languageId%22%3A%22python%22%7D) - \".py\" olarak kaydetmeyi unutmayın.\r\n[Python Dosyası Oluştur](command:toSide:workbench.action.files.newUntitledFile?%7B%22languageId%22%3A%22python%22%7D)","walkthrough.step.python.createPythonFile.title":"Python dosyası oluşturma","walkthrough.step.python.createPythonFolder.description":"[Open](command:workbench.action.files.openFolder) veya bir proje klasörü oluşturun.\r\n[Open Project Folder](command:workbench.action.files.openFolder)","walkthrough.step.python.createPythonFolder.title":"Python proje klasörü açın","walkthrough.step.python.dataScienceLearnMore.altText":"Dokümantasyon sayfamızı ve posta listesi kaynaklarımızı temsil eden resim.","walkthrough.step.python.dataScienceLearnMore.description":"📒 [Komut Paleti](command:workbench.extensions.search?\"ms-toolsai.jupyter\") öğesini arayarak  [Jupyter uzantısı](command:workbench.extensions.search?\"ms-toolsai.jupyter\") özelliklerine göz atın. \r\n 🏃🏻 Diğer özellikler için [Öğreticiler](https://aka.ms/AAdjzpd) belgemize bakın.  \r\n[Daha fazla bilgi edinin](https://aka.ms/AAdar6q)","walkthrough.step.python.dataScienceLearnMore.title":"Daha fazlasını bulma!","walkthrough.step.python.installJupyterExt.altText":"Yeni Jupyter notebook oluşturuluyor","walkthrough.step.python.installJupyterExt.description":"Henüz yapmadıysanız [Jupyter uzantısını](command:workbench.extensions.search?\"ms-toolsai.jupyter\") yükleyerek VS Code içinde not defterleri deneyiminden eksiksiz bir şekilde yararlanın!\r\n \r\n[Jupyter uzantısını ara](command:workbench.extensions.search?\" ms-toolsai.jupyter\")","walkthrough.step.python.installJupyterExt.title":"Jupyter uzantısını yükleme","walkthrough.step.python.installPythonLinux.description":"Python Uzantısı, Python'ın yüklü olmasını gerektirir. Terminal aracılığıyla Python 3'ü yükleyin.\r\n[Terminal aracılığıyla Python yükle](command:python.installPythonOnLinux)\r\n","walkthrough.step.python.installPythonLinux.title":"Python’ı yükleme","walkthrough.step.python.installPythonMac.description":"Python Uzantısı, Python'ın yüklü olmasını gerektirir. Brew aracılığıyla Python 3'ü yükleyin.\r\n[Brew aracılığıyla Python yükle](command:python.installPythonOnLinux)\r\n","walkthrough.step.python.installPythonMac.title":"Python’ı yükleme","walkthrough.step.python.installPythonWin8.description":"Python Uzantısı, Python'ın yüklü olmasını gerektirir. Python’u [python.org](https://www.python.org/downloads) adresinden yükleyin.\r\n\r\n[Python’ı Yükle](https://www.python.org/downloads)\r\n","walkthrough.step.python.installPythonWin8.title":"Python’ı yükleme","walkthrough.step.python.learnMoreWithDS.altText":"Dokümantasyon sayfamızı ve posta listesi kaynaklarımızı temsil eden resim.","walkthrough.step.python.learnMoreWithDS.description":"🎨 [Komut Paleti](command:workbench.action.showCommands) içinde \"Python\" öğesini arayarak Python uzantısının sunduğu tüm özellikleri keşfedin. \r\n 📈 Python'da [veri bilimi](command:workbench.action.openWalkthrough?%7B%22category%22%3A%22ms-python.python%23pythonDataScienceWelcome%22%2C%22step%22%3A%22ms-python.python%23python.createNewNotebook%22%7D) kullanmaya başlama hakkında daha fazla bilgi edinin. \r\n ✨ En son özellikler hakkında daha fazla bilgi edinmek için [Sürüm Notları](https://aka.ms/AA8dxtb) bilgilerine göz atın. \r\n \r\n[Daha fazla bilgi edinin](https://aka.ms/AA8dqti)","walkthrough.step.python.learnMoreWithDS.description2":"~D83C;~DFA8; [Komut Paleti](command:workbench.action.showCommands) içinde \"Python\" öğesini arayarak Python uzantısının sunduğu tüm özellikleri keşfedin. \r\n ~D83D;~DCC8; Python'da [veri bilimi](command:workbench.action.openWalkthrough?%7B%22category%22%3A%22ms-python.python%23pythonDataScienceWelcome%22%2C%22step%22%3A%22ms-python.python%23python.createNewNotebook%22%7D) kullanmaya başlama hakkında daha fazla bilgi edinin. \r\n ✨ En son özellikler hakkında daha fazla bilgi edinmek için [Sürüm Notları](https://aka.ms/AA8dxtb) bilgilerine göz atın. \r\n \r\n[Python Öğreticisi ile birlikte ilerleyin](https://aka.ms/AA8dqti)","walkthrough.step.python.learnMoreWithDS.title":"Daha fazla kaynak keşfetme","walkthrough.step.python.openInteractiveWindow.altText":"Python etkileşimli penceresi açma","walkthrough.step.python.openInteractiveWindow.description":"Python Etkileşimli Penceresi, Python kodunuzun sonuçlarını yürütüp görüntüleyebileceğiniz bir Python kabuğudur. Python dosyasında ``#%%`` yazarak hücre oluşturabilirsiniz.\r\n \r\nEtkileşimli pencereyi istediğiniz zaman açmak için [Komut Paleti](command:workbench.action.showCommands) öğesini açıp \r\n``Jupyter: Create Interactive Window`` komutunu çalıştırın. \r\n[Etkileşimli Penceresini Aç](command:jupyter.createnewinteractive)","walkthrough.step.python.openInteractiveWindow.title":"Python Etkileşimli Penceresini Açma","walkthrough.step.python.runAndDebug.altText":"F5 kullanarak veya sağ üstteki yürüt düğmesiyle VS Code çalıştırma ve hata ayıklama.","walkthrough.step.python.runAndDebug.description":"Python dosyanızı açıp düzenleyicinin sağ üst kısmındaki yürüt düğmesine tıklayın veya  hata ayıklayıcısıyla çalıştırmak için dosya üzerinde F5 tuşuna basıp \"Python Dosyası\" seçeneğini belirleyin. \r\n\r\n[Daha fazla bilgi edinin](https://code.visualstudio.com/docs/python/python-tutorial#_run-hello-world)","walkthrough.step.python.runAndDebug.title":"Python dosyanızı çalıştırma ve hata ayıklama","walkthrough.step.python.selectInterpreter.altText":"Durum çubuğundan bir Python yorumlayıcısı seçme","walkthrough.step.python.selectInterpreter.description":"Python projeniz için kullanmak istediğiniz Python yorumlayıcısını/ortamı seçin.\r\n [Python Yorumlayıcısı seç] (command:python.setInterpreter)\r\n **İpucu**: [Komut Paleti](command:workbench.action.showCommands) içinde ''Python: Select Interpreter'' komutunu çalıştırın.","walkthrough.step.python.selectInterpreter.title":"Python Yorumlayıcısı seçme"}
