{"python.activeStateToolPath.description":"ActiveState 執行階段的狀態工具可執行檔路徑 (版本 0.36+)。","python.autoComplete.extraPaths.description":"程式庫的路徑清單，以及需要由自動完成引擎所匯出的類似路徑清單。例如，使用 Google App SDK 時，路徑不在系統路徑中，因此必須新增到此清單。","python.command.python.analysis.restartLanguageServer.title":"重新啟動語言伺服器","python.command.python.clearCacheAndReload.title":"清除快取並重新載入視窗","python.command.python.clearWorkspaceInterpreter.title":"清除工作區解譯器設定","python.command.python.configureTests.title":"設定測試","python.command.python.createEnvironment.title":"建立環境...","python.command.python.createNewFile.title":"新增 Python 檔案","python.command.python.createTerminal.title":"建立終端機","python.command.python.debugInTerminal.title":"偵錯 Python 檔案","python.command.python.enableLinting.title":"啟用/停用 Linting","python.command.python.enableSourceMapSupport.title":"啟用延伸模組偵錯的來源對應支援","python.command.python.execInDedicatedTerminal.title":"在專用終端機中執行 Python 檔案","python.command.python.execInTerminal.title":"在終端機中執行 Python 檔案","python.command.python.execInTerminalIcon.title":"執行 Python 檔案","python.command.python.execSelectionInDjangoShell.title":"在 Django 殼層中執行選取項目/行","python.command.python.execSelectionInTerminal.title":"在 Python 終端機中執行選取項目/行","python.command.python.installJupyter.title":"安裝 Jupyter 延伸模組","python.command.python.launchTensorBoard.title":"啟動 Tensorboard","python.command.python.refreshTensorBoard.title":"重新整理 TensorBoard","python.command.python.reportIssue.title":"回報問題...","python.command.python.runLinting.title":"是，請通知我","python.command.python.setInterpreter.title":"選取解譯器","python.command.python.setLinter.title":"選取 Linter","python.command.python.sortImports.title":"排序匯入","python.command.python.startREPL.title":"開始 REPL","python.command.python.viewLanguageServerOutput.title":"顯示語言伺服器輸出","python.command.python.viewOutput.title":"顯示輸出","python.command.testing.rerunFailedTests.title":"重新執行失敗的測試","python.condaPath.description":"要用於啟用的 conda 可執行檔路徑 (版本 4.4+)。","python.createEnvironment.contentButton.description":"在編輯器中顯示或隱藏 'requirements.txt' 或其他相依性檔案的 [建立環境] 按鈕。","python.defaultInterpreterPath.description":"延伸模組第一次載入時使用的預設 Python 路徑，為工作區選取解譯器後就不再使用。請參閱 [here](https://aka.ms/AAfekmf) 以了解何時會使用此功能","python.diagnostics.sourceMapsEnabled.description":"啟用錯誤記錄檔中有意義堆疊追蹤的來源對應支援。","python.editor.context.submenu.runPython":"執行 Python","python.editor.context.submenu.runPythonInteractive":"在互動視窗中執行","python.envFile.description":"包含環境變數定義的檔案絕對路徑。","python.experiments.All.description":"所有實驗的合併清單。","python.experiments.enabled.description":"啟用 Python 延伸模組中的 A/B 測試實驗。如果啟用，您可能會包含在建議的增強功能和/或功能中。","python.experiments.optInto.description":"要加入的實驗清單。如果空白，則會為使用者指派預設實驗群組。如需詳細資料，請參閱 [here](https://github.com/microsoft/vscode-python/wiki/AB-Experiments)。","python.experiments.optOutFrom.description":"要退出的實驗清單。如果空白，則會為使用者指派預設實驗群組。如需詳細資料，請參閱 [here](https://github.com/microsoft/vscode-python/wiki/AB-Experiments)。","python.experiments.pythonPromptNewToolsExt.description":"表示 Python Prompt 新工具延伸模組實驗。","python.experiments.pythonSurveyNotification.description":"表示 Python 問卷通知實驗。","python.experiments.pythonTerminalEnvVarActivation.description":"允許使用環境變數來啟動終端機，而非傳送啟動命令。","python.experiments.pythonTestAdapter.description":"代表 Python 測試配接器實驗。","python.formatting.autopep8Args.deprecationMessage":"此設定即將被取代。請使用 Autopep8 延伸模組。於此處深入了解: https://aka.ms/AAlgvkb。","python.formatting.autopep8Args.description":"傳入的引數。每個引數都是陣列中的個別項目。","python.formatting.autopep8Args.markdownDeprecationMessage":"此設定即將被取代。請使用 [Autopep8 延伸模組](https://marketplace.visualstudio.com/items?itemName=ms-python.autopep8)。<br>於 [此處](https://aka.ms/AAlgvkb) 深入了解。","python.formatting.autopep8Path.deprecationMessage":"此設定即將被取代。請使用 Autopep8 延伸模組。於此處深入了解: https://aka.ms/AAlgvkb。","python.formatting.autopep8Path.description":"autopep8 路徑，您可以修改此設定以包含完整路徑，以使用自訂版本的 autopep8。","python.formatting.autopep8Path.markdownDeprecationMessage":"此設定即將被取代。請使用 [Autopep8 延伸模組](https://marketplace.visualstudio.com/items?itemName=ms-python.autopep8)。<br>於 [此處](https://aka.ms/AAlgvkb) 深入了解。","python.formatting.blackArgs.deprecationMessage":"此設定即將被取代。請使用 Black Formatter 延伸模組。於此處深入了解: https://aka.ms/AAlgvkb。","python.formatting.blackArgs.description":"傳入的引數。每個引數都是陣列中的個別項目。","python.formatting.blackArgs.markdownDeprecationMessage":"此設定即將被取代。請使用 [Black Formatter 延伸模組](https://marketplace.visualstudio.com/items?itemName=ms-python.black-formatter)。<br>於 [此處](https://aka.ms/AAlgvkb) 深入了解。","python.formatting.blackPath.deprecationMessage":"此設定即將被取代。請使用 Black Formatter 延伸模組。於此處深入了解: https://aka.ms/AAlgvkb。","python.formatting.blackPath.description":"Black 路徑，您可以修改此設定以包含完整路徑，以使用自訂版本的 Black。","python.formatting.blackPath.markdownDeprecationMessage":"此設定即將被取代。請使用 [Black Formatter 延伸模組](https://marketplace.visualstudio.com/items?itemName=ms-python.black-formatter)。<br>於 [此處](https://aka.ms/AAlgvkb) 深入了解。","python.formatting.provider.deprecationMessage":"此設定即將被取代。請使用 Autopep8 延伸模組 或 Black Formatter 延伸模組。於此處深入了解: https://aka.ms/AAlgvkb。","python.formatting.provider.description":"格式化的提供者。可能的選項包括 'autopep8'、'black' 和 'yapf'。","python.formatting.provider.markdownDeprecationMessage":"This setting will soon be deprecated. Please use the [Autopep8 extension](https://marketplace.visualstudio.com/items?itemName=ms-python.autopep8) or the [Black Formatter extension](https://marketplace.visualstudio.com/items?itemName=ms-python.black-formatter). <br>Learn more [here](https://aka.ms/AAlgvkb).","python.formatting.yapfArgs.deprecationMessage":"Yapf 支援即將被取代。於此處深入了解: https://aka.ms/AAlgvkb。","python.formatting.yapfArgs.description":"傳入的引數。每個引數都是陣列中的個別項目。","python.formatting.yapfArgs.markdownDeprecationMessage":"Yapf 支援即將被取代。於 [此處](https://aka.ms/AAlgvkb) 深入了解。","python.formatting.yapfPath.deprecationMessage":"Yapf 支援即將被取代。於此處深入了解: https://aka.ms/AAlgvkb。","python.formatting.yapfPath.description":"yapf 路徑，您可以修改此設定以包含完整路徑，以使用自訂版本的 yapf。","python.formatting.yapfPath.markdownDeprecationMessage":"Yapf支援即將被取代。<br>於 [此處](https://aka.ms/AAlgvkb) 深入了解 。","python.globalModuleInstallation.description":"不使用環境時，是否要全域安裝 Python 模組。","python.interpreter.infoVisibility.always.description":"一律顯示資訊。","python.interpreter.infoVisibility.description":"控制何時在狀態列中顯示所選解譯器的資訊。","python.interpreter.infoVisibility.never.description":"永不顯示資訊。","python.interpreter.infoVisibility.onPythonRelated.description":"只在開啟 Python 相關檔案時顯示資訊。","python.languageServer.defaultDescription":"自動選取語言伺服器: Pylance (如果已安裝且可用)，否則會回傳到 Jedi。","python.languageServer.description":"定義語言伺服器的類型。","python.languageServer.jediDescription":"在語言伺服器通訊協定 (LSP) 後面使用 Jedi 做為語言伺服器。","python.languageServer.noneDescription":"停用語言伺服器功能。","python.languageServer.pylanceDescription":"使用 Pylance 做為語言伺服器。","python.linting.banditArgs.deprecationMessage":"Bandit 支援即將被取代。於此處深入了解: https://aka.ms/AAlgvkb。","python.linting.banditArgs.description":"傳入的引數。每個引數都是陣列中的個別項目。","python.linting.banditArgs.markdownDeprecationMessage":"Bandit 支援即將被取代。於 [此處](https://aka.ms/AAlgvkb) 深入了解。","python.linting.banditEnabled.deprecationMessage":"Bandit 支援即將被取代。於此處深入了解: https://aka.ms/AAlgvkb。","python.linting.banditEnabled.description":"是否要使用 Bandit 來 lint Python 檔案。","python.linting.banditEnabled.markdownDeprecationMessage":"Bandit 支援即將被取代。於 [此處](https://aka.ms/AAlgvkb) 深入了解。","python.linting.banditPath.deprecationMessage":"Bandit 支援即將被取代。於此處深入了解: https://aka.ms/AAlgvkb。","python.linting.banditPath.description":"Bandit 路徑，您可以修改此設定以包含完整路徑，以使用自訂版本的 Bandit。","python.linting.banditPath.markdownDeprecationMessage":"Bandit 支援即將被取代。於 [此處](https://aka.ms/AAlgvkb) 深入了解。","python.linting.cwd.deprecationMessage":"此設定即將被取代。於此處深入了解 (https://aka.ms/AAlgvkb)。","python.linting.cwd.description":"Linter 的選擇性工作目錄。","python.linting.cwd.markdownDeprecationMessage":"此設定即將被取代。於 [此處](https://aka.ms/AAlgvkb) 深入了解。","python.linting.enabled.deprecationMessage":"此設定即將被取代。於此處深入了解 (https://aka.ms/AAlgvkb)。","python.linting.enabled.description":"是否要 lint Python 檔案。","python.linting.enabled.markdownDeprecationMessage":"此設定即將被取代。於 [此處](https://aka.ms/AAlgvkb) 深入了解。","python.linting.flake8Args.deprecationMessage":"此設定即將被取代。請使用 Flake8 延伸模組。於此處深入了解: https://aka.ms/AAlgvkb。","python.linting.flake8Args.description":"傳入的引數。每個引數都是陣列中的個別項目。","python.linting.flake8Args.markdownDeprecationMessage":"此設定即將被取代。請使用 [Flake8 延伸模組](https://marketplace.visualstudio.com/items?itemName=ms-python.flake8)。<br>於 [此處](https://aka.ms/AAlgvkb) 深入了解。","python.linting.flake8CategorySeverity.E.deprecationMessage":"此設定即將被取代。請使用 Flake8 延伸模組。於此處深入了解: https://aka.ms/AAlgvkb。","python.linting.flake8CategorySeverity.E.description":"Flake8 訊息類型 'E' 的嚴重性。","python.linting.flake8CategorySeverity.E.markdownDeprecationMessage":"此設定即將被取代。請使用 [Flake8 延伸模組](https://marketplace.visualstudio.com/items?itemName=ms-python.flake8)。<br>於 [此處](https://aka.ms/AAlgvkb) 深入了解。","python.linting.flake8CategorySeverity.F.deprecationMessage":"此設定即將被取代。請使用 Flake8 延伸模組。於此處深入了解: https://aka.ms/AAlgvkb。","python.linting.flake8CategorySeverity.F.description":"Flake8 訊息類型 'F' 的嚴重性。","python.linting.flake8CategorySeverity.F.markdownDeprecationMessage":"此設定即將被取代。請使用 [Flake8 延伸模組](https://marketplace.visualstudio.com/items?itemName=ms-python.flake8)。<br>於 [此處](https://aka.ms/AAlgvkb) 深入了解。","python.linting.flake8CategorySeverity.W.deprecationMessage":"此設定即將被取代。請使用 Flake8 延伸模組。於此處深入了解: https://aka.ms/AAlgvkb。","python.linting.flake8CategorySeverity.W.description":"Flake8 訊息類型 'W' 的嚴重性。","python.linting.flake8CategorySeverity.W.markdownDeprecationMessage":"此設定即將被取代。請使用 [Flake8 延伸模組](https://marketplace.visualstudio.com/items?itemName=ms-python.flake8)。<br>於 [此處](https://aka.ms/AAlgvkb) 深入了解。","python.linting.flake8Enabled.deprecationMessage":"此設定即將被取代。請使用 Flake8 延伸模組。於此處深入了解: https://aka.ms/AAlgvkb。","python.linting.flake8Enabled.description":"是否要使用 flake8 來 lint Python 檔案。","python.linting.flake8Enabled.markdownDeprecationMessage":"此設定即將被取代。請使用 [Flake8 延伸模組](https://marketplace.visualstudio.com/items?itemName=ms-python.flake8)。<br>於 [此處](https://aka.ms/AAlgvkb) 深入了解。","python.linting.flake8Path.deprecationMessage":"此設定即將被取代。請使用 Flake8 延伸模組。於此處深入了解: https://aka.ms/AAlgvkb。","python.linting.flake8Path.description":"flake8 路徑，您可以修改此設定以包含完整路徑，以使用自訂版本的 flake8。","python.linting.flake8Path.markdownDeprecationMessage":"此設定即將被取代。請使用 [Flake8 延伸模組](https://marketplace.visualstudio.com/items?itemName=ms-python.flake8)。<br>於 [此處](https://aka.ms/AAlgvkb) 深入了解。","python.linting.ignorePatterns.deprecationMessage":"此設定即將被取代。於此處深入了解 (https://aka.ms/AAlgvkb)。","python.linting.ignorePatterns.description":"用來排除檔案或資料夾被 lint 的圖樣。","python.linting.ignorePatterns.markdownDeprecationMessage":"此設定即將被取代。於 [此處](https://aka.ms/AAlgvkb) 深入了解。","python.linting.lintOnSave.deprecationMessage":"此設定即將被取代。於此處深入了解 (https://aka.ms/AAlgvkb)。","python.linting.lintOnSave.description":"是否要在儲存時 lint Python 檔案。","python.linting.lintOnSave.markdownDeprecationMessage":"此設定即將被取代。於 [此處](https://aka.ms/AAlgvkb) 深入了解。","python.linting.maxNumberOfProblems.deprecationMessage":"此設定即將被取代。於此處深入了解 (https://aka.ms/AAlgvkb)。","python.linting.maxNumberOfProblems.description":"控制伺服器所產生的問題數目上限。","python.linting.maxNumberOfProblems.markdownDeprecationMessage":"此設定即將被取代。於 [此處](https://aka.ms/AAlgvkb) 深入了解。","python.linting.mypyArgs.deprecationMessage":"此設定即將被取代。請使用 Mypy Type Checker 延伸模組。於此處深入了解: https://aka.ms/AAlgvkb。","python.linting.mypyArgs.description":"傳入的引數。每個引數都是陣列中的個別項目。","python.linting.mypyArgs.markdownDeprecationMessage":"此設定即將被取代。請使用 [Mypy Type Checker 延伸模組](https://marketplace.visualstudio.com/items?itemName=ms-python.mypy-type-checke)。<br>於 [此處](https://aka.ms/AAlgvkb) 深入了解。","python.linting.mypyCategorySeverity.error.deprecationMessage":"此設定即將被取代。請使用 Mypy Type Checker 延伸模組。於此處深入了解: https://aka.ms/AAlgvkb。","python.linting.mypyCategorySeverity.error.description":"Mypy 訊息類型 'Error' 的嚴重性。","python.linting.mypyCategorySeverity.error.markdownDeprecationMessage":"此設定即將被取代。請使用 [Mypy Type Checker 延伸模組](https://marketplace.visualstudio.com/items?itemName=ms-python.mypy-type-checke)。<br>於 [此處](https://aka.ms/AAlgvkb) 深入了解。","python.linting.mypyCategorySeverity.note.deprecationMessage":"此設定即將被取代。請使用 Mypy Type Checker 延伸模組。於此處深入了解: https://aka.ms/AAlgvkb。","python.linting.mypyCategorySeverity.note.description":"Mypy 訊息類型 'Note' 的嚴重性。","python.linting.mypyCategorySeverity.note.markdownDeprecationMessage":"此設定即將被取代。請使用 [Mypy Type Checker 延伸模組](https://marketplace.visualstudio.com/items?itemName=ms-python.mypy-type-checke)。<br>於 [此處](https://aka.ms/AAlgvkb) 深入了解。","python.linting.mypyEnabled.deprecationMessage":"此設定即將被取代。請使用 Mypy Type Checker 延伸模組。於此處深入了解: https://aka.ms/AAlgvkb。","python.linting.mypyEnabled.description":"是否要使用 mypy 來 lint Python 檔案。","python.linting.mypyEnabled.markdownDeprecationMessage":"此設定即將被取代。請使用 [Mypy Type Checker 延伸模組](https://marketplace.visualstudio.com/items?itemName=ms-python.mypy-type-checke)。<br>於 [此處](https://aka.ms/AAlgvkb) 深入了解。","python.linting.mypyPath.deprecationMessage":"此設定即將被取代。請使用 Mypy Type Checker 延伸模組。於此處深入了解: https://aka.ms/AAlgvkb。","python.linting.mypyPath.description":"mypy 路徑，您可以修改此設定以包含完整路徑，以使用自訂版本的 mypy。","python.linting.mypyPath.markdownDeprecationMessage":"此設定即將被取代。請使用 [Mypy Type Checker 延伸模組](https://marketplace.visualstudio.com/items?itemName=ms-python.mypy-type-checke)。<br>於 [此處](https://aka.ms/AAlgvkb) 深入了解。","python.linting.prospectorArgs.deprecationMessage":"Prospector 支援即將被取代。於此處深入了解: https://aka.ms/AAlgvkb。","python.linting.prospectorArgs.description":"傳入的引數。每個引數都是陣列中的個別項目。","python.linting.prospectorArgs.markdownDeprecationMessage":"Prospector 支援即將被取代。於 [此處](https://aka.ms/AAlgvkb) 深入了解。","python.linting.prospectorEnabled.deprecationMessage":"Prospector 支援即將被取代。於此處深入了解: https://aka.ms/AAlgvkb。","python.linting.prospectorEnabled.description":"是否要使用 prospector 來 lint Python 檔案。","python.linting.prospectorEnabled.markdownDeprecationMessage":"Prospector 支援即將被取代。於 [此處](https://aka.ms/AAlgvkb) 深入了解。","python.linting.prospectorPath.deprecationMessage":"Prospector 支援即將被取代。於此處深入了解: https://aka.ms/AAlgvkb。","python.linting.prospectorPath.description":"Prospector 路徑，您可以修改此設定以包含完整路徑，以使用自訂版本的 Prospector。","python.linting.prospectorPath.markdownDeprecationMessage":"Prospector 支援即將被取代。於 [此處](https://aka.ms/AAlgvkb) 深入了解。","python.linting.pycodestyleArgs.deprecationMessage":"Pycodestyle 支援即將被取代。於此處深入了解: https://aka.ms/AAlgvkb。","python.linting.pycodestyleArgs.description":"傳入的引數。每個引數都是陣列中的個別項目。","python.linting.pycodestyleArgs.markdownDeprecationMessage":"Pycodestyle 支援即將被取代。於[此處](https://aka.ms/AAlgvkb)深入了解。","python.linting.pycodestyleCategorySeverity.E.deprecationMessage":"Pycodestyle 支援即將被取代。於此處深入了解: https://aka.ms/AAlgvkb。","python.linting.pycodestyleCategorySeverity.E.description":"pycodestyle 訊息類型 'E' 的嚴重性。","python.linting.pycodestyleCategorySeverity.E.markdownDeprecationMessage":"Pycodestyle 支援即將被取代。於[此處](https://aka.ms/AAlgvkb)深入了解。","python.linting.pycodestyleCategorySeverity.W.deprecationMessage":"Pycodestyle 支援即將被取代。於此處深入了解: https://aka.ms/AAlgvkb。","python.linting.pycodestyleCategorySeverity.W.description":"pycodestyle 訊息類型 'W' 的嚴重性。","python.linting.pycodestyleCategorySeverity.W.markdownDeprecationMessage":"Pycodestyle 支援即將被取代。於[此處](https://aka.ms/AAlgvkb)深入了解。","python.linting.pycodestyleEnabled.deprecationMessage":"Pycodestyle 支援即將被取代。於此處深入了解: https://aka.ms/AAlgvkb。","python.linting.pycodestyleEnabled.description":"是否要使用 pycodestyle 來 lint Python 檔案。","python.linting.pycodestyleEnabled.markdownDeprecationMessage":"Pycodestyle 支援即將被取代。於[此處](https://aka.ms/AAlgvkb)深入了解。","python.linting.pycodestylePath.deprecationMessage":"Pycodestyle 支援即將被取代。於此處深入了解: https://aka.ms/AAlgvkb。","python.linting.pycodestylePath.description":"pycodestyle 路徑，您可以修改此設定以包含完整路徑，以使用自訂版本的 pycodestyle。","python.linting.pycodestylePath.markdownDeprecationMessage":"Pycodestyle 支援即將被取代。於[此處](https://aka.ms/AAlgvkb)深入了解。","python.linting.pydocstyleArgs.deprecationMessage":"Pydocstyle 支援即將被取代。於此處深入了解 (https://aka.ms/AAlgvkb)。","python.linting.pydocstyleArgs.description":"傳入的引數。每個引數都是陣列中的個別項目。","python.linting.pydocstyleArgs.markdownDeprecationMessage":"Pydocstyle 支援即將被取代。於[此處](https://aka.ms/AAlgvkb)深入了解。","python.linting.pydocstyleEnabled.deprecationMessage":"Pydocstyle 支援即將被取代。於此處深入了解 (https://aka.ms/AAlgvkb)。","python.linting.pydocstyleEnabled.description":"是否要使用 pydocstyle 來 lint Python 檔案。","python.linting.pydocstyleEnabled.markdownDeprecationMessage":"Pydocstyle 支援即將被取代。於[此處](https://aka.ms/AAlgvkb)深入了解 。","python.linting.pydocstylePath.deprecationMessage":"Pydocstyle 支援即將被取代。於此處深入了解 (https://aka.ms/AAlgvkb)。","python.linting.pydocstylePath.description":"pydocstyle 路徑，您可以修改此設定以包含完整路徑，以使用自訂版本的 pydocstyle。","python.linting.pydocstylePath.markdownDeprecationMessage":"Pydocstyle 支援即將被取代。於[此處](https://aka.ms/AAlgvkb)深入了解。","python.linting.pylamaArgs.deprecationMessage":"Pylama 支援即將被取代。於此處深入了解 (https://aka.ms/AAlgvkb)。","python.linting.pylamaArgs.description":"傳入的引數。每個引數都是陣列中的個別項目。","python.linting.pylamaArgs.markdownDeprecationMessage":"Pylama 支援即將被取代。於 [此處](https://aka.ms/AAlgvkb) 深入了解。","python.linting.pylamaEnabled.deprecationMessage":"Pylama 支援即將被取代。於此處深入了解 (https://aka.ms/AAlgvkb)。","python.linting.pylamaEnabled.description":"是否要使用 pylama 來 lint Python 檔案。","python.linting.pylamaEnabled.markdownDeprecationMessage":"Pylama 支援即將被取代。於 [此處](https://aka.ms/AAlgvkb) 深入了解。","python.linting.pylamaPath.deprecationMessage":"Pylama 支援即將被取代。於此處深入了解 (https://aka.ms/AAlgvkb)。","python.linting.pylamaPath.description":"pylama 路徑，您可以修改此設定以包含完整路徑，以使用自訂版本的 pylama。","python.linting.pylamaPath.markdownDeprecationMessage":"Pylama 支援即將被取代。於 [此處](https://aka.ms/AAlgvkb) 深入了解。","python.linting.pylintArgs.deprecationMessage":"此設定即將被取代。請使用 Pylint 延伸模組。於此處深入了解: https://aka.ms/AAlgvkb。","python.linting.pylintArgs.description":"傳入的引數。每個引數都是陣列中的個別項目。","python.linting.pylintArgs.markdownDeprecationMessage":"此設定即將被取代。請使用 [Pylint 延伸模組](https://marketplace.visualstudio.com/items?itemName=ms-python.pylint)。<br>於 [此處](https://aka.ms/AAlgvkb) 深入了解。","python.linting.pylintCategorySeverity.convention.deprecationMessage":"此設定即將被取代。請使用 Pylint 延伸模組。於此處深入了解: https://aka.ms/AAlgvkb。","python.linting.pylintCategorySeverity.convention.description":"Pylint 訊息類型 'Convention/C' 的嚴重性。","python.linting.pylintCategorySeverity.convention.markdownDeprecationMessage":"此設定即將被取代。請使用 [Pylint 延伸模組](https://marketplace.visualstudio.com/items?itemName=ms-python.pylint)。<br>於 [此處](https://aka.ms/AAlgvkb) 深入了解。","python.linting.pylintCategorySeverity.error.deprecationMessage":"此設定即將被取代。請使用 Pylint 延伸模組。於此處深入了解: https://aka.ms/AAlgvkb。","python.linting.pylintCategorySeverity.error.description":"Pylint 訊息類型 'Error/E' 的嚴重性。","python.linting.pylintCategorySeverity.error.markdownDeprecationMessage":"此設定即將被取代。請使用 [Pylint 延伸模組](https://marketplace.visualstudio.com/items?itemName=ms-python.pylint)。<br>於 [此處](https://aka.ms/AAlgvkb) 深入了解。","python.linting.pylintCategorySeverity.fatal.deprecationMessage":"此設定即將被取代。請使用 Pylint 延伸模組。於此處深入了解: https://aka.ms/AAlgvkb。","python.linting.pylintCategorySeverity.fatal.description":"Pylint 訊息類型 'Error/F' 的嚴重性。","python.linting.pylintCategorySeverity.fatal.markdownDeprecationMessage":"此設定即將被取代。請使用 [Pylint 延伸模組](https://marketplace.visualstudio.com/items?itemName=ms-python.pylint)。<br>於 [此處](https://aka.ms/AAlgvkb) 深入了解。","python.linting.pylintCategorySeverity.refactor.deprecationMessage":"此設定即將被取代。請使用 Pylint 延伸模組。於此處深入了解: https://aka.ms/AAlgvkb。","python.linting.pylintCategorySeverity.refactor.description":"Pylint 訊息類型 'Refactor/R' 的嚴重性。","python.linting.pylintCategorySeverity.refactor.markdownDeprecationMessage":"此設定即將被取代。請使用 [Pylint 延伸模組](https://marketplace.visualstudio.com/items?itemName=ms-python.pylint)。<br>於 [此處](https://aka.ms/AAlgvkb) 深入了解。","python.linting.pylintCategorySeverity.warning.deprecationMessage":"此設定即將被取代。請使用 Pylint 延伸模組。於此處深入了解: https://aka.ms/AAlgvkb。","python.linting.pylintCategorySeverity.warning.description":"Pylint 訊息類型 Warning/W' 的嚴重性。","python.linting.pylintCategorySeverity.warning.markdownDeprecationMessage":"此設定即將被取代。請使用 [Pylint 延伸模組](https://marketplace.visualstudio.com/items?itemName=ms-python.pylint)。<br>於 [此處](https://aka.ms/AAlgvkb) 深入了解。","python.linting.pylintEnabled.deprecationMessage":"此設定即將被取代。請使用 Pylint 延伸模組。於此處深入了解: https://aka.ms/AAlgvkb。","python.linting.pylintEnabled.description":"是否要使用 pylin 來 lint Python 檔案。","python.linting.pylintEnabled.markdownDeprecationMessage":"此設定即將被取代。請使用 [Pylint 延伸模組](https://marketplace.visualstudio.com/items?itemName=ms-python.pylint)。<br>於 [此處](https://aka.ms/AAlgvkb) 深入了解。","python.linting.pylintPath.deprecationMessage":"此設定即將被取代。請使用 Pylint 延伸模組。於此處深入了解: https://aka.ms/AAlgvkb。","python.linting.pylintPath.description":"Pylint 路徑，您可以修改此設定以包含完整路徑，以使用自訂版本的 Pylint。","python.linting.pylintPath.markdownDeprecationMessage":"此設定即將被取代。請使用 [Pylint 延伸模組](https://marketplace.visualstudio.com/items?itemName=ms-python.pylint)。<br>於 [此處](https://aka.ms/AAlgvkb) 深入了解。","python.logging.level.deprecation":"此設定已遭取代。請使用命令 `Developer: Set Log Level...` 來設定記錄層級。","python.logging.level.description":"延伸模組記錄的記錄層級，預設為 'error'","python.menu.createNewFile.title":"Python 檔案","python.missingPackage.severity.description":"設定 requirements.txt 或 pyproject.toml 中遺失封裝的嚴重性","python.pipenvPath.description":"要用於啟用的 pipenv 可執行檔路徑。","python.poetryPath.description":"Poetry 可執行檔的路徑。","python.sortImports.args.deprecationMessage":"即將移除此設定。請改用 'isort.args'。","python.sortImports.args.description":"傳入的引數。每個引數都是陣列中的個別項目。","python.sortImports.path.deprecationMessage":"即將移除此設定。請改用 'isort.path'。","python.sortImports.path.description":"Isort 指令碼的路徑，預設使用內部版本","python.tensorBoard.logDirectory.description":"將這個設定設為您偏好的 TensorBoard 記錄目錄，以在啟動 TensorBoard 時略過記錄目錄提示。","python.terminal.activateEnvInCurrentTerminal.description":"載入延伸模組時，啟用目前終端中的 Python 環境。","python.terminal.activateEnvironment.description":"在所有已建立的終端中啟用 Python 環境。","python.terminal.executeInFileDir.description":"在終端中執行檔案時，是否要在檔案目錄中使用執行，而不是使用目前開啟的資料夾。","python.terminal.focusAfterLaunch.description":"啟動 Python 終端時，是否要將焦點放在終端上的資料指標。","python.terminal.launchArgs.description":"Python 啟動引數，以在終端中執行檔案時使用。","python.testing.autoTestDiscoverOnSaveEnabled.description":"儲存測試檔案時啟用自動執行測試探索。","python.testing.cwd.description":"測試的選擇性工作目錄。","python.testing.debugPort.description":"用於測試的偵錯工具連接埠號碼。","python.testing.promptToConfigure.description":"如果發現潛在的測試目錄，則提示您設定測試架構。","python.testing.pytestArgs.description":"傳入的引數。每個引數都是陣列中的個別項目。","python.testing.pytestEnabled.description":"使用 pytest 啟用測試。","python.testing.pytestPath.description":"Pytest 路徑，您可以修改此設定以包含完整路徑，以使用自訂版本的 Pytest。","python.testing.unittestArgs.description":"傳入的引數。每個引數都是陣列中的個別項目。","python.testing.unittestEnabled.description":"使用 unittest 啟用測試。","python.venvFolders.description":"在主目錄中尋找虛擬環境的資料夾 (預設支援 pyenv、direnv 和 virtualenvwrapper)。","python.venvPath.description":"具有虛擬環境清單的資料夾路徑，(例如 ~/.pyenv、~/Envs、~/.virtualenvs)。","walkthrough.pythonDataScienceWelcome.description":"開始使用 Python 進行資料科學專案的首要步驟!","walkthrough.pythonDataScienceWelcome.title":"開始使用適用於資料科學的 Python","walkthrough.pythonWelcome.description":"使用 Python 延伸模組提供的所有強大工具和功能來設定 Python 專案的首要步驟!","walkthrough.pythonWelcome.title":"開始使用 Python 開發","walkthrough.step.python.createEnvironment.altText":"從命令選擇區建立 Python 環境","walkthrough.step.python.createEnvironment.description":"為您的 Python 專案建立環境。\r\n[建立環境](command:python.createEnvironment)\r\n**提示**: 執行 [命令選擇區](command:workbench.action.showCommands) 中的 「Python: 建立環境」命令。\r\n 🔍 若要深入了解，請查看我們的 [文件](https://aka.ms/pythonenvs)。","walkthrough.step.python.createEnvironment.description2":"建立 Python 專案的環境，或使用 [選取 Python 解譯器](command:python.setInterpreter) 來選取現有的環境。\r\n[建立環境](command:python.createEnvironment)\r\n**提示**: 在 [命令選擇區](command:workbench.action.showCommands) 中執行 ``Python: Create Environment`` 命令。","walkthrough.step.python.createEnvironment.title":"建立 Python 環境 ","walkthrough.step.python.createEnvironment.title2":"建立或選取 Python 環境 ","walkthrough.step.python.createNewNotebook.altText":"正在建立新的 Jupyter 筆記本","walkthrough.step.python.createNewNotebook.description":"在檔案總管中按一下滑鼠右鍵，然後建立副檔名為 .ipynb 的新檔案。或者，開啟 [命令選擇區](command:workbench.action.showCommands) 並執行命令\r\n「Jupyter: 建立新的空白筆記本」。\r\n[建立新的 Jupyter Notebook](command:toSide:jupyter.createnewnotebook)\r\n 如果您有現有的專案，也可以 [開啟資料夾](command:workbench.action.files.openFolder) 和/或從 GitHub 複製專案: [複製 Git 存放庫](command:git.clone)。","walkthrough.step.python.createNewNotebook.title":"建立或開啟 Jupyter Notebook","walkthrough.step.python.createPythonFile.altText":"使用 Python 專案開啟 Python 檔案或資料夾。","walkthrough.step.python.createPythonFile.description":"[開啟](command:toSide:workbench.action.files.openFile) 或 [建立](command:toSide:workbench.action.files.newUntitledFile?%7B%22languageId%22%3A%22python%22%7D) Python 檔案 - 務必將它儲存為 \".py\"。\r\n[建立 Python 檔案](command:toSide:workbench.action.files.newUntitledFile?%7B%22languageId%22%3A%22python%22%7D)","walkthrough.step.python.createPythonFile.title":"建立 Python 檔案","walkthrough.step.python.createPythonFolder.description":"[開啟](command:workbench.action.files.openFolder) 或建立專案資料夾。\r\n[開啟專案資料夾](command:workbench.action.files.openFolder)","walkthrough.step.python.createPythonFolder.title":"開啟 Python 專案資料夾","walkthrough.step.python.dataScienceLearnMore.altText":"代表文件頁面和郵寄清單資源的影像。","walkthrough.step.python.dataScienceLearnMore.description":"📒 在 [命令選擇區](command:workbench.action.showCommands) 中尋找 \"Jupyter\"，以查看 [Jupyter 延伸模組](command:workbench.extensions.search?\"ms-toolsai.jupyter\") 功能。\r\n 🏃🏻 在我們的 [教學課程](https://aka.ms/AAdjzpd) 中尋找更多功能。\r\n[深入了解](https://aka.ms/AAdar6q)","walkthrough.step.python.dataScienceLearnMore.title":"深入了解!","walkthrough.step.python.installJupyterExt.altText":"正在建立新的 Jupyter 筆記本","walkthrough.step.python.installJupyterExt.description":"如果您尚未安裝，請安裝 [Jupyter 延伸模組](command:workbench.extensions.search?\"ms-toolsai.jupyter\") 以充分利用 VS Code 中的筆記本體驗!\r\n\r\n[搜尋 Jupyter 延伸模組](command:workbench.extensions.search?\"ms-toolsai.jupyter\")","walkthrough.step.python.installJupyterExt.title":"安裝 Jupyter 延伸模組","walkthrough.step.python.installPythonLinux.description":"Python 延伸模組要求安裝 Python。請透過終端安裝 Python 3。\r\n[透過終端安裝 Python](command:python.installPythonOnLinux)\r\n","walkthrough.step.python.installPythonLinux.title":"安裝 Python","walkthrough.step.python.installPythonMac.description":"Python 延伸模組要求安裝 Python。請透過終端安裝 Python 3。\r\n[透過 Brew 安裝 Python](command:python.installPythonOnMac)\r\n","walkthrough.step.python.installPythonMac.title":"安裝 Python","walkthrough.step.python.installPythonWin8.description":"Python 延伸模組要求安裝 Python。安裝 Python [從 python.org](https://www.python.org/downloads)。\r\n\r\n[安裝 Python](https://www.python.org/downloads)\r\n","walkthrough.step.python.installPythonWin8.title":"安裝 Python","walkthrough.step.python.learnMoreWithDS.altText":"代表文件頁面和郵寄清單資源的影像。","walkthrough.step.python.learnMoreWithDS.description":"🎨 在 [命令選擇區](command:workbench.action.showCommands) 中尋找 \"Python\"，以探索 Python 延伸模組提供的所有功能。\r\n 📈 深入了解如何開始使用 Python 中的 [資料科學](command:workbench.action.openWalkthrough?%7B%22category%22%3A%22ms-python.python%23pythonDataScienceWelcome%22%2C%22step%22%3A%22ms-python.python%23python.createNewNotebook%22%7D)。\r\n✨ 若要深入了解最新功能，請查看我們的 [版本資訊](https://aka.ms/AA8dxtb)。\r\n\r\n[深入了解](https://aka.ms/AA8dqti)","walkthrough.step.python.learnMoreWithDS.description2":"~D83C;~DFA8; 在 [命令選擇區](command:workbench.action.showCommands) 中尋找 \"Python\"，以探索 Python 延伸模組提供的所有功能。\r\n ~D83D;~DCC8; 深入了解如何開始使用 Python 中的 [資料科學](command:workbench.action.openWalkthrough?%7B%22category%22%3A%22ms-python.python%23pythonDataScienceWelcome%22%2C%22step%22%3A%22ms-python.python%23python.createNewNotebook%22%7D)。\r\n✨ 若要深入了解最新功能，請查看我們的 [版本資訊](https://aka.ms/AA8dxtb)。\r\n\r\n[關注 Python 教學課程](https://aka.ms/AA8dqti)","walkthrough.step.python.learnMoreWithDS.title":"探索更多資源","walkthrough.step.python.openInteractiveWindow.altText":"開啟 Python 互動視窗","walkthrough.step.python.openInteractiveWindow.description":"Python 互動視窗是 Python 殼層，您可以在其中執行和檢視 Python 程式碼的結果。您可以輸入 ``#%%``，在 Python 檔案上建立儲存格。\r\n \r\n若要隨時開啟互動視窗，請開啟 [命令選擇區](command:workbench.action.showCommands)，並執行命令\r\n「Jupyter: 建立互動視窗」。\r\n[開啟互動視窗](command:jupyter.createnewinteractive)","walkthrough.step.python.openInteractiveWindow.title":"開啟 Python 互動視窗","walkthrough.step.python.runAndDebug.altText":"如何在 VS Code 中使用 F5 或右上方的播放按鈕來執行和偵錯。","walkthrough.step.python.runAndDebug.description":"開啟您的 Python 檔案，然後按一下編輯器右上方的播放按鈕，或在開啟檔案時按 F5，然後選取 [Python 檔案] 以使用偵錯工具執行。\r\n  \r\n[深入了解](https://code.visualstudio.com/docs/python/python-tutorial#_run-hello-world)","walkthrough.step.python.runAndDebug.title":"執行和偵錯您的 Python 檔案","walkthrough.step.python.selectInterpreter.altText":"從狀態列選取 Python 解譯器","walkthrough.step.python.selectInterpreter.description":"選擇您想要用於 Python 專案的 Python 解譯器/環境。\r\n[選取 Python 解譯器](command:python.setInterpreter)\r\n**提示**: 執行 [命令選擇區](command:workbench.action.showCommands) 中的「Python: 選取解譯器」命令。","walkthrough.step.python.selectInterpreter.title":"選取 Python 解譯器"}
