{"DataScience.exportAsNotebook.shorttitle":"Uložit","DataScience.exportDialogTitle":"Exportovat na Jupyter Notebook","DataScience.installPythonExtensionViaKernelPickerTitle":"Instalovat rozšíření Python","DataScience.installPythonTitle":"Instalovat Python","DataScience.interactiveClearAllCells":"Vymazat vše","DataScience.interactiveCopyCell":"Kopírovat buňku","DataScience.interactiveGoToCode":"Přejít na kód","DataScience.latestExtension":"Stáhněte si nejnovější verzi rozšíření Jupyter","DataScience.notebookExport":"Exportovat","DataScience.notebookExportAs":"Exportovat jako","DataScience.notebookExportAs.shorttitle":"Exportovat","DataScience.refreshDataViewerCommandPalette":"Aktualizovat prohlížeč dat","DataScience.runInDedicatedExtensionHost":"Spustit ve vyhrazeném hostiteli rozšíření","DataScience.switchToRemoteKernelsTitle":"Připojit k serveru Jupyter","capabilities.untrustedWorkspace.description":"Spouštění buněk v interaktivním okně a poznámkových blocích se v nedůvěryhodných pracovních prostorech nepodporuje.","contributes.walkthroughs.jupyterWelcome.description":"První kroky k nastavení projektu Jupyter se všemi výkonnými nástroji a funkcemi, které rozšíření Jupyter nabízí!","contributes.walkthroughs.jupyterWelcome.steps.ipynb.newUntitledIpynb.description":"Klikněte pravým tlačítkem v Průzkumníkovi souborů a vytvořte nový soubor s příponou .ipynb. Nebo otevřete [Command Palette] (command:workbench.action.showCommands) a spusťte příkaz. \r\nCreate: New Jupyter Notebook.\r\n[Create New Jupyter Notebook](command:toSide:ipynb.newUntitledIpynb)\r\n Pokud máte existující projekt, můžete taky [open a folder] (command:toSide:workbench.action.files.openFolder) nebo klonovat projekt z GitHub: [clone a Git repository](command:toSide:git.clone).","contributes.walkthroughs.jupyterWelcome.steps.ipynb.newUntitledIpynb.media.altText":"Vytváří se nový poznámkový blok Jupyter.","contributes.walkthroughs.jupyterWelcome.steps.ipynb.newUntitledIpynb.title":"Vytvořit nebo otevřít Jupyter Notebook","contributes.walkthroughs.jupyterWelcome.steps.jupyter.dataScienceLearnMore.description":"🎨 Prozkoumejte všechny funkce, které rozšíření Jupyter nabízí, vyhledáním „Jupyter“ na [Paletě příkazů](command:workbench.action.showCommands). \r\n 📈 Další informace o tom, jak začít pracovat s datovými vědami v [Pythonu](command:workbench.action.openWalkthrough?%7B%22category%22%3A%22ms-python.python%23pythonDataScienceWelcome%22%2C%22step%22%3A%22ms-python.python%23python.createNewNotebook%22%7D) instalací rozšíření Pythonu ([prohledat rozšíření Pythonu](command:workbench.extensions.search?\"ms-python.python\")). \r\n 📃 Další funkce najdete v našich [kurzech](https://code.visualstudio.com/docs/datascience/jupyter-notebooks).  \r\n[Další informace](https://aka.ms/AAdar6q)","contributes.walkthroughs.jupyterWelcome.steps.jupyter.dataScienceLearnMore.media.altText":"Obrázek představující naši stránku dokumentace a zdroje pro seznam adresátů.","contributes.walkthroughs.jupyterWelcome.steps.jupyter.dataScienceLearnMore.title":"Podívejte se na další informace!","contributes.walkthroughs.jupyterWelcome.steps.jupyter.exploreAndDebug.description":"📅 Přes [Prohlížeč dat](https://code.visualstudio.com/docs/datascience/data-science-tutorial#_prepare-the-data) můžete zobrazit, seřadit a filtrovat řádky dat. Po načtení dat klikněte v pravém horním rohu poznámkového bloku na Proměnné a klikněte na ikonu Prohlížeč dat nalevo od tabulky dat. \r\n \r\n[Další informace o Prohlížeči dat](https://code.visualstudio.com/docs/datascience/data-science-tutorial#_prepare-the-data)\r\n \r\n📒 Umožňuje ladit poznámkový blok pomocí režimu [Spustit podle řádku](https://code.visualstudio.com/docs/datascience/jupyter-notebooks#_run-by-line), aby se buňka spouštěla po jednom řádku. Klikněte na ikonu Spustit podle řádku z buňky (tlačítko Přehrát s řádky) nebo stiskněte F10. \r\n \r\n[Další informace o režimu Spustit podle řádku](https://code.visualstudio.com/docs/datascience/jupyter-notebooks#_run-by-line)","contributes.walkthroughs.jupyterWelcome.steps.jupyter.exploreAndDebug.media.altText":"Otevírání prohlížeče dat","contributes.walkthroughs.jupyterWelcome.steps.jupyter.exploreAndDebug.title":"Prozkoumání dat a ladění","contributes.walkthroughs.jupyterWelcome.steps.jupyter.selectKernel.description":"Klikněte na možnost Vybrat jádro v pravém horním rohu poznámkového bloku a zvolte prostředí, ve kterém se má jádro spustit. Nebo, když je otevřený poznámkový blok a je v fokusu, otevřete [Command Palette] (command:workbench.action.showCommands) a spusťte příkaz: \r\nPoznámkový blok: Vyberte jádro poznámkového bloku. \r\n[Open Command Palette to Select a Jupyter Kernel](command:workbench.action.showCommands)","contributes.walkthroughs.jupyterWelcome.steps.jupyter.selectKernel.media.altText":"Výběr nebo změna jádra poznámkového bloku","contributes.walkthroughs.jupyterWelcome.steps.jupyter.selectKernel.title":"Vybrat jádro Jupyter","contributes.walkthroughs.jupyterWelcome.title":"Začínáme s poznámkovými bloky Jupyter","jupyter.command.dataScience.clearCache.title":"Vymazat mezipaměť","jupyter.command.dataScience.clearUserProviderJupyterServerCache.title":"Vymazat mezipaměť uživatele Jupyter Server","jupyter.command.jupyter.addcellbelow.title":"Přidat do souboru prázdnou buňku","jupyter.command.jupyter.changeCellToCode.title":"Změnit buňku na kód","jupyter.command.jupyter.changeCellToMarkdown.title":"Změnit buňku na Markdown","jupyter.command.jupyter.clearSavedJupyterUris.title":"Vymazat server vzdálených serverů Jupyter","jupyter.command.jupyter.collapseallcells.shorttitle":"Sbalit","jupyter.command.jupyter.collapseallcells.title":"Sbalit všechny interaktivní buňky","jupyter.command.jupyter.createnewinteractive.title":"Vytvořit okno Interactive","jupyter.command.jupyter.createnewnotebook.title":"Vytvořit nový Jupyter Notebook","jupyter.command.jupyter.debugCell.title":"Ladit buňku","jupyter.command.jupyter.debugFileInteractive.title":"Ladit aktuální soubor přes okno Interactive","jupyter.command.jupyter.debugcell.title":"Ladit buňku","jupyter.command.jupyter.debugcontinue.title":"Pokračovat","jupyter.command.jupyter.debugcurrentcell.palette.title":"Ladit aktivní buňku","jupyter.command.jupyter.debugstepover.title":"Krokovat bez vnoření","jupyter.command.jupyter.debugstop.title":"Zastavit","jupyter.command.jupyter.deleteCells.title":"Odstranit vybrané buňky","jupyter.command.jupyter.enableDebugLogging.title":"Povolit protokolování ladění","jupyter.command.jupyter.execSelectionInteractive.title":"Spustit výběr nebo řádek v okně Interactive","jupyter.command.jupyter.expandallcells.shorttitle":"Rozbalit","jupyter.command.jupyter.expandallcells.title":"Rozbalit všechny interaktivní buňky","jupyter.command.jupyter.exportAsPythonScript.title":"Exportovat do skriptu Python","jupyter.command.jupyter.exportToHTML.title":"Exportovat do HTML","jupyter.command.jupyter.exportToPDF.title":"Exportovat do PDF","jupyter.command.jupyter.exportfileandoutputasnotebook.title":"Exportovat aktuální soubor Python a výstup jako Jupyter Notebook","jupyter.command.jupyter.exportfileasnotebook.title":"Exportovat aktuální soubor Python jako Jupyter Notebook","jupyter.command.jupyter.exportoutputasnotebook.title":"Exportovat interaktivní okno jako Jupyter Notebook","jupyter.command.jupyter.extendSelectionByCellAbove.title":"Rozšířit výběr o buňku nahoře","jupyter.command.jupyter.extendSelectionByCellBelow.title":"Rozšířit výběr o buňku níže","jupyter.command.jupyter.filterKernels.title":"Filtrovat jádra","jupyter.command.jupyter.gotoNextCellInFile.title":"Přejít na další buňku","jupyter.command.jupyter.gotoPrevCellInFile.title":"Přejít na předchozí řádek","jupyter.command.jupyter.importnotebook.title":"Importovat Jupyter Notebook","jupyter.command.jupyter.importnotebookfile.title":"Importovat poznámkový blok do skriptu","jupyter.command.jupyter.insertCellAbove.title":"Vložit buňku nad","jupyter.command.jupyter.insertCellBelow.title":"Vložit buňku níže","jupyter.command.jupyter.insertCellBelowPosition.title":"Vložit pozice buňky níže","jupyter.command.jupyter.interruptkernel.shorttitle":"Přerušit","jupyter.command.jupyter.interruptkernel.title":"Přerušit Kernel","jupyter.command.jupyter.moveCellsDown.title":"Přesunout vybrané buňky směrem dolů","jupyter.command.jupyter.moveCellsUp.title":"Přesunout vybrané buňky směrem nahoru","jupyter.command.jupyter.notebookeditor.addcellbelow.title":"Přidat do souboru Notebook prázdnou buňku","jupyter.command.jupyter.notebookeditor.collapseallcells.title":"Sbalit všechny buňky Notebooku","jupyter.command.jupyter.notebookeditor.expandallcells.title":"Rozbalit všechny buňky Notebooku","jupyter.command.jupyter.notebookeditor.removeallcells.title":"Odstranit všechny buňky Notebook Editoru","jupyter.command.jupyter.openOutlineView.shorttitle":"Osnova","jupyter.command.jupyter.openOutlineView.title":"Zobrazit obsah (Zobrazení Osnova)","jupyter.command.jupyter.openVariableView.shorttitle":"Proměnné","jupyter.command.jupyter.openVariableView.title":"Otevřít zobrazení proměnných","jupyter.command.jupyter.redocells.title":"Opakovat poslední interaktivní akci","jupyter.command.jupyter.replayPylanceLog.title":"Přehrání protokolu logaritmu","jupyter.command.jupyter.replayPylanceLogStep.title":"Protokol krokování","jupyter.command.jupyter.resetLoggingLevel.title":"Resetovat úroveň protokolování","jupyter.command.jupyter.restartkernel.shorttitle":"Restartovat","jupyter.command.jupyter.restartkernel.title":"Restartovat Kernel","jupyter.command.jupyter.restartkernelandrunallcells.shorttitle":"Restartovat a spustit vše","jupyter.command.jupyter.restartkernelandrunallcells.title":"Restartovat jádro a spustit všechny buňky","jupyter.command.jupyter.restartkernelandrunuptoselectedcell.title":"Restartovat jádro a spustit až do vybrané buňky","jupyter.command.jupyter.runByLine.title":"Spustit po řádcích","jupyter.command.jupyter.runByLineNext.title":"Spustit další řádek","jupyter.command.jupyter.runByLineStop.title":"Pokračovat v provádění","jupyter.command.jupyter.runFileInteractive.title":"Ladit aktuální soubor v okně Interactive","jupyter.command.jupyter.runallcells.title":"Spustit všechny buňky","jupyter.command.jupyter.runallcellsabove.palette.title":"Spustit buňky nad aktivní buňkou","jupyter.command.jupyter.runallcellsabove.title":"Spustit výše","jupyter.command.jupyter.runcell.title":"Spustit buňku","jupyter.command.jupyter.runcellandallbelow.title":"Spustit níže","jupyter.command.jupyter.runcurrentcell.title":"Spustit aktivní buňku","jupyter.command.jupyter.runcurrentcelladvance.title":"Spustit aktivní buňku a pokračovat","jupyter.command.jupyter.runcurrentcellandallbelow.palette.title":"Spustit aktivní buňku a buňku pod","jupyter.command.jupyter.runfromline.title":"Spustit z řádku v okně Interactive","jupyter.command.jupyter.runtoline.title":"Spustit na řádek v okně Interactive","jupyter.command.jupyter.scrolltocell.title":"Posunout buňku do zobrazení","jupyter.command.jupyter.selectCell.title":"Vybrat buňku","jupyter.command.jupyter.selectCellContents.title":"Vybrat obsah buňky","jupyter.command.jupyter.selectJupyterInterpreter.title":"Vyberte interpret, abyste spustili Jupyter Server","jupyter.command.jupyter.showDataViewer.title":"Zobrazit hodnotu v prohlížeči dat","jupyter.command.jupyter.undocells.title":"Vrátit zpět poslední interaktivní akci","jupyter.command.jupyter.viewOutput.title":"Zobrazit výstup","jupyter.commandPalette.jupyter.replayPylanceLog.title":"Přehrání protokolu logaritmu","jupyter.configuration.jupyter.addGotoCodeLenses.deprecationMessage":"Toto nastavení bylo vyřazeno ve prospěch jupyter.interactiveWindow.codeLens.enableGotoCell.","jupyter.configuration.jupyter.addGotoCodeLenses.description":"Po spuštění buňky přidejte do buňky 'Goto' oddíl kódu. Poznámka: Zakázáním všech oddílů kódu zakážete i tento oddíl kódu.","jupyter.configuration.jupyter.allowUnauthorizedRemoteConnection.description":"Povolí připojení okno Interactive k https serveru Jupyter, který nemá platné certifikáty. Toto může představovat bezpečnostní riziko, proto se používá jenom pro známé a důvěryhodné servery.","jupyter.configuration.jupyter.askForKernelRestart.description":"Upozorněte uživatele před restartováním jádra.","jupyter.configuration.jupyter.askForLargeDataFrames.description":"Upozornit uživatele před pokusem o otevření velkých datových rámců.","jupyter.configuration.jupyter.codeLenses.deprecationMessage":"Toto nastavení je zastaralé a místo toho se používá jupyter.interactiveWindow.codeLens.commands.","jupyter.configuration.jupyter.codeLenses.description":"Sada příkazů, které se mají umístit jako oddíl kódu nad buňku.","jupyter.configuration.jupyter.codeRegularExpression.deprecationMessage":"Toto nastavení bylo vyřazeno ve prospěch jupyter.interactiveWindow.cellMarker.codeRegex.","jupyter.configuration.jupyter.codeRegularExpression.description":"Regulární výraz sloužící k identifikaci buněk kódu. Veškerý kód až do další shody se považuje za součást této buňky.","jupyter.configuration.jupyter.debugCodeLenses.deprecationMessage":"Toto nastavení je zastaralé a místo toho se používá jupyter.interactiveWindow.codeLes.debugCommands.","jupyter.configuration.jupyter.debugCodeLenses.description":"Sada příkazů ladění, které se mají při ladění umístit jako oddíl kódu nad buňku.","jupyter.configuration.jupyter.debugJustMyCode.description":"Při ladění proveďte krokování s vnořením pouze přes uživatelem napsaný kód. Pokud chcete povolit krokování s vnořením do kódu knihovny, zakažte tuto možnost.","jupyter.configuration.jupyter.debugpyDistPath.description":"Cesta k ladicím bitům pro buňky ladění.","jupyter.configuration.jupyter.decorateCells.deprecationMessage":"Toto nastavení bylo vyřazeno ve prospěch jupyter.interactiveWindow.cellMarker.decorateCells.","jupyter.configuration.jupyter.decorateCells.description":"Nakreslete zvýraznění za aktuálně aktivní buňkou nebo všemi buňkami v souboru Pythonu.","jupyter.configuration.jupyter.defaultCellMarker.deprecationMessage":"Toto nastavení je zastaralé a místo toho se používá jupyter.interactiveWindow.cellMarker.default.","jupyter.configuration.jupyter.defaultCellMarker.description":"Značka buňky, která se používá k vymezení buňky v souboru Python.","jupyter.configuration.jupyter.disableJupyterAutoStart.description":"Když se nastaví na true, Jupyter se za vás nebude automaticky spouštět. Pokud chcete spustit Jupyter, musíte místo toho spustit buňku.","jupyter.configuration.jupyter.enableAutoMoveToNextCell.deprecationMessage":"Toto nastavení bylo vyřazeno ve prospěch jupyter.interactiveWindow.textEditor.autoMoveToNextCell.","jupyter.configuration.jupyter.enableAutoMoveToNextCell.description":"Umožňuje přechod na další buňku při kliknutí na oddíl kódu Spustit buňku.","jupyter.configuration.jupyter.enableCellCodeLens.deprecationMessage":"Toto nastavení je zastaralé a místo toho se používá jupyter.interactiveWindow.codeLens.enable.","jupyter.configuration.jupyter.enableCellCodeLens.description":"Povolí oddíl kódu pro „cells“ v souboru Pythonu.","jupyter.configuration.jupyter.enableExtendedKernelCompletions.markdownDescription":"Povoluje podporu Jedi pro rozšířené dokončování IntelliSense při spouštění jader Jupyter (viz toto [nastavení](https://ipython.readthedocs.io/en/stable/config/options/terminal.html?highlight=use_jedi#configtrait-Completer.use_jedi)). To může výrazně ovlivnit výkon provádění buněk poznámkového bloku. Buďte opatrní.","jupyter.configuration.jupyter.excludeUserSitePackages.description":"Před spuštěním přidejte PYTHONNOUSERSITE do jader. Tato možnost zabrání použití globálních nebo uživatelských balíčků webů v PYTHONPATH jádra.","jupyter.configuration.jupyter.experiments.enabled.description":"Povolí nebo zakáže testy A/B.","jupyter.configuration.jupyter.experiments.optInto.markdownDescription":"Seznam experimentů, ze kterých se lze přihlásit. Pokud je prázdný, je uživatel přiřazen k výchozí skupinám experimentů. [Learn more](https://github.com/microsoft/vscode-jupyter/wiki/Experiments).","jupyter.configuration.jupyter.experiments.optOutFrom.markdownDescription":"Seznam experimentů, ze kterých se lze odhlásit. Pokud je prázdný, je uživatel přiřazen k výchozí skupinám experimentů. [Další informace](https://github.com/microsoft/vscode-jupyter/wiki/Experiments).","jupyter.configuration.jupyter.exportWithOutputEnabled.description":"Povolte export souboru Pythonu do poznámkového bloku Jupyter a při tom spusťte všechny buňky.","jupyter.configuration.jupyter.generateSVGPlots.deprecationMessage":"Toto nastavení je zastaralé a bude odebráno v příští verzi.","jupyter.configuration.jupyter.generateSVGPlots.description":"Vygeneruje výstup SVG pro diagramy poznámkových bloků. To umožňuje lepší zobrazení v prohlížeči diagramů za cenu rychlosti generování a velikosti souboru.","jupyter.configuration.jupyter.ignoreVscodeTheme.deprecationMessage":"Toto nastavení je zastaralé a bude odebráno v příští verzi.","jupyter.configuration.jupyter.ignoreVscodeTheme.description":"Nepoužívejte motiv VS Code v okno Interactive (vyžaduje opětovné načtení VS Code). Tím vynutíte, aby okno Interactive používalo Light +(default light) a zakázala výchozí hodnoty matplotlib.","jupyter.configuration.jupyter.interactiveWindowMode.deprecationMessage":"Toto nastavení je zastaralé a místo toho se používá jupyter.interactiveWindow.creationMode.","jupyter.configuration.jupyter.interactiveWindowMode.description":"Chování interaktivního okna 'perFile' vytvoří nové interaktivní okno pro každý soubor, na kterém běží buňka. 'single' umožňuje jedno okno. 'multiple' umožňuje vytvoření vícenásobného.","jupyter.configuration.jupyter.interactiveWindowViewColumn.deprecationMessage":"Toto nastavení je zastaralé a místo toho se používá jupyter.interactiveWindow.viewColumn.","jupyter.configuration.jupyter.interactiveWindowViewColumn.description":"Kde otevřít interaktivní okno, které není přidružené k souboru Pythonu. 'beside' otevře interaktivní okno napravo od aktivního editoru. 'active'' otevře interaktivní okno místo aktivního editoru. 'secondGroup' otevře interaktivní okno ve druhé skupině editorů.","jupyter.configuration.jupyter.jupyterCommandLineArguments.description":"Pokud je spuštěn server Jupyter, tyto argumenty se předají do rozhraní příkazového řádku Jupyter Notebook. Ve výchozím nastavení je tento seznam generován rozšířením Jupyter.","jupyter.configuration.jupyter.jupyterInterruptTimeout.description":"Doba (v ms), po kterou se má čekat na přerušení, než se požádá o restartování jádra Jupyter.","jupyter.configuration.jupyter.jupyterLaunchRetries.description":"Počet pokusů o připojení k Jupyter Notebook","jupyter.configuration.jupyter.jupyterLaunchTimeout.description":"Doba (v ms), po kterou se má čekat na spuštění Jupyter Notebook serveru.","jupyter.configuration.jupyter.kernels.filter.markdownDescription":"Seznam prostředí Python, která se mají vyloučit z výběru jádra Kernel.","jupyter.configuration.jupyter.kernels.trusted.markdownDescription":"Zadejte plně kvalifikované cesty k souborům specifikace jádra, které mají být důvěryhodné. Například C:\\Program Data\\Jupyter\\kernels\\python3\\kernel.json.  \r\n**Poznámka**: Jádra můžou spouštět kód s uživatelskými oprávněními. Kliknutím [sem](https://aka.ms/JupyterTrustedKernelPaths) zobrazíte další podrobnosti.","jupyter.configuration.jupyter.logKernelOutputSeparately.description":"Vytvoří samostatné výstupní panely pro výstup konzoly jádra/jupyter serveru.","jupyter.configuration.jupyter.logging.level.description":"Úroveň protokolování, na které se rozšíření protokoluje.","jupyter.configuration.jupyter.magicCommandsAsComments.deprecationMessage":"Toto nastavení je zastaralé a nahrazuje jupyter.interactiveWindow.textEditor.magicCommandsAsComments.","jupyter.configuration.jupyter.magicCommandsAsComments.description":"Při analýze buněk kódu odkomentovat přiřazení prostředí (#!), magické číslo řádku (#!%) a magické číslo buňky (#!%%).","jupyter.configuration.jupyter.markdownRegularExpression.deprecationMessage":"Toto nastavení je zastaralé a místo toho se používá jupyter.interactiveWindow.cellMarker.markdownRegex.","jupyter.configuration.jupyter.markdownRegularExpression.description":"Regulární výraz, který se používá k identifikaci buněk Markdownu. Všechny komentáře za tímto výrazem jsou považovány za součást markdownu.","jupyter.configuration.jupyter.newCellOnRunLast.deprecationMessage":"Toto nastavení bylo vyřazeno ve prospěch jupyter.interactiveWindow.textEditor.autoAddNewCell.","jupyter.configuration.jupyter.newCellOnRunLast.description":"Umožňuje připojit novou prázdnou buňku k souboru interaktivního okna při spuštění poslední buňky.","jupyter.configuration.jupyter.notebookFileRoot.description":"Umožňuje nastavit kořenový adresář pro spouštění poznámkových bloků a okno Interactive.","jupyter.configuration.jupyter.pythonCellFolding.deprecationMessage":"Toto nastavení je zastaralé a místo toho se používá jupyter.interactiveWindow.textEditor.cellFolding.","jupyter.configuration.jupyter.pythonCellFolding.description":"Povolit sbalování oblastí pro buňky kódu v souborech Pythonu. Toto nastavení vyžaduje opětovné načtení VS Code.","jupyter.configuration.jupyter.pythonCompletionTriggerCharacters.description":"Znaky, které aktivují automatické dokončování v jádru jupyter python.","jupyter.configuration.jupyter.pythonExportMethod.description":"Metoda, která se má použít při exportu poznámkového bloku do souboru Python 'direct' se zkopíruje přes kód tak, jak je. 'commentMagics' bude komentovat řádky začínající magikou řádku (%), magikou buňky (%%) a příkazy prostředí (!). 'nbconvert' nainstaluje nbconvert a použije ho pro převod, který může přeložit syntaxi iPython na syntaxi Python.","jupyter.configuration.jupyter.remoteDebuggerPort.deprecationMessage":"Toto nastavení je zastaralé a bude odebráno v příští verzi.","jupyter.configuration.jupyter.remoteDebuggerPort.description":"Při ladění buňky otevřete tento port ve vzdáleném poli. Pokud je zadán parametr -1, bude proveden pokus o náhodný port mezi 8889 a 9000.","jupyter.configuration.jupyter.runStartupCommands.description":"Řada instrukcí Python nebo příkazy magic iPython. Může to být pole řetězců nebo jeden řetězec s příkazy oddělenými znakem „\\n“. Příkazy se budou bez upozornění spouštět pokaždé, když se načte interaktivní okno. Pokud například chcete automaticky znovu načíst změny pro importované soubory, aniž byste museli restartovat interaktivní relaci, nastavte tuto možnost na %load_ext autoreload\\n%autoreload 2.","jupyter.configuration.jupyter.searchForJupyter.deprecationMessage":"Toto nastavení je zastaralé a v budoucí verzi se odebere.","jupyter.configuration.jupyter.searchForJupyter.description":"Při spuštění okno Interactive vyhledat instalaci Jupyter ve všech nainstalovaných interpretech Python","jupyter.configuration.jupyter.sendSelectionToInteractiveWindow.deprecationMessage":"Toto nastavení je zastaralé a místo toho se používá jupyter.interactiveWindow.textEditor.executeSelection.","jupyter.configuration.jupyter.sendSelectionToInteractiveWindow.description":"Když stisknete shift+enter, pošle se vybraný kód v souboru Python do interaktivního okna Jupyter na rozdíl od terminálu Python.","jupyter.configuration.jupyter.showOutlineButtonInNotebookToolbar.description":"Umožňuje zobrazit tlačítko Osnova na panelu nástrojů poznámkového bloku Jupyter.","jupyter.configuration.jupyter.showVariableViewWhenDebugging.description":"Umožňuje vyvolat zobrazení proměnných při spuštění relace Spustit podle řádku.","jupyter.configuration.jupyter.stopOnFirstLineWhileDebugging.description":"Při ladění buňky zastavte na prvním řádku.","jupyter.configuration.jupyter.themeMatplotlibPlots.description":"Výstupy matplotlib motivu editoru okno Interactive a poznámkového bloku odpovídají motivu editoru VS Code.","jupyter.configuration.jupyter.useDefaultConfigForJupyter.description":"Při místním spuštění Jupyteru vytvořte výchozí prázdnou konfiguraci Jupyter.","jupyter.configuration.jupyter.variableExplorerExclude.description":"Typy, které se mají vyloučit ze zobrazení v interaktivním průzkumníku proměnných","jupyter.configuration.jupyter.variableQueries.deprecationMessage":"Toto nastavení je zastaralé a bude odebráno v příští verzi.","jupyter.configuration.jupyter.variableQueries.markdownDescription":"Jazyk pro mapování dotazů pro vrácení seznamu aktivních proměnných v jádru Jupyter. Používá se Průzkumník proměnných v interaktivním okně i v poznámkových blocích. Příklad:\r\n\r\n[\r\n  {\r\n    \"language\": \"python\",\r\n    \"query\": \"%who_ls\",\r\n    \"parseExpr\": \"(\\\\w+)\"\r\n  }\r\n]\r\n'","jupyter.configuration.jupyter.widgetScriptSources.items.enumDescriptions.0":"Načte skripty widgetu (javascript) z https://www.jsdelivr.com/.","jupyter.configuration.jupyter.widgetScriptSources.items.enumDescriptions.1":"Načte skripty widgetu (javascript) z https://unpkg.com/.","jupyter.configuration.jupyter.widgetScriptSources.markdownDescription":"Definuje umístění a pořadí zdrojů, ze kterých se stahují soubory skriptů pro widgety (např. ipywidgest, bqplot, beakerx, ipyleaflet atd.). Když žádnou z nich nevyberete, widgety se nevykreslí nebo nebudou fungovat správně. Další informace najdete [tady](https://aka.ms/PVSCIPyWidgets). Po aktualizaci bude nutné restartovat jádro.","jupyter.debuggers.interactive":"Interaktivní okno Python","jupyter.debuggers.kernel":"Adaptér ladění jádra Python","jupyter.notebookRenderer.Error.displayName":"Vykreslovací modul chyb Jupyter","jupyter.notebookRenderer.IPyWidget.displayName":"Jupyter IPyWidget Renderer"}
