{"DataScience.exportAsNotebook.shorttitle":"Guardar","DataScience.exportDialogTitle":"Exportar a Jupyter Notebook","DataScience.installPythonExtensionViaKernelPickerTitle":"Instalar extensión de Python","DataScience.installPythonTitle":"Instalar Python","DataScience.interactiveClearAllCells":"Borrar todo","DataScience.interactiveCopyCell":"Copiar celda","DataScience.interactiveGoToCode":"Ir al código","DataScience.latestExtension":"Descargar la versión más reciente de la extensión de Jupyter","DataScience.notebookExport":"Exportar","DataScience.notebookExportAs":"Exportar como","DataScience.notebookExportAs.shorttitle":"Exportar","DataScience.refreshDataViewerCommandPalette":"Actualizar visor de datos","DataScience.runInDedicatedExtensionHost":"Ejecutar en el host de extensiones dedicado","DataScience.switchToRemoteKernelsTitle":"Conexión a un servidor de Jupyter Server","capabilities.untrustedWorkspace.description":"La ejecución de celdas en la Ventana Interactiva y en los blocs de notas no es compatible con las áreas de trabajo no confiables.","contributes.walkthroughs.jupyterWelcome.description":"Sus primeros pasos para configurar un proyecto Jupyter con todas las potentes herramientas y funciones que ofrece la extensión Jupyter.","contributes.walkthroughs.jupyterWelcome.steps.ipynb.newUntitledIpynb.description":"Haga clic con el botón derecho del ratón en el explorador de archivos y cree un nuevo archivo con extensión .ipynb. O bien, abra la [paleta de comandos](command:workbench.action.showCommands) y ejecute el comando \r\n\"Crear: nuevo bloc de notas de Jupyter\".\r\n[crear un nuevo bloc de notas de Jupyter](command:toSide:ipynb.newUntitledIpynb)\r\n Si tiene un proyecto existente, también puede [abrir una carpeta](command:toSide:workbench.action.files.openFolder) y/o clonar un proyecto desde GitHub: [clonar un repositorio Git](command:toSide:git.clone).","contributes.walkthroughs.jupyterWelcome.steps.ipynb.newUntitledIpynb.media.altText":"Creación de un nuevo bloc de notas de Jupyter","contributes.walkthroughs.jupyterWelcome.steps.ipynb.newUntitledIpynb.title":"Crear o abrir un Jupyter Notebook","contributes.walkthroughs.jupyterWelcome.steps.jupyter.dataScienceLearnMore.description":"🎨 Explora todas las funciones que ofrece la extensión Jupyter buscando \"Jupyter\" en la [Paleta de comandos](command:workbench.action.showCommands). \r\n 📈 Obtén más información sobre cómo comenzar con la ciencia de datos en [Python](command:workbench.action.openWalkthrough?%7B%22category%22%3A%22ms-python.python%23pythonDataScienceWelcome%22%2C%22step%22%3A%22ms-python.python%23python.createNewNotebook%22%7D) instalando la extensión de Python ([buscar la extensión de Python](command:workbench.extensions.search?\"ms-python.python\")). \r\n 📃 Descubre más funciones en nuestros [Tutoriales](https://code.visualstudio.com/docs/datascience/jupyter-notebooks).  \r\n[Más información](https://aka.ms/AAdar6q)","contributes.walkthroughs.jupyterWelcome.steps.jupyter.dataScienceLearnMore.media.altText":"Imagen que representa nuestra página de documentación y recursos de la lista de correo.","contributes.walkthroughs.jupyterWelcome.steps.jupyter.dataScienceLearnMore.title":"¡Más información!","contributes.walkthroughs.jupyterWelcome.steps.jupyter.exploreAndDebug.description":"📅 Puede utilizar el [visor de datos](https://code.visualstudio.com/docs/datascience/data-science-tutorial#_prepare-the-data) para ver, ordenar y filtrar las filas de datos. Después de cargar sus datos, haga clic en \"Variables\" en la parte superior derecha del bloc de notas y haga clic en el icono del Visor de datos a la izquierda de la tabla de datos. \r\n \r\n[más información sobre el Visor de datos](https://code.visualstudio.com/docs/datascience/data-science-tutorial#_prepare-the-data)\r\n \r\n📒 Depure su bloc de notas utilizando el modo [ejecutar por línea](https://code.visualstudio.com/docs/datascience/jupyter-notebooks#_run-by-line) para ejecutar una celda por línea. Haga clic en el icono Ejecutar por línea de la celda (botón de reproducción con líneas) o presione F10. \r\n \r\n[Obtenga más información sobre la ejecución por líneas](https://code.visualstudio.com/docs/datascience/jupyter-notebooks#_run-by-line)","contributes.walkthroughs.jupyterWelcome.steps.jupyter.exploreAndDebug.media.altText":"Abrir el visor de datos","contributes.walkthroughs.jupyterWelcome.steps.jupyter.exploreAndDebug.title":"Explorar datos y depurar","contributes.walkthroughs.jupyterWelcome.steps.jupyter.selectKernel.description":"Haga clic en Seleccionar núcleo en la parte superior derecha del bloc de notas y elija el entorno en el que desea ejecutar su núcleo. O bien, con el bloc de notas abierto y enfocado, abra la [paleta de comandos](command:workbench.action.showCommands) y ejecute el comando \r\n\"Bloc de notas: seleccionar núcleo de bloc de notas\". \r\n[abrir la Paleta de comandos para seleccionar un núcleo de Jupyter](command:workbench.action.showCommands)","contributes.walkthroughs.jupyterWelcome.steps.jupyter.selectKernel.media.altText":"Seleccionar o cambiar el núcleo de un bloc de notas","contributes.walkthroughs.jupyterWelcome.steps.jupyter.selectKernel.title":"Seleccione un núcleo Jupyter","contributes.walkthroughs.jupyterWelcome.title":"Introducción a Jupyter Notebook","jupyter.command.dataScience.clearCache.title":"Borrar caché","jupyter.command.dataScience.clearUserProviderJupyterServerCache.title":"Borrar caché de servidor de Jupyter de usuario","jupyter.command.jupyter.addcellbelow.title":"Agregar celda vacía al archivo","jupyter.command.jupyter.changeCellToCode.title":"Cambiar la celda a código","jupyter.command.jupyter.changeCellToMarkdown.title":"Cambiar la celda a Markdown","jupyter.command.jupyter.clearSavedJupyterUris.title":"Borrar lista de servidores remotos de Jupyter","jupyter.command.jupyter.collapseallcells.shorttitle":"Contraer","jupyter.command.jupyter.collapseallcells.title":"Contraer todas las celdas interactivas","jupyter.command.jupyter.createnewinteractive.title":"Crear ventana interactiva","jupyter.command.jupyter.createnewnotebook.title":"Crear un nuevo Jupyter Notebook","jupyter.command.jupyter.debugCell.title":"Depurar celda","jupyter.command.jupyter.debugFileInteractive.title":"Depurar archivo actual en ventana interactiva","jupyter.command.jupyter.debugcell.title":"Depurar celda","jupyter.command.jupyter.debugcontinue.title":"Continuar","jupyter.command.jupyter.debugcurrentcell.palette.title":"Depurar celda actual","jupyter.command.jupyter.debugstepover.title":"Paso a paso por procedimientos","jupyter.command.jupyter.debugstop.title":"Detener","jupyter.command.jupyter.deleteCells.title":"Eliminar celdas seleccionadas","jupyter.command.jupyter.enableDebugLogging.title":"Habilitar registro de depuración","jupyter.command.jupyter.execSelectionInteractive.title":"Ejecutar selección o línea en la ventana interactiva","jupyter.command.jupyter.expandallcells.shorttitle":"Expandir","jupyter.command.jupyter.expandallcells.title":"Expandir todas las celdas interactivas","jupyter.command.jupyter.exportAsPythonScript.title":"Exportar a script de Python","jupyter.command.jupyter.exportToHTML.title":"Exportar a HTML","jupyter.command.jupyter.exportToPDF.title":"Exportar a PDF","jupyter.command.jupyter.exportfileandoutputasnotebook.title":"Exportar archivo y salida actuales de Python como Jupyter Notebook","jupyter.command.jupyter.exportfileasnotebook.title":"Exportar el archivo de Python actual como Jupyter Notebook","jupyter.command.jupyter.exportoutputasnotebook.title":"Exportar ventana interactiva como Jupyter Notebook","jupyter.command.jupyter.extendSelectionByCellAbove.title":"Extender selección por celda superior","jupyter.command.jupyter.extendSelectionByCellBelow.title":"Extender selección por celda inferior","jupyter.command.jupyter.filterKernels.title":"Núcleos de filtro","jupyter.command.jupyter.gotoNextCellInFile.title":"Ir a la celda siguiente","jupyter.command.jupyter.gotoPrevCellInFile.title":"Ir a la celda anterior","jupyter.command.jupyter.importnotebook.title":"Importar Jupyter Notebook","jupyter.command.jupyter.importnotebookfile.title":"Importar bloc de notas a script","jupyter.command.jupyter.insertCellAbove.title":"Insertar celda arriba","jupyter.command.jupyter.insertCellBelow.title":"Insertar celda abajo","jupyter.command.jupyter.insertCellBelowPosition.title":"Insertar celda debajo de la posición","jupyter.command.jupyter.interruptkernel.shorttitle":"Interrumpir","jupyter.command.jupyter.interruptkernel.title":"Interrumpir Kernel","jupyter.command.jupyter.moveCellsDown.title":"Bajar celdas seleccionadas","jupyter.command.jupyter.moveCellsUp.title":"Subir celdas seleccionadas","jupyter.command.jupyter.notebookeditor.addcellbelow.title":"Agregar celda vacía al archivo de Notebook","jupyter.command.jupyter.notebookeditor.collapseallcells.title":"Contraer todas las celdas de Notebook","jupyter.command.jupyter.notebookeditor.expandallcells.title":"Expandir todas las celdas de Notebook","jupyter.command.jupyter.notebookeditor.removeallcells.title":"Eliminar todas las celdas del Editor de Notebook","jupyter.command.jupyter.openOutlineView.shorttitle":"Esquema","jupyter.command.jupyter.openOutlineView.title":"Mostrar tabla de contenido (vista esquema)","jupyter.command.jupyter.openVariableView.shorttitle":"Variables","jupyter.command.jupyter.openVariableView.title":"Abrir vistas variables","jupyter.command.jupyter.redocells.title":"Rehacer Última acción interactiva","jupyter.command.jupyter.replayPylanceLog.title":"Registro de repetición de Pylance","jupyter.command.jupyter.replayPylanceLogStep.title":"Registro de Step Pylance","jupyter.command.jupyter.resetLoggingLevel.title":"Restablecer nivel de registro","jupyter.command.jupyter.restartkernel.shorttitle":"Reiniciar","jupyter.command.jupyter.restartkernel.title":"Reiniciar Kernel","jupyter.command.jupyter.restartkernelandrunallcells.shorttitle":"Reiniciar y ejecutar todo","jupyter.command.jupyter.restartkernelandrunallcells.title":"Reiniciar el núcleo y ejecutar todas las celdas","jupyter.command.jupyter.restartkernelandrunuptoselectedcell.title":"Reiniciar kernel y ejecutar hasta la celda seleccionada","jupyter.command.jupyter.runByLine.title":"Ejecutar por línea","jupyter.command.jupyter.runByLineNext.title":"Ejecutar línea siguiente","jupyter.command.jupyter.runByLineStop.title":"Continuar ejecución","jupyter.command.jupyter.runFileInteractive.title":"Ejecutar archivo actual en ventana interactiva","jupyter.command.jupyter.runallcells.title":"Ejecutar todas las celdas","jupyter.command.jupyter.runallcellsabove.palette.title":"Ejecutar celdas encima de la celda actual","jupyter.command.jupyter.runallcellsabove.title":"Ejecutar arriba","jupyter.command.jupyter.runcell.title":"Ejecutar celda","jupyter.command.jupyter.runcellandallbelow.title":"Ejecutar a continuación","jupyter.command.jupyter.runcurrentcell.title":"Ejecutar celda actual","jupyter.command.jupyter.runcurrentcelladvance.title":"Ejecutar celda actual y avanzar","jupyter.command.jupyter.runcurrentcellandallbelow.palette.title":"Ejecutar celda actual e inferior","jupyter.command.jupyter.runfromline.title":"Ejecutar desde línea en la ventana interactiva","jupyter.command.jupyter.runtoline.title":"Ejecutar hasta la línea en la ventana interactiva","jupyter.command.jupyter.scrolltocell.title":"Desplazar celda a la vista","jupyter.command.jupyter.selectCell.title":"Seleccionar celda","jupyter.command.jupyter.selectCellContents.title":"Seleccionar contenido de celda","jupyter.command.jupyter.selectJupyterInterpreter.title":"Seleccionar intérprete para iniciar el servidor de Jupyter","jupyter.command.jupyter.showDataViewer.title":"Ver valor en el Visor de datos","jupyter.command.jupyter.undocells.title":"Deshacer la última acción interactiva","jupyter.command.jupyter.viewOutput.title":"Mostrar salida","jupyter.commandPalette.jupyter.replayPylanceLog.title":"Registro de repetición de Pylance","jupyter.configuration.jupyter.addGotoCodeLenses.deprecationMessage":"Esta configuración está en desuso y se ha sustituido por jupyter.interactiveWindow.codeLens.enableGotoCell.","jupyter.configuration.jupyter.addGotoCodeLenses.description":"Después de ejecutar una celda, agregue un modelo de código \"Goto\" en la celda. Tenga en cuenta que al desactivar todas los modelos de código también se desactiva este modelo.","jupyter.configuration.jupyter.allowUnauthorizedRemoteConnection.description":"Permitir conectar la ventana interactiva a un servidor Jupyter https que no tiene certificados válidos. Esto puede ser un riesgo para la seguridad, por lo que solo se debe utilizar para servidores conocidos y de confianza.","jupyter.configuration.jupyter.askForKernelRestart.description":"Advertir al usuario antes de reiniciar un kernel.","jupyter.configuration.jupyter.askForLargeDataFrames.description":"Advierte al usuario antes de intentar abrir marcos de datos realmente grandes.","jupyter.configuration.jupyter.codeLenses.deprecationMessage":"Esta configuración está en desuso y se ha sustituido por jupyter.interactiveWindow.codeLens.commands.","jupyter.configuration.jupyter.codeLenses.description":"Conjunto de comandos para poner como modelo de código encima de una celda.","jupyter.configuration.jupyter.codeRegularExpression.deprecationMessage":"Esta configuración está en desuso y se ha sustituido por jupyter.interactiveWindow.cellMarker.codeRegex.","jupyter.configuration.jupyter.codeRegularExpression.description":"Expresión regular utilizada para identificar las celdas de código. Todo el código hasta la siguiente coincidencia se considera parte de esta celda.","jupyter.configuration.jupyter.debugCodeLenses.deprecationMessage":"Esta configuración está en desuso y se ha sustituido por jupyter.interactiveWindow.codeLes.debugCommands.","jupyter.configuration.jupyter.debugCodeLenses.description":"Conjunto de comandos de depuración para poner como modelo de código sobre una celda mientras se depura.","jupyter.configuration.jupyter.debugJustMyCode.description":"Al depurar, solo recorrer el código escrito por el usuario. Deshabilite esta opción para permitir recorrer el código de biblioteca.","jupyter.configuration.jupyter.debugpyDistPath.description":"Ruta de acceso a los bits de depuración para depurar las celdas.","jupyter.configuration.jupyter.decorateCells.deprecationMessage":"Esta configuración está en desuso y se ha sustituido por jupyter.interactiveWindow.cellMarker.decorateCells.","jupyter.configuration.jupyter.decorateCells.description":"Dibujar un resaltado detrás de la celda activa actualmente o todas las celdas en un archivo de Python.","jupyter.configuration.jupyter.defaultCellMarker.deprecationMessage":"Esta configuración está en desuso y se ha sustituido por jupyter.interactiveWindow.cellMarker.default","jupyter.configuration.jupyter.defaultCellMarker.description":"Marcador de celda utilizado para delinear una celda en un archivo python.","jupyter.configuration.jupyter.disableJupyterAutoStart.description":"Cuando es verdadero, desactive la opción de que Jupyter se inicie automáticamente por usted. En su lugar, debe ejecutar una celda para iniciar Jupyter.","jupyter.configuration.jupyter.enableAutoMoveToNextCell.deprecationMessage":"Esta configuración está en desuso y se ha sustituido por jupyter.interactiveWindow.textEditor.autoMoveToNextCell.","jupyter.configuration.jupyter.enableAutoMoveToNextCell.description":"Permite pasar a la siguiente celda al hacer clic en un modelo de código \"Ejecutar celda\".","jupyter.configuration.jupyter.enableCellCodeLens.deprecationMessage":"Esta configuración está en desuso y se ha sustituido por jupyter.interactiveWindow.codeLens.enable.","jupyter.configuration.jupyter.enableCellCodeLens.description":"Activar el modelo de código para las \"celdas\" en un archivo python.","jupyter.configuration.jupyter.enableExtendedKernelCompletions.markdownDescription":"Activa la compatibilidad de Jedi con las terminaciones extendidas de IntelliSense en la ejecución de los núcleos de Jupyter (véase esta [configuración](https://ipython.readthedocs.io/en/stable/config/options/terminal.html?highlight=use_jedi#configtrait-Completer.use_jedi)). Esto puede tener un gran impacto en el rendimiento de la ejecución de las celdas del bloc de notas. Utilícelo con precaución.","jupyter.configuration.jupyter.excludeUserSitePackages.description":"Agregue PYTHONNOUSERSITE a los núcleos antes de iniciarlos. Esto evita que los paquetes de sitios globales/de usuario se utilicen en el PYTHONPATH del núcleo.","jupyter.configuration.jupyter.experiments.enabled.description":"Habilita/deshabilita las pruebas A/B.","jupyter.configuration.jupyter.experiments.optInto.markdownDescription":"Lista de experimentos para participar. Si está vacía, al usuario se le asignan los grupos de experimentos de forma predeterminada [Más información](https://github.com/microsoft/vscode-jupyter/wiki/Experiments).","jupyter.configuration.jupyter.experiments.optOutFrom.markdownDescription":"Lista de experimentos a excluir. Si está vacía, al usuario se le asignan los grupos de experimentos predeterminados. [más información](https://github.com/microsoft/vscode-jupyter/wiki/Experiments).","jupyter.configuration.jupyter.exportWithOutputEnabled.description":"Habilite la exportación de un archivo python a un bloc de notas jupyter y ejecute todas las celdas al hacerlo.","jupyter.configuration.jupyter.generateSVGPlots.deprecationMessage":"Esta configuración es obsoleta y será eliminada en la próxima versión.","jupyter.configuration.jupyter.generateSVGPlots.description":"Genera la salida SVG para los trazados de los blocs de notas. Esto permite una mejor visualización en el visor de gráficos mediante la velocidad de generación y el tamaño del archivo.","jupyter.configuration.jupyter.ignoreVscodeTheme.deprecationMessage":"Esta configuración es obsoleta y será eliminada en la próxima versión.","jupyter.configuration.jupyter.ignoreVscodeTheme.description":"No usar el tema de VS Code en la ventana interactiva (requiere recargar VS Code). Esto obliga a la ventana interactiva a usar \"Luz +(luz predeterminada)\" y desactiva los valores predeterminados de matplotlib.","jupyter.configuration.jupyter.interactiveWindowMode.deprecationMessage":"Esta configuración está en desuso en favor de jupyter.interactiveWindow.creationMode.","jupyter.configuration.jupyter.interactiveWindowMode.description":"Comportamiento de la ventana interactiva. \"perFile\" creará una nueva ventana interactiva para cada archivo que ejecute una celda. 'single' permite la creación de una sola ventana. 'multiple' permite la creación de varias.","jupyter.configuration.jupyter.interactiveWindowViewColumn.deprecationMessage":"Esta configuración está en desuso en favor de jupyter.interactiveWindow.viewColumn.","jupyter.configuration.jupyter.interactiveWindowViewColumn.description":"Dónde abrir una ventana interactiva que no está asociada a un archivo de Python. \"beside\" abrirá la ventana interactiva a la derecha del editor activo. 'active' abrirá la ventana interactiva en lugar del editor activo. 'secondGroup' abrirá la ventana interactiva en el segundo grupo de editores.","jupyter.configuration.jupyter.jupyterCommandLineArguments.description":"Si y cuando se inicia un servidor de Jupyter, estos argumentos se pasarán a la CLI de Jupyter Notebook. De forma predeterminada, esta lista se genera mediante la extensión de Jupyter.","jupyter.configuration.jupyter.jupyterInterruptTimeout.description":"Cantidad de tiempo (en ms) para esperar una interrupción antes de pedir que se reinicie el núcleo de Jupyter.","jupyter.configuration.jupyter.jupyterLaunchRetries.description":"Número de veces que se intenta conectar al Jupyter Notebook","jupyter.configuration.jupyter.jupyterLaunchTimeout.description":"Cantidad de tiempo (en ms) que hay que esperar para que se inicie el servidor Jupyter Notebook","jupyter.configuration.jupyter.kernels.filter.markdownDescription":"Lista de entornos de Python que se excluirán del selector de kernel.","jupyter.configuration.jupyter.kernels.trusted.markdownDescription":"Escriba las rutas de acceso completas a los archivos de especificación de kernel en los que confiar. Por ejemplo, \"C:\\Program Data\\Jupyter\\kernels\\python3\\kernel.json\".  \r\n**Nota**: Los kernels pueden ejecutar código con privilegios de usuario. Haga clic [aquí](https://aka.ms/JupyterTrustedKernelPaths) para más información.","jupyter.configuration.jupyter.logKernelOutputSeparately.description":"Crea paneles de salida separados para la salida de la consola del servidor de núcleos o Jupyter","jupyter.configuration.jupyter.logging.level.description":"El nivel de registro de la extensión.","jupyter.configuration.jupyter.magicCommandsAsComments.deprecationMessage":"Esta configuración está en desuso y se ha sustituido por jupyter.interactiveWindow.textEditor.magicCommandsAsComments.","jupyter.configuration.jupyter.magicCommandsAsComments.description":"Quitar marca de comentario en las asignaciones del shell (#!), la magia de las líneas (#!%) y la magia de las celdas (#!%%) al analizar las celdas de código.","jupyter.configuration.jupyter.markdownRegularExpression.deprecationMessage":"Esta configuración está en desuso y se ha sustituido por jupyter.interactiveWindow.cellMarker.markdownRegex.","jupyter.configuration.jupyter.markdownRegularExpression.description":"Expresión regular utilizada para identificar las celdas del markdown. Todos los comentarios que siguen a esta expresión son considerados parte del markdown.","jupyter.configuration.jupyter.newCellOnRunLast.deprecationMessage":"Esta configuración está en desuso y se ha sustituido por jupyter.interactiveWindow.textEditor.autoAddNewCell.","jupyter.configuration.jupyter.newCellOnRunLast.description":"Agregue una nueva celda vacía a un archivo de ventana interactiva al ejecutar la última celda actual.","jupyter.configuration.jupyter.notebookFileRoot.description":"Establecer el directorio raíz para la ejecución de blocs de notas y la ventana interactiva.","jupyter.configuration.jupyter.pythonCellFolding.deprecationMessage":"Esta configuración está en desuso y se ha sustituido por jupyter.interactiveWindow.textEditor.cellFolding.","jupyter.configuration.jupyter.pythonCellFolding.description":"Habilite las regiones de plegado para celdas de código en archivos de Python. Esta configuración requiere una recarga de VS Code.","jupyter.configuration.jupyter.pythonCompletionTriggerCharacters.description":"Caracteres que activan el autocompletado en un núcleo Jupyter de python.","jupyter.configuration.jupyter.pythonExportMethod.description":"El método a utilizar cuando se exporta un bloc de notas a un archivo Python. 'direct' copiará el código directamente como está. 'commentMagics' comentará las líneas que comienzan con magias de línea (%), magias de celda (%%), y comandos de la shell (!). 'nbconvert' instalará nbconvert y lo utilizará para la conversión que puede traducir la sintaxis de iPython a la sintaxis de Python.","jupyter.configuration.jupyter.remoteDebuggerPort.deprecationMessage":"Esta configuración es obsoleta y será eliminada en la próxima versión.","jupyter.configuration.jupyter.remoteDebuggerPort.description":"Al depurar una celda, abra este puerto en el cuadro remoto. Si se especifica -1, se intentará abrir un puerto aleatorio entre 8 889 y 9 000.","jupyter.configuration.jupyter.runStartupCommands.description":"Una serie de instrucciones de Python o comandos mágicos de iPython. Puede ser una matriz de cadenas o una sola cadena con comandos separados por \"\\n\". Los comandos se ejecutarán silenciosamente cada vez que se cargue la ventana interactiva. Por ejemplo, establezca esto a \"%load_ext autoreload\\n%autoreload 2\" para recargar automáticamente los cambios realizados en los archivos importados sin tener que reiniciar la sesión interactiva.","jupyter.configuration.jupyter.searchForJupyter.deprecationMessage":"Esta configuración es obsoleta y será eliminada en la próxima versión.","jupyter.configuration.jupyter.searchForJupyter.description":"Buscar todos los intérpretes de Python instalados para una instalación de Jupyter al iniciar la ventana interactiva","jupyter.configuration.jupyter.sendSelectionToInteractiveWindow.deprecationMessage":"Esta configuración está en desuso y se ha sustituido por jupyter.interactiveWindow.textEditor.executeSelection.","jupyter.configuration.jupyter.sendSelectionToInteractiveWindow.description":"Al pulsar shift+enter, envía el código seleccionado en un archivo Python a la ventana interactiva de Jupyter en lugar de a la terminal de Python.","jupyter.configuration.jupyter.showOutlineButtonInNotebookToolbar.description":"Mostrar el botón de esquema en la barra de herramientas de Jupyter notebook.","jupyter.configuration.jupyter.showVariableViewWhenDebugging.description":"Trae la Vista de variables cuando se inicia una sesión de Ejecución por Línea.","jupyter.configuration.jupyter.stopOnFirstLineWhileDebugging.description":"Al depurar una celda, deténgase en la primera línea.","jupyter.configuration.jupyter.themeMatplotlibPlots.description":"En la ventana interactiva y en el tema del editor de blocs de notas, las salidas de matplotlib coinciden con el tema del editor de VS Code.","jupyter.configuration.jupyter.useDefaultConfigForJupyter.description":"Cuando Jupyter es ejecutado de forma local, se crea una configuración de Jupyter vacía por defecto","jupyter.configuration.jupyter.variableExplorerExclude.description":"Tipos que hay que excluir para que no sean mostrados en el Explorador Interactivo de Variables","jupyter.configuration.jupyter.variableQueries.deprecationMessage":"Esta configuración es obsoleta y será eliminada en la próxima versión.","jupyter.configuration.jupyter.variableQueries.markdownDescription":"Mapeo de lenguaje a consulta para devolver la lista de variables activas en un núcleo Jupyter. Utilizado por el Explorador de variables tanto en la Ventana Interactiva como en los blocs de notas. Ejemplo:\r\n```\r\n[\r\n  {\r\n    \"language\": \"python\",\r\n    \"query\": \"%who_ls\",\r\n    \"parseExpr\": \"'(\\\\w+)'\"\r\n  }\r\n]\r\n```","jupyter.configuration.jupyter.widgetScriptSources.items.enumDescriptions.0":"Carga los scripts de los widgets (javascript) desde https://www.jsdelivr.com/","jupyter.configuration.jupyter.widgetScriptSources.items.enumDescriptions.1":"Carga los scripts de los widgets (javascript) desde https://unpkg.com/","jupyter.configuration.jupyter.widgetScriptSources.markdownDescription":"Define la ubicación y el orden de las fuentes de donde se descargan los archivos de scripts para los Widgets (por ejemplo, ipywidgest, bqplot, beakerx, ipyleaflet, etc). Si no se selecciona alguno de ellos, los widgets podrían no renderizarse o funcionar correctamente. Consulte [aquí](https://aka.ms/PVSCIPyWidgets) para obtener más información. Una vez actualizado deberá reiniciar el núcleo.","jupyter.debuggers.interactive":"Ventana interactiva de Python","jupyter.debuggers.kernel":"Adaptador de depuración del núcleo de Python","jupyter.notebookRenderer.Error.displayName":"Renderizador de errores de Jupyter","jupyter.notebookRenderer.IPyWidget.displayName":"Jupyter IPyWidget Renderer"}
