{
  "comments": {
    "lineComment": "#"
  },
  "brackets": [
    ["{", "}"],
    ["[", "]"],
    ["(", ")"]
  ],
  "autoClosingPairs": [
    ["{", "}"],
    ["[", "]"],
    ["(", ")"],
    ["\"", "\""],
    ["'", "'"],
    ["`", "`"]
  ],
  "surroundingPairs": [
    ["{", "}"],
    ["[", "]"],
    ["(", ")"],
    ["\"", "\""],
    ["'", "'"],
    ["`", "`"]
  ],
  "folding": {
    "offSide": true,
    "markers": {
      "start": "^\\s*#\\s*region\\b",
      "end": "^\\s*#\\s*endregion\\b"
    }
  },
  "indentationRules": {
    "increaseIndentPattern": "^\\s*.*(:|-) ?(&amp;\\w+)?(\\{[^}\"']*|\\([^)\"']*)?$",
    "decreaseIndentPattern": "^\\s+\\}$"
  },
  "wordPattern": "(^.?[^\\s]+)+|([^\\s\n={[][\\w\\-\\.\/$%&*:\"']+)"
}
