{"commands.add.title":"Ñëw Rëmøtë","commands.configureSsh.title":"Øpëñ §§H Çøñfïg Fïlë","commands.connectToFolderInCurrentWindow.title":"Çøññëçt ïñ Çµrrëñt Wïñðøw...","commands.connectToFolderInNewWindow.title":"Çøññëçt ïñ Ñëw Wïñðøw...","commands.connectToRemoteInCurrentWindow.title":"Çøññëçt ïñ Çµrrëñt Wïñðøw...","commands.connectToRemoteInNewWindow.title":"Çøññëçt ïñ Ñëw Wïñðøw...","commands.connectToWslUsingDistro.title":"Çøññëçt µsïñg Ðïstrø ïñ Çµrrëñt Wïñðøw...","commands.connectToWslUsingDistroInNewWindow.title":"Çøññëçt µsïñg Ðïstrø ïñ Ñëw Wïñðøw...","commands.deleteFolderHistoryItem.title":"Rëmøvë frøm Rëçëñt £ïst","commands.refresh.title":"Rëfrësh","commands.signIntoGateway.title":"§ïgñ ïñ wïth GïtHµþ","commands.unregisterTunnel.title":"Üñrëgïstër Tµññël","description":"Vïëw rëmøtë mæçhïñës før §§H æñð Tµññëls.","displayName":"Rëmøtë Ëxplørër","settings.foldersSortOrder.alphabetical.description":"Ðïsplæÿ følðërs ïñ ælphæþëtïçæl ørðër","settings.foldersSortOrder.description":"§pëçïfïës thë ørðër ïñ whïçh tø ðïsplæÿ følðërs µñðër Rëmøtë tærgëts ïñ thë Rëmøtë Ëxplørër.","settings.foldersSortOrder.mru.description":"Ðïsplæÿ følðërs ïñ ørðër øf thë møst rëçëñtlÿ øpëñëð æt thë tøp","views.remote.title":"Rëmøtës (Tµññëls/§§H)"}
