{"commands.add.title":"새 원격","commands.configureSsh.title":"SSH 구성 파일 열기","commands.connectToFolderInCurrentWindow.title":"현재 창에서 연결...","commands.connectToFolderInNewWindow.title":"새 창에서 연결...","commands.connectToRemoteInCurrentWindow.title":"현재 창에서 연결...","commands.connectToRemoteInNewWindow.title":"새 창에서 연결...","commands.connectToWslUsingDistro.title":"Connect using Distro in Current Window...","commands.connectToWslUsingDistroInNewWindow.title":"Connect using Distro in New Window...","commands.deleteFolderHistoryItem.title":"최근 목록에서 제거","commands.refresh.title":"새로 고침","commands.signIntoGateway.title":"GitHub로 로그인","commands.unregisterTunnel.title":"터널 등록 취소","description":"SSH 및 터널용 원격 컴퓨터를 봅니다.","displayName":"원격 탐색기","settings.foldersSortOrder.alphabetical.description":"폴더를 사전순으로 표시","settings.foldersSortOrder.description":"원격 탐색기의 원격 대상 아래에 폴더를 표시할 순서를 지정합니다.","settings.foldersSortOrder.mru.description":"가장 최근에 연 순서대로 폴더 표시","views.remote.title":"원격(터널/SSH)"}
