{"commands.add.title":"新增遠端","commands.configureSsh.title":"開啟 SSH 設定檔","commands.connectToFolderInCurrentWindow.title":"在目前的視窗中連線...","commands.connectToFolderInNewWindow.title":"在新視窗中連線...","commands.connectToRemoteInCurrentWindow.title":"在目前的視窗中連線...","commands.connectToRemoteInNewWindow.title":"在新視窗中連線...","commands.connectToWslUsingDistro.title":"Connect using Distro in Current Window...","commands.connectToWslUsingDistroInNewWindow.title":"Connect using Distro in New Window...","commands.deleteFolderHistoryItem.title":"從最近使用的清單移除","commands.refresh.title":"重新整理","commands.signIntoGateway.title":"以 GitHub 登入","commands.unregisterTunnel.title":"取消註冊通道","description":"檢視 SSH 和 Tunnels 的遠端機器。","displayName":"遠端總管","settings.foldersSortOrder.alphabetical.description":"以字母順序顯示資料夾","settings.foldersSortOrder.description":"指定在遠端總管的遠端目標下顯示資料夾的順序。","settings.foldersSortOrder.mru.description":"以最近開啟到頂端的順序顯示資料夾","views.remote.title":"遠端 (通道/SSH)"}
