{"commands.add.title":"Yeni Uzak","commands.configureSsh.title":"SSH Yapılandırma Dosyasını Aç","commands.connectToFolderInCurrentWindow.title":"Geçerli Pencerede Bağlan...","commands.connectToFolderInNewWindow.title":"Yeni Pencerede Bağlan...","commands.connectToRemoteInCurrentWindow.title":"Geçerli Pencerede Bağlan...","commands.connectToRemoteInNewWindow.title":"Yeni Pencerede Bağlan...","commands.connectToWslUsingDistro.title":"Connect using Distro in Current Window...","commands.connectToWslUsingDistroInNewWindow.title":"Connect using Distro in New Window...","commands.deleteFolderHistoryItem.title":"Son Kullanılanlar Listesinden Kaldır","commands.refresh.title":"Yenile","commands.signIntoGateway.title":"GitHub ile oturum aç","commands.unregisterTunnel.title":"Tünelin Kaydını Sil","description":"SSH ve Tunnels için uzak makineleri görüntüleyin.","displayName":"Uzak Gezgin","settings.foldersSortOrder.alphabetical.description":"Klasörleri alfabetik sırada görüntüle","settings.foldersSortOrder.description":"Uzak Gezgin'de Uzak Hedefler altındaki klasörlerin görüntülenme sırasını belirtir.","settings.foldersSortOrder.mru.description":"Klasörleri son açılanlar üstte olacak şekilde sıralayarak görüntüle","views.remote.title":"Uzak depolar (Tüneller/SSH)"}
