{"commands.add.title":"Новый удаленный репозиторий","commands.configureSsh.title":"Открыть файл SSH Config","commands.connectToFolderInCurrentWindow.title":"Подключиться в текущем окне...","commands.connectToFolderInNewWindow.title":"Подключиться в новом окне...","commands.connectToRemoteInCurrentWindow.title":"Подключиться в текущем окне...","commands.connectToRemoteInNewWindow.title":"Подключиться в новом окне...","commands.connectToWslUsingDistro.title":"Connect using Distro in Current Window...","commands.connectToWslUsingDistroInNewWindow.title":"Connect using Distro in New Window...","commands.deleteFolderHistoryItem.title":"Удалить из списка недавних","commands.refresh.title":"Обновить","commands.signIntoGateway.title":"Войти по учетным данным GitHub","commands.unregisterTunnel.title":"Отмена регистрации туннеля","description":"Просмотр удаленных компьютеров для SSH и туннелей.","displayName":"Удаленный обозреватель","settings.foldersSortOrder.alphabetical.description":"Отображать папки в алфавитном порядке","settings.foldersSortOrder.description":"Указывает порядок отображения папок в целевых объектах удаленного репозитория в удаленном обозревателе.","settings.foldersSortOrder.mru.description":"Отображать папки в порядке последних открытых сверху","views.remote.title":"Удаленные репозитории (туннели/SSH)"}
