{"commands.add.title":"Novo Remoto","commands.configureSsh.title":"Abrir o Arquivo de Configuração do SSH","commands.connectToFolderInCurrentWindow.title":"Conectar na Janela Atual...","commands.connectToFolderInNewWindow.title":"Conectar em uma Nova Janela...","commands.connectToRemoteInCurrentWindow.title":"Conectar na Janela Atual...","commands.connectToRemoteInNewWindow.title":"Conectar em uma Nova Janela...","commands.connectToWslUsingDistro.title":"Connect using Distro in Current Window...","commands.connectToWslUsingDistroInNewWindow.title":"Connect using Distro in New Window...","commands.deleteFolderHistoryItem.title":"Remover da Lista Recente","commands.refresh.title":"Atualizar","commands.signIntoGateway.title":"Entrar com o GitHub","commands.unregisterTunnel.title":"Cancelar registro do Túnel","description":"Exibir computadores remotos para SSH e Tunnel.","displayName":"Explorador Remoto","settings.foldersSortOrder.alphabetical.description":"Exibir pastas em ordem alfabética","settings.foldersSortOrder.description":"Especifica a ordem na qual as pastas devem ser exibidas em Destinos remotos no Explorador Remoto.","settings.foldersSortOrder.mru.description":"Exibe as pastas na ordem das abertas mais recentemente na parte superior","views.remote.title":"Remotos (Túneis/SSH)"}
