{"commands.add.title":"Nový vzdálený","commands.configureSsh.title":"Otevřít konfigurační soubor SSH","commands.connectToFolderInCurrentWindow.title":"Připojení v aktuálním okně...","commands.connectToFolderInNewWindow.title":"Připojení v novém okně...","commands.connectToRemoteInCurrentWindow.title":"Připojení v aktuálním okně...","commands.connectToRemoteInNewWindow.title":"Připojení v novém okně...","commands.connectToWslUsingDistro.title":"Connect using Distro in Current Window...","commands.connectToWslUsingDistroInNewWindow.title":"Connect using Distro in New Window...","commands.deleteFolderHistoryItem.title":"Odebrat ze seznamu naposledy použitých","commands.refresh.title":"Aktualizovat","commands.signIntoGateway.title":"Přihlásit se přes GitHub","commands.unregisterTunnel.title":"Zrušit registraci tunelu","description":"Umožňuje zobrazit vzdálené počítače pro SSH a tunely.","displayName":"Vzdálený průzkumník","settings.foldersSortOrder.alphabetical.description":"Zobrazit složky v abecedním pořadí","settings.foldersSortOrder.description":"Určuje pořadí, ve kterém se mají zobrazovat složky v části Vzdálené cíle ve Vzdáleném průzkumníku.","settings.foldersSortOrder.mru.description":"Zobrazit složky v pořadí od naposledy otevřených nahoře","views.remote.title":"Vzdálená umístění (tunely/SSH)"}
