{"commands.add.title":"Nowy zdalny","commands.configureSsh.title":"Otwórz plik konfiguracji SSH","commands.connectToFolderInCurrentWindow.title":"Połącz w bieżącym oknie...","commands.connectToFolderInNewWindow.title":"Połącz w nowym oknie...","commands.connectToRemoteInCurrentWindow.title":"Połącz w bieżącym oknie...","commands.connectToRemoteInNewWindow.title":"Połącz w nowym oknie...","commands.connectToWslUsingDistro.title":"Connect using Distro in Current Window...","commands.connectToWslUsingDistroInNewWindow.title":"Connect using Distro in New Window...","commands.deleteFolderHistoryItem.title":"Usuń z listy ostatnio używanych","commands.refresh.title":"Odśwież","commands.signIntoGateway.title":"Zaloguj się za pomocą konta GitHub","commands.unregisterTunnel.title":"Wyrejestruj tunel","description":"Wyświetl maszyny zdalne dla protokołu SSH i tuneli.","displayName":"Eksplorator zdalny","settings.foldersSortOrder.alphabetical.description":"Wyświetl foldery w kolejności alfabetycznej","settings.foldersSortOrder.description":"Określa kolejność wyświetlania folderów pod elementami docelowymi SSH w Eksploratorze zdalnym.","settings.foldersSortOrder.mru.description":"Wyświetl foldery według kolejności ostatnio otwieranych u góry","views.remote.title":"Elementy zdalne (tunele/SSH)"}
