{"commands.add.title":"Nuevo remoto","commands.configureSsh.title":"Abrir archivo de configuración SSH","commands.connectToFolderInCurrentWindow.title":"Conectar en la ventana actual...","commands.connectToFolderInNewWindow.title":"Conectar en nueva ventana...","commands.connectToRemoteInCurrentWindow.title":"Conectar en la ventana actual...","commands.connectToRemoteInNewWindow.title":"Conectar en nueva ventana...","commands.connectToWslUsingDistro.title":"Connect using Distro in Current Window...","commands.connectToWslUsingDistroInNewWindow.title":"Connect using Distro in New Window...","commands.deleteFolderHistoryItem.title":"Quitar de la lista de elementos recientes","commands.refresh.title":"Actualizar","commands.signIntoGateway.title":"Iniciar sesión con GitHub","commands.unregisterTunnel.title":"Anular el registro de Tunnel","description":"Vea las máquinas remotas para SSH y Tunnel.","displayName":"Explorador remoto","settings.foldersSortOrder.alphabetical.description":"Mostrar carpetas en orden alfabético","settings.foldersSortOrder.description":"Especifica el orden en el que se mostrarán las carpetas en los destinos remotos en el Explorador remoto.","settings.foldersSortOrder.mru.description":"Mostrar carpetas de forma que las abiertas más recientemente aparezcan en la parte superior","views.remote.title":"Remotos (túneles/SSH)"}
