{
  "name": "Tokyo Gogh Alt",
  "type": "dark",
  "semanticHighlighting": true,
  "semanticTokenColors": {
    "enumMember": {
      "foreground": "#7dcfff"
    },
    "variable.constant": {
      "foreground": "#e08f68"
    },
    "variable.defaultLibrary": {
      "foreground": "#dec76e"
    }
  },
  "tokenColors": [
    {
      "name": "Comment",
      "scope": [
        "comment",
        "string.comment"
      ],
      "settings": {
        "foreground": "#545964"
      }
    },
    {
      "name": "String",
      "scope": [
        "string",
        "string.template"
      ],
      "settings": {
        "foreground": "#e5c07b"
      }
    },
    {
      "name": "Number",
      "scope": "constant.numeric",
      "settings": {
        "foreground": "#c678dd"
      }
    },
    {
      "name": "Embedded String Begin/End",
      "scope": [
        "string.embedded.begin",
        "string.embedded.end",
        "punctuation.definition.template-expression",
        "punctuation.section.embedded"
      ],
      "settings": {
        "foreground": "#c678dd"
      }
    },
    {
      "name": "Default Embedded Color",
      "scope": [
        "punctuation.section.embedded.begin.js",
        "punctuation.section.embedded.end.js",
        "punctuation.section.embedded.begin.erb",
        "punctuation.section.embedded.end.erb",
        "source.elixir.embedded",
        "punctuation.separator",
        "punctuation.accessor",
        "meta.brace"
      ],
      "settings": {
        "foreground": "#accfd7"
      }
    },
    {
      "name": "Built-in constant",
      "scope": "constant.language",
      "settings": {
        "foreground": "#36c0c0"
      }
    },
    {
      "name": "User-defined constant",
      "scope": [
        "constant.character",
        "constant.other"
      ],
      "settings": {
        "foreground": "#36c0c0"
      }
    },
    {
      "name": "Language Variable",
      "scope": "variable.language",
      "settings": {
        "foreground": "#eb6572"
      }
    },
    {
      "name": "Keyword",
      "scope": [
        "keyword",
        "keyword.operator.logical",
        "keyword.operator.constructor"
      ],
      "settings": {
        "foreground": "#eb6572"
      }
    },
    {
      "name": "Keyword Operator",
      "scope": "keyword.operator",
      "settings": {
        "foreground": "#eb6572"
      }
    },
    {
      "name": "Storage",
      "scope": "storage",
      "settings": {
        "foreground": "#eb6572"
      }
    },
    {
      "name": "Types",
      "scope": "storage.type",
      "settings": {
        "foreground": "#36c0c0"
      }
    },
    {
      "name": "Class",
      "scope": [
        "entity.name.class",
        "entity.name.module",
        "entity.name.type",
        "storage.identifier",
        "support.class"
      ],
      "settings": {
        "foreground": "#6199ef"
      }
    },
    {
      "name": "Variable Object",
      "scope": [
        "variable.other.object",
        "variable.other.constant",
        "variable.other.global",
        "variable.other.readwrite.class",
        "variable.other.readwrite.instance",
        "variable.other.readwrite.batchfile",
        "variable.readwrite",
        "variable.readwrite.other.block"
      ],
      "settings": {
        "foreground": "#6199ef"
      }
    },
    {
      "name": "Other variable",
      "scope": [
        "variable.other",
        "variable.other.property",
        "variable.other.block"
      ],
      "settings": {
        "foreground": "#accfd7"
      }
    },
    {
      "name": "Inherited Class",
      "scope": "entity.other.inherited-class",
      "settings": {
        "foreground": "#72c369"
      }
    },
    {
      "name": "Package Import",
      "scope": [
        "storage.modifier.import",
        "storage.modifier.package"
      ],
      "settings": {
        "foreground": "#6199ef"
      }
    },
    {
      "name": "Function name",
      "scope": [
        "entity.name.function",
        "support.function"
      ],
      "settings": {
        "foreground": "#72c369"
      }
    },
    {
      "name": "Function argument",
      "scope": [
        "variable.parameter",
        "entity.name.variable.parameter",
        "parameter.variable"
      ],
      "settings": {
        "fontStyle": "italic",
        "foreground": "#d19a66"
      }
    },
    {
      "name": "Function call",
      "scope": "entity.name.function-call",
      "settings": {
        "foreground": "#accfd7"
      }
    },
    {
      "name": "Builtin Functions",
      "scope": [
        "function.support.builtin",
        "function.support.core"
      ],
      "settings": {
        "foreground": "#72c369"
      }
    },
    {
      "name": "Tag Name",
      "scope": [
        "entity.name.tag",
        "entity.name.tag.class.js"
      ],
      "settings": {
        "foreground": "#eb6572"
      }
    },
    {
      "name": "Tag Class and ID",
      "scope": [
        "entity.name.tag.class",
        "entity.name.tag.id"
      ],
      "settings": {
        "foreground": "#36c0c0"
      }
    },
    {
      "name": "Tag Attribute",
      "scope": "entity.other.attribute-name",
      "settings": {
        "foreground": "#72c369"
      }
    },
    {
      "name": "Library constant",
      "scope": "support.constant",
      "settings": {
        "foreground": "#36c0c0"
      }
    },
    {
      "name": "Library class/type",
      "scope": [
        "support.type",
        "support.variable"
      ],
      "settings": {
        "foreground": "#36c0c0"
      }
    },
    {
      "name": "Json Property",
      "scope": "support.dictionary.json",
      "settings": {
        "foreground": "#36c0c0"
      }
    },
    {
      "name": "StyleSheet Property name",
      "scope": [
        "support.type.property-name.css",
        "support.type.property-name.scss",
        "support.type.property-name.less",
        "support.type.property-name.sass"
      ],
      "settings": {
        "foreground": "#accfd7"
      }
    },
    {
      "name": "CSS: Pseudo Attribute Names",
      "scope": [
        "entity.other.attribute-name.pseudo-class.css",
        "entity.other.attribute-name.pseudo-class.scss",
        "entity.other.attribute-name.pseudo-class.less",
        "entity.other.attribute-name.pseudo-class.sass",
        "entity.other.attribute-name.pseudo-element.css",
        "entity.other.attribute-name.pseudo-element.scss",
        "entity.other.attribute-name.pseudo-element.less",
        "entity.other.attribute-name.pseudo-element.sass"
      ],
      "settings": {
        "foreground": "#36c0c0"
      }
    },
    {
      "name": "StyleSheet Property value",
      "scope": [
        "support.constant.css",
        "support.constant.scss",
        "support.constant.less",
        "support.constant.sass"
      ],
      "settings": {
        "foreground": "#72c369"
      }
    },
    {
      "name": "StyleSheet Variable",
      "scope": [
        "variable.css",
        "variable.scss",
        "variable.less",
        "variable.sass"
      ],
      "settings": {
        "foreground": "#36c0c0"
      }
    },
    {
      "name": "StyleSheet Variable String",
      "scope": [
        "variable.css.string",
        "variable.scss.string",
        "variable.less.string",
        "variable.sass.string"
      ],
      "settings": {
        "foreground": "#e5c07b"
      }
    },
    {
      "name": "StyleSheet Unit",
      "scope": [
        "unit.css",
        "unit.scss",
        "unit.less",
        "unit.sass"
      ],
      "settings": {
        "foreground": "#c678dd"
      }
    },
    {
      "name": "StyleSheet Function",
      "scope": [
        "function.css",
        "function.scss",
        "function.less",
        "function.sass"
      ],
      "settings": {
        "foreground": "#36c0c0"
      }
    },
    {
      "name": "Library variable",
      "scope": "support.other.variable",
      "settings": {
        "fontStyle": ""
      }
    },
    {
      "name": "Invalid",
      "scope": "invalid",
      "settings": {
        "background": "#c678dd",
        "foreground": "#F8F8F0"
      }
    },
    {
      "name": "Invalid deprecated",
      "scope": "invalid.deprecated",
      "settings": {
        "background": "#36c0c0",
        "foreground": "#F8F8F0"
      }
    },
    {
      "name": "JSON String",
      "scope": "support.type.property-name.json",
      "settings": {
        "foreground": "#36c0c0"
      }
    },
    {
      "name": "Link",
      "scope": "string.detected-link",
      "settings": {
        "foreground": "#6199ef"
      }
    },
    {
      "name": "diff.header",
      "scope": [
        "meta.diff",
        "meta.diff.header"
      ],
      "settings": {
        "foreground": "#75715E"
      }
    },
    {
      "name": "diff.deleted",
      "scope": "markup.deleted",
      "settings": {
        "foreground": "#eb6572"
      }
    },
    {
      "name": "diff.inserted",
      "scope": "markup.inserted",
      "settings": {
        "foreground": "#72c369"
      }
    },
    {
      "name": "diff.changed",
      "scope": "markup.changed",
      "settings": {
        "foreground": "#e5c07b"
      }
    },
    {
      "scope": "constant.numeric.line-number.find-in-files - match",
      "settings": {
        "foreground": "#36c0c0A0"
      }
    },
    {
      "scope": "entity.name.filename.find-in-files",
      "settings": {
        "foreground": "#e5c07b"
      }
    },
    {
      "name": "Markup: Emphasis",
      "scope": "markup.italic, markup.italic.markdown",
      "settings": {
        "fontStyle": "italic"
      }
    },
    {
      "name": "Markup: Punctuation",
      "scope": [
        "punctuation.definition.italic.markdown",
        "punctuation.definition.bold.markdown",
        "punctuation.definition.heading.markdown"
      ],
      "settings": {
        "foreground": "#676f7d"
      }
    },
    {
      "name": "Markup: Emphasis Punctuation",
      "scope": "punctuation.definition.italic.markdown",
      "settings": {
        "fontStyle": "italic"
      }
    },
    {
      "name": "Markdown: Link",
      "scope": "markup.underline.link.markdown",
      "settings": {
        "foreground": "#6199ef"
      }
    },
    {
      "name": "Markup: Bold",
      "scope": "markup.bold.markdown",
      "settings": {
        "fontStyle": "bold"
      }
    },
    {
      "name": "Markup: Heading",
      "scope": "markup.heading.markdown",
      "settings": {
        "fontStyle": "bold",
        "foreground": "#eb6572"
      }
    },
    {
      "name": "Markup: Quote",
      "scope": "markup.quote.markdown",
      "settings": {
        "foreground": "#72c369"
      }
    },
    {
      "name": "Markup: Separator",
      "scope": "meta.separator.markdown",
      "settings": {
        "foreground": "#c678dd",
        "fontStyle": "bold"
      }
    },
    {
      "name": "Markup: Raw",
      "scope": [
        "markup.raw.inline.markdown",
        "markup.raw.block.markdown"
      ],
      "settings": {
        "foreground": "#36c0c0"
      }
    },
    {
      "name": "Markup: List Punctuation",
      "scope": "punctuation.definition.list_item.markdown",
      "settings": {
        "fontStyle": "bold",
        "foreground": "#ffffff"
      }
    }
  ],
  "colors": {
    "foreground": "#c0caf5",
    "focusBorder": "#414868",
    "selection.background": "#38478e",
    "scrollbar.shadow": "#000000",
    "activityBar.foreground": "#c0caf5",
    "activityBar.background": "#1a1b26",
    "activityBar.inactiveForeground": "#c0caf54a",
    "activityBarBadge.foreground": "#ffffff",
    "activityBarBadge.background": "#b8364f",
    "activityBar.border": "#ffffff00",
    "activityBar.activeBackground": "#00000014",
    "sideBar.background": "#1d1f2d",
    "sideBar.foreground": "#c0caf5",
    "sideBarSectionHeader.background": "#1a1b26",
    "sideBarSectionHeader.foreground": "#c0caf5",
    "sideBarSectionHeader.border": "#cccccc00",
    "sideBarTitle.foreground": "#c0caf5",
    "sideBar.border": "#ffffff00",
    "list.inactiveSelectionBackground": "#282c3b",
    "list.inactiveSelectionForeground": "#c0caf5ad",
    "list.hoverBackground": "#181821",
    "list.hoverForeground": "#c0cbea",
    "list.activeSelectionBackground": "#181821",
    "list.activeSelectionForeground": "#ffffff",
    "tree.indentGuidesStroke": "#585858",
    "list.dropBackground": "#383b3d",
    "list.highlightForeground": "#5b8bf2",
    "list.focusBackground": "#2e3347",
    "list.focusForeground": "#d7dae6",
    "listFilterWidget.background": "#774628",
    "listFilterWidget.outline": "#00000000",
    "listFilterWidget.noMatchesOutline": "#be776b",
    "statusBar.foreground": "#ffffff",
    "statusBar.background": "#1d1f2d",
    "statusBarItem.hoverBackground": "#ffffff1f",
    "statusBar.border": "#1a1b26",
    "statusBar.debuggingBackground": "#a7394d",
    "statusBar.debuggingForeground": "#ffffff",
    "statusBar.debuggingBorder": "#1a1b26",
    "statusBar.noFolderBackground": "#594186",
    "statusBar.noFolderForeground": "#ffffff",
    "statusBar.noFolderBorder": "#1a1b26",
    "statusBarItem.remoteBackground": "#37732e",
    "statusBarItem.remoteForeground": "#ffffff",
    "titleBar.activeBackground": "#1d1f2d",
    "titleBar.activeForeground": "#b7bccf",
    "titleBar.inactiveBackground": "#363b4f",
    "titleBar.inactiveForeground": "#6e7084",
    "titleBar.border": "#00000000",
    "menubar.selectionForeground": "#f0f5fb",
    "menubar.selectionBackground": "#2e3347",
    "menubar.selectionBorder": "#ff000000",
    "menu.foreground": "#c0caf5",
    "menu.background": "#1d1f2d",
    "menu.selectionForeground": "#ffffff",
    "menu.selectionBackground": "#323b5e",
    "menu.selectionBorder": "#00000000",
    "menu.separatorBackground": "#42475a",
    "menu.border": "#2e3347",
    "button.background": "#3d5da1",
    "button.foreground": "#ffffff",
    "button.hoverBackground": "#2f477b",
    "button.secondaryForeground": "#ffffff",
    "button.secondaryBackground": "#3a3d41",
    "button.secondaryHoverBackground": "#45494e",
    "input.background": "#1a1b26",
    "input.border": "#00000000",
    "input.foreground": "#c0caf5",
    "inputOption.activeBackground": "#324a7b",
    "inputOption.activeBorder": "#7aa2f752",
    "inputOption.activeForeground": "#ffffff",
    "input.placeholderForeground": "#c0caf566",
    "textLink.foreground": "#3794ff",
    "editor.background": "#1a1b26",
    "editor.foreground": "#c0caf5",
    "editorLineNumber.foreground": "#484b5c",
    "editorCursor.foreground": "#c0caf5",
    "editorCursor.background": "#0c0e15",
    "editor.selectionBackground": "#1f253f",
    "editor.inactiveSelectionBackground": "#21232e",
    "editorWhitespace.foreground": "#414868",
    "editor.selectionHighlightBackground": "#add6ff26",
    "editor.selectionHighlightBorder": "#495F77",
    "editor.findMatchBackground": "#414868bd",
    "editor.findMatchBorder": "#4b5582",
    "editor.findMatchHighlightBackground": "#e0af684c",
    "editor.findMatchHighlightBorder": "#e0af6887",
    "editor.findRangeHighlightBackground": "#41486822",
    "editor.findRangeHighlightBorder": "#ffffff00",
    "editor.rangeHighlightBackground": "#ffffff0b",
    "editor.rangeHighlightBorder": "#ffffff00",
    "editor.hoverHighlightBackground": "#2e2a58",
    "editor.wordHighlightStrongBackground": "#263249",
    "editor.wordHighlightStrongBorder": "#414868",
    "editor.wordHighlightBackground": "#412f348f",
    "editor.wordHighlightBorder": "#82545856",
    "editor.lineHighlightBackground": "#202437",
    "editor.lineHighlightBorder": "#202437",
    "editorLineNumber.activeForeground": "#c0caf5",
    "editorLink.activeForeground": "#4e94ce",
    "editorIndentGuide.background": "#202437",
    "editorIndentGuide.activeBackground": "#2e3347",
    "editorRuler.foreground": "#202437",
    "editorBracketMatch.background": "#0064001a",
    "editorBracketMatch.border": "#888888",
    "editor.foldBackground": "#202437",
    "editorOverviewRuler.background": "#ffffff00",
    "editorOverviewRuler.border": "#7f7f7f00",
    "editorError.foreground": "#f77676",
    "editorError.background": "#B73A3400",
    "editorError.border": "#ffffff00",
    "editorWarning.foreground": "#d79a42",
    "editorWarning.background": "#A9904000",
    "editorWarning.border": "#ffffff00",
    "editorInfo.foreground": "#7aa2f7",
    "editorInfo.background": "#4490BF00",
    "editorInfo.border": "#4490BF00",
    "editorGutter.background": "#1a1b26",
    "editorGutter.modifiedBackground": "#7aa2f797",
    "editorGutter.addedBackground": "#5b8430",
    "editorGutter.deletedBackground": "#d54242",
    "editorGutter.foldingControlForeground": "#627082",
    "editorCodeLens.foreground": "#617a94",
    "editorGroup.border": "#2e3347",
    "diffEditor.insertedTextBackground": "#59db1012",
    "diffEditor.insertedTextBorder": "#ffffff04",
    "diffEditor.removedTextBackground": "#ff00001a",
    "diffEditor.removedTextBorder": "#ffffff04",
    "diffEditor.border": "#414868",
    "panel.background": "#15161f",
    "panel.border": "#8d92ab10",
    "panelTitle.activeBorder": "#bb9af7",
    "panelTitle.activeForeground": "#c0caf5",
    "panelTitle.inactiveForeground": "#c0caf562",
    "badge.background": "#414868",
    "badge.foreground": "#ffffff",
    "terminal.foreground": "#cccccc",
    "terminal.selectionBackground": "#ffffff08",
    "terminalCursor.background": "#2d60cd",
    "terminalCursor.foreground": "#ffffff",
    "terminal.border": "#1d1f2d",
    "terminal.ansiBlack": "#000000",
    "terminal.ansiBlue": "#2472c8",
    "terminal.ansiBrightBlack": "#727779",
    "terminal.ansiBrightBlue": "#3b8eea",
    "terminal.ansiBrightCyan": "#29b8db",
    "terminal.ansiBrightGreen": "#9cce6a",
    "terminal.ansiBrightMagenta": "#d670d6",
    "terminal.ansiBrightRed": "#f14c4c",
    "terminal.ansiBrightWhite": "#e5e5e5",
    "terminal.ansiBrightYellow": "#e4b571",
    "terminal.ansiCyan": "#11a8cd",
    "terminal.ansiGreen": "#54b02a",
    "terminal.ansiMagenta": "#bc3fbc",
    "terminal.ansiRed": "#cd3131",
    "terminal.ansiWhite": "#e5e5e5",
    "terminal.ansiYellow": "#fdb347",
    "breadcrumb.background": "#1a1b26",
    "breadcrumb.foreground": "#c0caf597",
    "breadcrumb.focusForeground": "#c0caf5",
    "editorGroupHeader.border": "#2e3347",
    "editorGroupHeader.tabsBackground": "#222332",
    "tab.activeForeground": "#ffffff",
    "tab.border": "#1a1b26",
    "tab.activeBackground": "#1a1b26",
    "tab.activeBorder": "#00000000",
    "tab.activeBorderTop": "#f7768e",
    "tab.inactiveBackground": "#222332",
    "tab.inactiveForeground": "#ffffff80",
    "scrollbarSlider.background": "#7979793a",
    "scrollbarSlider.hoverBackground": "#6464647e",
    "scrollbarSlider.activeBackground": "#bfbfbf66",
    "progressBar.background": "#f7768e",
    "widget.shadow": "#0000005c",
    "editorWidget.foreground": "#c0caf5",
    "editorWidget.background": "#1d1f2d",
    "editorWidget.resizeBorder": "#414868",
    "pickerGroup.border": "#2e3347",
    "pickerGroup.foreground": "#7aa2f7",
    "debugToolBar.background": "#1d1f2d",
    "debugToolBar.border": "#2e3347",
    "notifications.foreground": "#c0caf5",
    "notifications.background": "#1d1f2d",
    "notificationToast.border": "#2e3347",
    "notificationsErrorIcon.foreground": "#f7768e",
    "notificationsWarningIcon.foreground": "#e0af68",
    "notificationsInfoIcon.foreground": "#7aa2f7",
    "notificationCenter.border": "#474747",
    "notificationCenterHeader.foreground": "#c0caf5",
    "notificationCenterHeader.background": "#1d1f2d",
    "notifications.border": "#2e3347",
    "gitDecoration.addedResourceForeground": "#81b88b",
    "gitDecoration.conflictingResourceForeground": "#6c6cc4",
    "gitDecoration.deletedResourceForeground": "#c74e39",
    "gitDecoration.ignoredResourceForeground": "#8c8c8c",
    "gitDecoration.modifiedResourceForeground": "#e2c08d",
    "gitDecoration.stageDeletedResourceForeground": "#c74e39",
    "gitDecoration.stageModifiedResourceForeground": "#e2c08d",
    "gitDecoration.submoduleResourceForeground": "#8db9e2",
    "gitDecoration.untrackedResourceForeground": "#73c991",
    "editorMarkerNavigation.background": "#15161f",
    "editorMarkerNavigationError.background": "#bc4f4f",
    "editorMarkerNavigationWarning.background": "#ecae54",
    "editorMarkerNavigationInfo.background": "#5c9dc2",
    "merge.currentHeaderBackground": "#367366",
    "merge.currentContentBackground": "#27403B",
    "merge.incomingHeaderBackground": "#395F8F",
    "merge.incomingContentBackground": "#28384B",
    "merge.commonHeaderBackground": "#383838",
    "merge.commonContentBackground": "#282828",
    "editorSuggestWidget.background": "#141520",
    "editorSuggestWidget.border": "#2e3347",
    "editorSuggestWidget.foreground": "#c0caf5",
    "editorSuggestWidget.highlightForeground": "#f7768e",
    "editorSuggestWidget.selectedBackground": "#2e334793",
    "editorHoverWidget.foreground": "#c0caf5",
    "editorHoverWidget.background": "#141520",
    "editorHoverWidget.border": "#2e3347",
    "peekView.border": "#414868",
    "peekViewEditor.background": "#141520",
    "peekViewEditorGutter.background": "#141520",
    "peekViewEditor.matchHighlightBackground": "#e0af6848",
    "peekViewEditor.matchHighlightBorder": "#e0af6889",
    "peekViewResult.background": "#11121b",
    "peekViewResult.fileForeground": "#ffffff",
    "peekViewResult.lineForeground": "#bbbbbb",
    "peekViewResult.matchHighlightBackground": "#ea5c004d",
    "peekViewResult.selectionBackground": "#3383ff24",
    "peekViewResult.selectionForeground": "#ffffff",
    "peekViewTitle.background": "#11121b",
    "peekViewTitleDescription.foreground": "#ccccccb3",
    "peekViewTitleLabel.foreground": "#ffffff",
    "icon.foreground": "#c0caf5",
    "checkbox.background": "#1a1b26",
    "checkbox.foreground": "#c0caf5",
    "checkbox.border": "#00000000",
    "dropdown.background": "#1a1b26",
    "dropdown.foreground": "#c0caf5",
    "dropdown.border": "#00000000",
    "minimapGutter.addedBackground": "#5b8430",
    "minimapGutter.modifiedBackground": "#7aa2f797",
    "minimapGutter.deletedBackground": "#d54242",
    "minimap.findMatchHighlight": "#414868bd",
    "minimap.selectionHighlight": "#1f253f",
    "minimap.errorHighlight": "#f77676",
    "minimap.warningHighlight": "#d79a42",
    "minimap.background": "#1a1b26",
    "sideBar.dropBackground": "#383b3d",
    "editorGroup.emptyBackground": "#1a1b26",
    "panelSection.border": "#1d1f2d",
    "statusBarItem.activeBackground": "#FFFFFF25",
    "settings.headerForeground": "#c0caf5",
    "settings.focusedRowBackground": "#ffffff07",
    "walkThrough.embeddedEditorBackground": "#00000050",
    "breadcrumb.activeSelectionForeground": "#c0caf5",
    "editorGutter.commentRangeForeground": "#627082",
    "debugExceptionWidget.background": "#1d1f2d",
    "debugExceptionWidget.border": "#2e3347"
  }
}