{
  "name": "Tokyo Gogh",
  "type": "dark",
  "semanticHighlighting": true,
  "semanticTokenColors": {
    "enumMember": {
      "foreground": "#7dcfff"
    },
    "variable.constant": {
      "foreground": "#e08f68"
    },
    "variable.defaultLibrary": {
      "foreground": "#dec76e"
    }
  },
  "tokenColors": [
    {
      "name": "unison punctuation",
      "scope": "punctuation.definition.delayed.unison,punctuation.definition.list.begin.unison,punctuation.definition.list.end.unison,punctuation.definition.ability.begin.unison,punctuation.definition.ability.end.unison,punctuation.operator.assignment.as.unison,punctuation.separator.pipe.unison,punctuation.separator.delimiter.unison,punctuation.definition.hash.unison",
      "settings": {
        "foreground": "#f7768e"
      }
    },
    {
      "name": "haskell variable generic-type",
      "scope": "variable.other.generic-type.haskell",
      "settings": {
        "foreground": "#bb9af7"
      }
    },
    {
      "name": "haskell storage type",
      "scope": "storage.type.haskell",
      "settings": {
        "foreground": "#e08f68"
      }
    },
    {
      "name": "support.variable.magic.python",
      "scope": "support.variable.magic.python",
      "settings": {
        "foreground": "#f7768e"
      }
    },
    {
      "name": "punctuation.separator.parameters.python",
      "scope": "punctuation.separator.period.python,punctuation.separator.element.python,punctuation.parenthesis.begin.python,punctuation.parenthesis.end.python",
      "settings": {
        "foreground": "#c0caf5"
      }
    },
    {
      "name": "variable.parameter.function.language.special.self.python",
      "scope": "variable.parameter.function.language.special.self.python",
      "settings": {
        "foreground": "#dec76e"
      }
    },
    {
      "name": "storage.modifier.lifetime.rust",
      "scope": "storage.modifier.lifetime.rust",
      "settings": {
        "foreground": "#c0caf5"
      }
    },
    {
      "name": "support.function.std.rust",
      "scope": "support.function.std.rust",
      "settings": {
        "foreground": "#7aa2f7"
      }
    },
    {
      "name": "entity.name.lifetime.rust",
      "scope": "entity.name.lifetime.rust",
      "settings": {
        "foreground": "#dec76e"
      }
    },
    {
      "name": "variable.language.rust",
      "scope": "variable.language.rust",
      "settings": {
        "foreground": "#f7768e"
      }
    },
    {
      "name": "support.constant.edge",
      "scope": "support.constant.edge",
      "settings": {
        "foreground": "#bb9af7"
      }
    },
    {
      "name": "regexp constant character-class",
      "scope": "constant.other.character-class.regexp",
      "settings": {
        "foreground": "#f7768e"
      }
    },
    {
      "name": "regexp operator.quantifier",
      "scope": "keyword.operator.quantifier.regexp",
      "settings": {
        "foreground": "#e08f68"
      }
    },
    {
      "name": "punctuation.definition",
      "scope": "punctuation.definition.string.begin,punctuation.definition.string.end",
      "settings": {
        "foreground": "#9ece6a"
      }
    },
    {
      "name": "Text",
      "scope": "variable.parameter.function",
      "settings": {
        "foreground": "#c0caf5"
      }
    },
    {
      "name": "Comment Markup Link",
      "scope": "comment markup.link",
      "settings": {
        "foreground": "#4d526b"
      }
    },
    {
      "name": "markup diff",
      "scope": "markup.changed.diff",
      "settings": {
        "foreground": "#dec76e"
      }
    },
    {
      "name": "diff",
      "scope": "meta.diff.header.from-file,meta.diff.header.to-file,punctuation.definition.from-file.diff,punctuation.definition.to-file.diff",
      "settings": {
        "foreground": "#7aa2f7"
      }
    },
    {
      "name": "inserted.diff",
      "scope": "markup.inserted.diff",
      "settings": {
        "foreground": "#9ece6a"
      }
    },
    {
      "name": "deleted.diff",
      "scope": "markup.deleted.diff",
      "settings": {
        "foreground": "#f7768e"
      }
    },
    {
      "name": "c++ function",
      "scope": "meta.function.c,meta.function.cpp",
      "settings": {
        "foreground": "#f7768e"
      }
    },
    {
      "name": "c++ block",
      "scope": "punctuation.section.block.begin.bracket.curly.cpp,punctuation.section.block.end.bracket.curly.cpp,punctuation.terminator.statement.c,punctuation.section.block.begin.bracket.curly.c,punctuation.section.block.end.bracket.curly.c,punctuation.section.parens.begin.bracket.round.c,punctuation.section.parens.end.bracket.round.c,punctuation.section.parameters.begin.bracket.round.c,punctuation.section.parameters.end.bracket.round.c",
      "settings": {
        "foreground": "#c0caf5"
      }
    },
    {
      "name": "js/ts punctuation separator key-value",
      "scope": "punctuation.separator.key-value",
      "settings": {
        "foreground": "#c0caf5"
      }
    },
    {
      "name": "js/ts import keyword",
      "scope": "keyword.operator.expression.import",
      "settings": {
        "foreground": "#7aa2f7"
      }
    },
    {
      "name": "math js/ts",
      "scope": "support.constant.math",
      "settings": {
        "foreground": "#dec76e"
      }
    },
    {
      "name": "math property js/ts",
      "scope": "support.constant.property.math",
      "settings": {
        "foreground": "#e08f68"
      }
    },
    {
      "name": "js/ts variable.other.constant",
      "scope": "variable.other.constant",
      "settings": {
        "foreground": "#dec76e"
      }
    },
    {
      "name": "java type",
      "scope": [
        "storage.type.annotation.java",
        "storage.type.object.array.java"
      ],
      "settings": {
        "foreground": "#dec76e"
      }
    },
    {
      "name": "java source",
      "scope": "source.java",
      "settings": {
        "foreground": "#f7768e"
      }
    },
    {
      "name": "java modifier.import",
      "scope": "punctuation.section.block.begin.java,punctuation.section.block.end.java,punctuation.definition.method-parameters.begin.java,punctuation.definition.method-parameters.end.java,meta.method.identifier.java,punctuation.section.method.begin.java,punctuation.section.method.end.java,punctuation.terminator.java,punctuation.section.class.begin.java,punctuation.section.class.end.java,punctuation.section.inner-class.begin.java,punctuation.section.inner-class.end.java,meta.method-call.java,punctuation.section.class.begin.bracket.curly.java,punctuation.section.class.end.bracket.curly.java,punctuation.section.method.begin.bracket.curly.java,punctuation.section.method.end.bracket.curly.java,punctuation.separator.period.java,punctuation.bracket.angle.java,punctuation.definition.annotation.java,meta.method.body.java",
      "settings": {
        "foreground": "#c0caf5"
      }
    },
    {
      "name": "java modifier.import",
      "scope": "meta.method.java",
      "settings": {
        "foreground": "#7aa2f7"
      }
    },
    {
      "name": "java modifier.import",
      "scope": "storage.modifier.import.java,storage.type.java,storage.type.generic.java",
      "settings": {
        "foreground": "#dec76e"
      }
    },
    {
      "name": "java instanceof",
      "scope": "keyword.operator.instanceof.java",
      "settings": {
        "foreground": "#bb9af7"
      }
    },
    {
      "name": "java variable.name",
      "scope": "meta.definition.variable.name.java",
      "settings": {
        "foreground": "#f7768e"
      }
    },
    {
      "name": "operator logical",
      "scope": "keyword.operator.logical",
      "settings": {
        "foreground": "#7dcfff"
      }
    },
    {
      "name": "operator bitwise",
      "scope": "keyword.operator.bitwise",
      "settings": {
        "foreground": "#7dcfff"
      }
    },
    {
      "name": "operator channel",
      "scope": "keyword.operator.channel",
      "settings": {
        "foreground": "#7dcfff"
      }
    },
    {
      "name": "support.constant.property-value.scss",
      "scope": "support.constant.property-value.scss,support.constant.property-value.css",
      "settings": {
        "foreground": "#e08f68"
      }
    },
    {
      "name": "CSS/SCSS/LESS Operators",
      "scope": "keyword.operator.css,keyword.operator.scss,keyword.operator.less",
      "settings": {
        "foreground": "#7dcfff"
      }
    },
    {
      "name": "css color standard name",
      "scope": "support.constant.color.w3c-standard-color-name.css,support.constant.color.w3c-standard-color-name.scss",
      "settings": {
        "foreground": "#e08f68"
      }
    },
    {
      "name": "css comma",
      "scope": "punctuation.separator.list.comma.css",
      "settings": {
        "foreground": "#c0caf5"
      }
    },
    {
      "name": "css attribute-name.id",
      "scope": "support.constant.color.w3c-standard-color-name.css",
      "settings": {
        "foreground": "#e08f68"
      }
    },
    {
      "name": "css property-name",
      "scope": "support.type.vendored.property-name.css",
      "settings": {
        "foreground": "#7dcfff"
      }
    },
    {
      "name": "js/ts module",
      "scope": "support.module.node,support.type.object.module,support.module.node",
      "settings": {
        "foreground": "#dec76e"
      }
    },
    {
      "name": "entity.name.type.module",
      "scope": "entity.name.type.module",
      "settings": {
        "foreground": "#dec76e"
      }
    },
    {
      "name": "js variable readwrite",
      "scope": "variable.other.readwrite,meta.object-literal.key,support.variable.property,support.variable.object.process,support.variable.object.node",
      "settings": {
        "foreground": "#f7768e"
      }
    },
    {
      "name": "js/ts json",
      "scope": "support.constant.json",
      "settings": {
        "foreground": "#e08f68"
      }
    },
    {
      "name": "js/ts Keyword",
      "scope": [
        "keyword.operator.expression.instanceof",
        "keyword.operator.new",
        "keyword.operator.ternary",
        "keyword.operator.optional",
        "keyword.operator.expression.keyof"
      ],
      "settings": {
        "foreground": "#bb9af7"
      }
    },
    {
      "name": "js/ts console",
      "scope": "support.type.object.console",
      "settings": {
        "foreground": "#f7768e"
      }
    },
    {
      "name": "js/ts support.variable.property.process",
      "scope": "support.variable.property.process",
      "settings": {
        "foreground": "#e08f68"
      }
    },
    {
      "name": "js console function",
      "scope": "entity.name.function,support.function.console",
      "settings": {
        "foreground": "#7aa2f7"
      }
    },
    {
      "name": "keyword.operator.misc.rust",
      "scope": "keyword.operator.misc.rust",
      "settings": {
        "foreground": "#c0caf5"
      }
    },
    {
      "name": "keyword.operator.sigil.rust",
      "scope": "keyword.operator.sigil.rust",
      "settings": {
        "foreground": "#bb9af7"
      }
    },
    {
      "name": "operator",
      "scope": "keyword.operator.delete",
      "settings": {
        "foreground": "#bb9af7"
      }
    },
    {
      "name": "js dom",
      "scope": "support.type.object.dom",
      "settings": {
        "foreground": "#7dcfff"
      }
    },
    {
      "name": "js dom variable",
      "scope": "support.variable.dom,support.variable.property.dom",
      "settings": {
        "foreground": "#f7768e"
      }
    },
    {
      "name": "keyword.operator",
      "scope": "keyword.operator.arithmetic,keyword.operator.comparison,keyword.operator.decrement,keyword.operator.increment,keyword.operator.relational",
      "settings": {
        "foreground": "#7dcfff"
      }
    },
    {
      "name": "C operator assignment",
      "scope": "keyword.operator.assignment.c,keyword.operator.comparison.c,keyword.operator.c,keyword.operator.increment.c,keyword.operator.decrement.c,keyword.operator.bitwise.shift.c,keyword.operator.assignment.cpp,keyword.operator.comparison.cpp,keyword.operator.cpp,keyword.operator.increment.cpp,keyword.operator.decrement.cpp,keyword.operator.bitwise.shift.cpp",
      "settings": {
        "foreground": "#bb9af7"
      }
    },
    {
      "name": "Punctuation",
      "scope": "punctuation.separator.delimiter",
      "settings": {
        "foreground": "#c0caf5"
      }
    },
    {
      "name": "Other punctuation .c",
      "scope": "punctuation.separator.c,punctuation.separator.cpp",
      "settings": {
        "foreground": "#bb9af7"
      }
    },
    {
      "name": "C type posix-reserved",
      "scope": "support.type.posix-reserved.c,support.type.posix-reserved.cpp",
      "settings": {
        "foreground": "#7dcfff"
      }
    },
    {
      "name": "keyword.operator.sizeof.c",
      "scope": "keyword.operator.sizeof.c,keyword.operator.sizeof.cpp",
      "settings": {
        "foreground": "#bb9af7"
      }
    },
    {
      "name": "python parameter",
      "scope": "variable.parameter.function.language.python",
      "settings": {
        "foreground": "#e08f68"
      }
    },
    {
      "name": "python type",
      "scope": "support.type.python",
      "settings": {
        "foreground": "#7dcfff"
      }
    },
    {
      "name": "python logical",
      "scope": "keyword.operator.logical.python",
      "settings": {
        "foreground": "#bb9af7"
      }
    },
    {
      "name": "pyCs",
      "scope": "variable.parameter.function.python",
      "settings": {
        "foreground": "#e08f68"
      }
    },
    {
      "name": "python block",
      "scope": "punctuation.definition.arguments.begin.python,punctuation.definition.arguments.end.python,punctuation.separator.arguments.python,punctuation.definition.list.begin.python,punctuation.definition.list.end.python",
      "settings": {
        "foreground": "#c0caf5"
      }
    },
    {
      "name": "python function-call.generic",
      "scope": "meta.function-call.generic.python",
      "settings": {
        "foreground": "#7aa2f7"
      }
    },
    {
      "name": "python placeholder reset to normal string",
      "scope": "constant.character.format.placeholder.other.python",
      "settings": {
        "foreground": "#e08f68"
      }
    },
    {
      "name": "Operators",
      "scope": "keyword.operator",
      "settings": {
        "foreground": "#c0caf5"
      }
    },
    {
      "name": "Compound Assignment Operators",
      "scope": "keyword.operator.assignment.compound",
      "settings": {
        "foreground": "#bb9af7"
      }
    },
    {
      "name": "Compound Assignment Operators js/ts",
      "scope": "keyword.operator.assignment.compound.js,keyword.operator.assignment.compound.ts",
      "settings": {
        "foreground": "#7dcfff"
      }
    },
    {
      "name": "Keywords",
      "scope": "keyword",
      "settings": {
        "foreground": "#bb9af7"
      }
    },
    {
      "name": "Namespaces",
      "scope": "entity.name.namespace",
      "settings": {
        "foreground": "#dec76e"
      }
    },
    {
      "name": "Variables",
      "scope": "variable",
      "settings": {
        "foreground": "#f7768e"
      }
    },
    {
      "name": "Variables",
      "scope": "variable.c",
      "settings": {
        "foreground": "#c0caf5"
      }
    },
    {
      "name": "Language variables",
      "scope": "variable.language",
      "settings": {
        "foreground": "#dec76e"
      }
    },
    {
      "name": "Java Variables",
      "scope": "token.variable.parameter.java",
      "settings": {
        "foreground": "#c0caf5"
      }
    },
    {
      "name": "Java Imports",
      "scope": "import.storage.java",
      "settings": {
        "foreground": "#dec76e"
      }
    },
    {
      "name": "Packages",
      "scope": "token.package.keyword",
      "settings": {
        "foreground": "#bb9af7"
      }
    },
    {
      "name": "Packages",
      "scope": "token.package",
      "settings": {
        "foreground": "#c0caf5"
      }
    },
    {
      "name": "Functions",
      "scope": [
        "entity.name.function",
        "meta.require",
        "support.function.any-method",
        "variable.function"
      ],
      "settings": {
        "foreground": "#7aa2f7"
      }
    },
    {
      "name": "Classes",
      "scope": "entity.name.type.namespace",
      "settings": {
        "foreground": "#dec76e"
      }
    },
    {
      "name": "Classes",
      "scope": "support.class, entity.name.type.class",
      "settings": {
        "foreground": "#dec76e"
      }
    },
    {
      "name": "Class name",
      "scope": "entity.name.class.identifier.namespace.type",
      "settings": {
        "foreground": "#dec76e"
      }
    },
    {
      "name": "Class name",
      "scope": [
        "entity.name.class",
        "variable.other.class.js",
        "variable.other.class.ts"
      ],
      "settings": {
        "foreground": "#dec76e"
      }
    },
    {
      "name": "Class name php",
      "scope": "variable.other.class.php",
      "settings": {
        "foreground": "#f7768e"
      }
    },
    {
      "name": "Type Name",
      "scope": "entity.name.type",
      "settings": {
        "foreground": "#dec76e"
      }
    },
    {
      "name": "Keyword Control",
      "scope": "keyword.control",
      "settings": {
        "foreground": "#bb9af7"
      }
    },
    {
      "name": "Control Elements",
      "scope": "control.elements, keyword.operator.less",
      "settings": {
        "foreground": "#e08f68"
      }
    },
    {
      "name": "Methods",
      "scope": "keyword.other.special-method",
      "settings": {
        "foreground": "#7aa2f7"
      }
    },
    {
      "name": "Storage",
      "scope": "storage",
      "settings": {
        "foreground": "#bb9af7"
      }
    },
    {
      "name": "Storage JS TS",
      "scope": "token.storage",
      "settings": {
        "foreground": "#bb9af7"
      }
    },
    {
      "name": "Source Js Keyword Operator Delete,source Js Keyword Operator In,source Js Keyword Operator Of,source Js Keyword Operator Instanceof,source Js Keyword Operator New,source Js Keyword Operator Typeof,source Js Keyword Operator Void",
      "scope": "keyword.operator.expression.delete,keyword.operator.expression.in,keyword.operator.expression.of,keyword.operator.expression.instanceof,keyword.operator.new,keyword.operator.expression.typeof,keyword.operator.expression.void",
      "settings": {
        "foreground": "#bb9af7"
      }
    },
    {
      "name": "Java Storage",
      "scope": "token.storage.type.java",
      "settings": {
        "foreground": "#dec76e"
      }
    },
    {
      "name": "Support",
      "scope": "support.function",
      "settings": {
        "foreground": "#7dcfff"
      }
    },
    {
      "name": "Support type",
      "scope": "support.type.property-name",
      "settings": {
        "foreground": "#c0caf5"
      }
    },
    {
      "name": "Support type",
      "scope": "support.constant.property-value",
      "settings": {
        "foreground": "#c0caf5"
      }
    },
    {
      "name": "Support type",
      "scope": "support.constant.font-name",
      "settings": {
        "foreground": "#e08f68"
      }
    },
    {
      "name": "Meta tag",
      "scope": "meta.tag",
      "settings": {
        "foreground": "#c0caf5"
      }
    },
    {
      "name": "Strings",
      "scope": "string",
      "settings": {
        "foreground": "#9ece6a"
      }
    },
    {
      "name": "Inherited Class",
      "scope": "entity.other.inherited-class",
      "settings": {
        "foreground": "#dec76e"
      }
    },
    {
      "name": "Constant other symbol",
      "scope": "constant.other.symbol",
      "settings": {
        "foreground": "#7dcfff"
      }
    },
    {
      "name": "Integers",
      "scope": "constant.numeric",
      "settings": {
        "foreground": "#e08f68"
      }
    },
    {
      "name": "Constants",
      "scope": "constant",
      "settings": {
        "foreground": "#e08f68"
      }
    },
    {
      "name": "Constants",
      "scope": "punctuation.definition.constant",
      "settings": {
        "foreground": "#e08f68"
      }
    },
    {
      "name": "Tags",
      "scope": "entity.name.tag",
      "settings": {
        "foreground": "#f7768e"
      }
    },
    {
      "name": "Attributes",
      "scope": "entity.other.attribute-name",
      "settings": {
        "foreground": "#7aa2f7"
      }
    },
    {
      "name": "Attribute IDs",
      "scope": "entity.other.attribute-name.id",
      "settings": {
        "fontStyle": "normal",
        "foreground": "#7aa2f7"
      }
    },
    {
      "name": "Attribute class",
      "scope": "entity.other.attribute-name.class.css",
      "settings": {
        "fontStyle": "normal",
        "foreground": "#7aa2f7"
      }
    },
    {
      "name": "Selector",
      "scope": "meta.selector",
      "settings": {
        "foreground": "#bb9af7"
      }
    },
    {
      "name": "Headings",
      "scope": "markup.heading",
      "settings": {
        "foreground": "#f7768e"
      }
    },
    {
      "name": "Headings",
      "scope": "markup.heading punctuation.definition.heading, entity.name.section",
      "settings": {
        "foreground": "#7aa2f7"
      }
    },
    {
      "name": "Units",
      "scope": "keyword.other.unit",
      "settings": {
        "foreground": "#f7768e"
      }
    },
    {
      "name": "Bold",
      "scope": "markup.bold,todo.bold",
      "settings": {
        "foreground": "#e08f68"
      }
    },
    {
      "name": "Bold",
      "scope": "punctuation.definition.bold",
      "settings": {
        "foreground": "#dec76e"
      }
    },
    {
      "name": "markup Italic",
      "scope": "markup.italic, punctuation.definition.italic,todo.emphasis",
      "settings": {
        "foreground": "#bb9af7"
      }
    },
    {
      "name": "emphasis md",
      "scope": "emphasis md",
      "settings": {
        "foreground": "#bb9af7"
      }
    },
    {
      "name": "[VSCODE-CUSTOM] Markdown headings",
      "scope": "entity.name.section.markdown",
      "settings": {
        "foreground": "#f7768e"
      }
    },
    {
      "name": "[VSCODE-CUSTOM] Markdown heading Punctuation Definition",
      "scope": "punctuation.definition.heading.markdown",
      "settings": {
        "foreground": "#f7768e"
      }
    },
    {
      "name": "punctuation.definition.list.begin.markdown",
      "scope": "punctuation.definition.list.begin.markdown",
      "settings": {
        "foreground": "#f7768e"
      }
    },
    {
      "name": "[VSCODE-CUSTOM] Markdown heading setext",
      "scope": "markup.heading.setext",
      "settings": {
        "foreground": "#c0caf5"
      }
    },
    {
      "name": "[VSCODE-CUSTOM] Markdown Punctuation Definition Bold",
      "scope": "punctuation.definition.bold.markdown",
      "settings": {
        "foreground": "#e08f68"
      }
    },
    {
      "name": "[VSCODE-CUSTOM] Markdown Inline Raw",
      "scope": "markup.inline.raw.markdown",
      "settings": {
        "foreground": "#9ece6a"
      }
    },
    {
      "name": "[VSCODE-CUSTOM] Markdown Inline Raw",
      "scope": "markup.inline.raw.string.markdown",
      "settings": {
        "foreground": "#9ece6a"
      }
    },
    {
      "name": "[VSCODE-CUSTOM] Markdown List Punctuation Definition",
      "scope": "punctuation.definition.list.markdown",
      "settings": {
        "foreground": "#f7768e"
      }
    },
    {
      "name": "[VSCODE-CUSTOM] Markdown Punctuation Definition String",
      "scope": [
        "punctuation.definition.string.begin.markdown",
        "punctuation.definition.string.end.markdown",
        "punctuation.definition.metadata.markdown"
      ],
      "settings": {
        "foreground": "#f7768e"
      }
    },
    {
      "name": "beginning.punctuation.definition.list.markdown",
      "scope": [
        "beginning.punctuation.definition.list.markdown"
      ],
      "settings": {
        "foreground": "#f7768e"
      }
    },
    {
      "name": "[VSCODE-CUSTOM] Markdown Punctuation Definition Link",
      "scope": "punctuation.definition.metadata.markdown",
      "settings": {
        "foreground": "#f7768e"
      }
    },
    {
      "name": "[VSCODE-CUSTOM] Markdown Underline Link/Image",
      "scope": "markup.underline.link.markdown,markup.underline.link.image.markdown",
      "settings": {
        "foreground": "#bb9af7"
      }
    },
    {
      "name": "[VSCODE-CUSTOM] Markdown Link Title/Description",
      "scope": "string.other.link.title.markdown,string.other.link.description.markdown",
      "settings": {
        "foreground": "#7aa2f7"
      }
    },
    {
      "name": "Regular Expressions",
      "scope": "string.regexp",
      "settings": {
        "foreground": "#7dcfff"
      }
    },
    {
      "name": "Escape Characters",
      "scope": "constant.character.escape",
      "settings": {
        "foreground": "#7dcfff"
      }
    },
    {
      "name": "Embedded",
      "scope": "punctuation.section.embedded, variable.interpolation",
      "settings": {
        "foreground": "#f7768e"
      }
    },
    {
      "name": "Embedded",
      "scope": "punctuation.section.embedded.begin,punctuation.section.embedded.end",
      "settings": {
        "foreground": "#bb9af7"
      }
    },
    {
      "name": "illegal",
      "scope": "invalid.illegal",
      "settings": {
        "foreground": "#ffffff"
      }
    },
    {
      "name": "illegal",
      "scope": "invalid.illegal.bad-ampersand.html",
      "settings": {
        "foreground": "#c0caf5"
      }
    },
    {
      "name": "Broken",
      "scope": "invalid.broken",
      "settings": {
        "foreground": "#ffffff"
      }
    },
    {
      "name": "Deprecated",
      "scope": "invalid.deprecated",
      "settings": {
        "foreground": "#ffffff"
      }
    },
    {
      "name": "Unimplemented",
      "scope": "invalid.unimplemented",
      "settings": {
        "foreground": "#ffffff"
      }
    },
    {
      "name": "Source Json Meta Structure Dictionary Json > String Quoted Json",
      "scope": "source.json meta.structure.dictionary.json > string.quoted.json",
      "settings": {
        "foreground": "#f7768e"
      }
    },
    {
      "name": "Source Json Meta Structure Dictionary Json > String Quoted Json > Punctuation String",
      "scope": "source.json meta.structure.dictionary.json > string.quoted.json > punctuation.string",
      "settings": {
        "foreground": "#f7768e"
      }
    },
    {
      "name": "Source Json Meta Structure Dictionary Json > Value Json > String Quoted Json,source Json Meta Structure Array Json > Value Json > String Quoted Json,source Json Meta Structure Dictionary Json > Value Json > String Quoted Json > Punctuation,source Json Meta Structure Array Json > Value Json > String Quoted Json > Punctuation",
      "scope": "source.json meta.structure.dictionary.json > value.json > string.quoted.json,source.json meta.structure.array.json > value.json > string.quoted.json,source.json meta.structure.dictionary.json > value.json > string.quoted.json > punctuation,source.json meta.structure.array.json > value.json > string.quoted.json > punctuation",
      "settings": {
        "foreground": "#9ece6a"
      }
    },
    {
      "name": "Source Json Meta Structure Dictionary Json > Constant Language Json,source Json Meta Structure Array Json > Constant Language Json",
      "scope": "source.json meta.structure.dictionary.json > constant.language.json,source.json meta.structure.array.json > constant.language.json",
      "settings": {
        "foreground": "#7dcfff"
      }
    },
    {
      "name": "[VSCODE-CUSTOM] JSON Property Name",
      "scope": "support.type.property-name.json",
      "settings": {
        "foreground": "#f7768e"
      }
    },
    {
      "name": "[VSCODE-CUSTOM] JSON Punctuation for Property Name",
      "scope": "support.type.property-name.json punctuation",
      "settings": {
        "foreground": "#f7768e"
      }
    },
    {
      "name": "laravel blade tag",
      "scope": "text.html.laravel-blade source.php.embedded.line.html entity.name.tag.laravel-blade",
      "settings": {
        "foreground": "#bb9af7"
      }
    },
    {
      "name": "laravel blade @",
      "scope": "text.html.laravel-blade source.php.embedded.line.html support.constant.laravel-blade",
      "settings": {
        "foreground": "#bb9af7"
      }
    },
    {
      "name": "use statement for other classes",
      "scope": "support.other.namespace.use.php,support.other.namespace.use-as.php,support.other.namespace.php,entity.other.alias.php,meta.interface.php",
      "settings": {
        "foreground": "#dec76e"
      }
    },
    {
      "name": "error suppression",
      "scope": "keyword.operator.error-control.php",
      "settings": {
        "foreground": "#bb9af7"
      }
    },
    {
      "name": "php instanceof",
      "scope": "keyword.operator.type.php",
      "settings": {
        "foreground": "#bb9af7"
      }
    },
    {
      "name": "style double quoted array index normal begin",
      "scope": "punctuation.section.array.begin.php",
      "settings": {
        "foreground": "#c0caf5"
      }
    },
    {
      "name": "style double quoted array index normal end",
      "scope": "punctuation.section.array.end.php",
      "settings": {
        "foreground": "#c0caf5"
      }
    },
    {
      "name": "php illegal.non-null-typehinted",
      "scope": "invalid.illegal.non-null-typehinted.php",
      "settings": {
        "foreground": "#f44747"
      }
    },
    {
      "name": "php types",
      "scope": "storage.type.php,meta.other.type.phpdoc.php,keyword.other.type.php,keyword.other.array.phpdoc.php",
      "settings": {
        "foreground": "#dec76e"
      }
    },
    {
      "name": "php call-function",
      "scope": "meta.function-call.php,meta.function-call.object.php,meta.function-call.static.php",
      "settings": {
        "foreground": "#7aa2f7"
      }
    },
    {
      "name": "php function-resets",
      "scope": "punctuation.definition.parameters.begin.bracket.round.php,punctuation.definition.parameters.end.bracket.round.php,punctuation.separator.delimiter.php,punctuation.section.scope.begin.php,punctuation.section.scope.end.php,punctuation.terminator.expression.php,punctuation.definition.arguments.begin.bracket.round.php,punctuation.definition.arguments.end.bracket.round.php,punctuation.definition.storage-type.begin.bracket.round.php,punctuation.definition.storage-type.end.bracket.round.php,punctuation.definition.array.begin.bracket.round.php,punctuation.definition.array.end.bracket.round.php,punctuation.definition.begin.bracket.round.php,punctuation.definition.end.bracket.round.php,punctuation.definition.begin.bracket.curly.php,punctuation.definition.end.bracket.curly.php,punctuation.definition.section.switch-block.end.bracket.curly.php,punctuation.definition.section.switch-block.start.bracket.curly.php,punctuation.definition.section.switch-block.begin.bracket.curly.php,punctuation.definition.section.switch-block.end.bracket.curly.php",
      "settings": {
        "foreground": "#c0caf5"
      }
    },
    {
      "name": "support php constants",
      "scope": "support.constant.core.rust",
      "settings": {
        "foreground": "#e08f68"
      }
    },
    {
      "name": "support php constants",
      "scope": "support.constant.ext.php,support.constant.std.php,support.constant.core.php,support.constant.parser-token.php",
      "settings": {
        "foreground": "#e08f68"
      }
    },
    {
      "name": "php goto",
      "scope": "entity.name.goto-label.php,support.other.php",
      "settings": {
        "foreground": "#7aa2f7"
      }
    },
    {
      "name": "php logical/bitwise operator",
      "scope": "keyword.operator.logical.php,keyword.operator.bitwise.php,keyword.operator.arithmetic.php",
      "settings": {
        "foreground": "#7dcfff"
      }
    },
    {
      "name": "php regexp operator",
      "scope": "keyword.operator.regexp.php",
      "settings": {
        "foreground": "#bb9af7"
      }
    },
    {
      "name": "php comparison",
      "scope": "keyword.operator.comparison.php",
      "settings": {
        "foreground": "#7dcfff"
      }
    },
    {
      "name": "php heredoc/nowdoc",
      "scope": "keyword.operator.heredoc.php,keyword.operator.nowdoc.php",
      "settings": {
        "foreground": "#bb9af7"
      }
    },
    {
      "name": "python function decorator @",
      "scope": "meta.function.decorator.python",
      "settings": {
        "foreground": "#7aa2f7"
      }
    },
    {
      "name": "python function support",
      "scope": "support.token.decorator.python,meta.function.decorator.identifier.python",
      "settings": {
        "foreground": "#7dcfff"
      }
    },
    {
      "name": "parameter function js/ts",
      "scope": "function.parameter",
      "settings": {
        "foreground": "#c0caf5"
      }
    },
    {
      "name": "brace function",
      "scope": "function.brace",
      "settings": {
        "foreground": "#c0caf5"
      }
    },
    {
      "name": "parameter function ruby cs",
      "scope": "function.parameter.ruby, function.parameter.cs",
      "settings": {
        "foreground": "#c0caf5"
      }
    },
    {
      "name": "constant.language.symbol.ruby",
      "scope": "constant.language.symbol.ruby",
      "settings": {
        "foreground": "#7dcfff"
      }
    },
    {
      "name": "rgb-value",
      "scope": "rgb-value",
      "settings": {
        "foreground": "#7dcfff"
      }
    },
    {
      "name": "rgb value",
      "scope": "inline-color-decoration rgb-value",
      "settings": {
        "foreground": "#e08f68"
      }
    },
    {
      "name": "rgb value less",
      "scope": "less rgb-value",
      "settings": {
        "foreground": "#e08f68"
      }
    },
    {
      "name": "sass selector",
      "scope": "selector.sass",
      "settings": {
        "foreground": "#f7768e"
      }
    },
    {
      "name": "ts primitive/builtin types",
      "scope": "support.type.primitive.ts,support.type.builtin.ts,support.type.primitive.tsx,support.type.builtin.tsx",
      "settings": {
        "foreground": "#dec76e"
      }
    },
    {
      "name": "block scope",
      "scope": "block.scope.end,block.scope.begin",
      "settings": {
        "foreground": "#c0caf5"
      }
    },
    {
      "name": "cs storage type",
      "scope": "storage.type.cs",
      "settings": {
        "foreground": "#dec76e"
      }
    },
    {
      "name": "cs local variable",
      "scope": "entity.name.variable.local.cs",
      "settings": {
        "foreground": "#f7768e"
      }
    },
    {
      "scope": "token.info-token",
      "settings": {
        "foreground": "#7aa2f7"
      }
    },
    {
      "scope": "token.warn-token",
      "settings": {
        "foreground": "#e08f68"
      }
    },
    {
      "scope": "token.error-token",
      "settings": {
        "foreground": "#f44747"
      }
    },
    {
      "scope": "token.debug-token",
      "settings": {
        "foreground": "#bb9af7"
      }
    },
    {
      "name": "String interpolation",
      "scope": [
        "punctuation.definition.template-expression.begin",
        "punctuation.definition.template-expression.end",
        "punctuation.section.embedded"
      ],
      "settings": {
        "foreground": "#bb9af7"
      }
    },
    {
      "name": "Reset JavaScript string interpolation expression",
      "scope": [
        "meta.template.expression"
      ],
      "settings": {
        "foreground": "#c0caf5"
      }
    },
    {
      "name": "Import module JS",
      "scope": [
        "keyword.operator.module"
      ],
      "settings": {
        "foreground": "#bb9af7"
      }
    },
    {
      "name": "js Flowtype",
      "scope": [
        "support.type.type.flowtype"
      ],
      "settings": {
        "foreground": "#7aa2f7"
      }
    },
    {
      "name": "js Flow",
      "scope": [
        "support.type.primitive"
      ],
      "settings": {
        "foreground": "#dec76e"
      }
    },
    {
      "name": "js class prop",
      "scope": [
        "meta.property.object"
      ],
      "settings": {
        "foreground": "#f7768e"
      }
    },
    {
      "name": "js func parameter",
      "scope": [
        "variable.parameter.function.js"
      ],
      "settings": {
        "foreground": "#f7768e"
      }
    },
    {
      "name": "js template literals begin",
      "scope": [
        "keyword.other.template.begin"
      ],
      "settings": {
        "foreground": "#9ece6a"
      }
    },
    {
      "name": "js template literals end",
      "scope": [
        "keyword.other.template.end"
      ],
      "settings": {
        "foreground": "#9ece6a"
      }
    },
    {
      "name": "js template literals variable braces begin",
      "scope": [
        "keyword.other.substitution.begin"
      ],
      "settings": {
        "foreground": "#9ece6a"
      }
    },
    {
      "name": "js template literals variable braces end",
      "scope": [
        "keyword.other.substitution.end"
      ],
      "settings": {
        "foreground": "#9ece6a"
      }
    },
    {
      "name": "js operator.assignment",
      "scope": [
        "keyword.operator.assignment"
      ],
      "settings": {
        "foreground": "#7dcfff"
      }
    },
    {
      "name": "go operator",
      "scope": [
        "keyword.operator.assignment.go"
      ],
      "settings": {
        "foreground": "#dec76e"
      }
    },
    {
      "name": "go operator",
      "scope": [
        "keyword.operator.arithmetic.go",
        "keyword.operator.address.go"
      ],
      "settings": {
        "foreground": "#bb9af7"
      }
    },
    {
      "name": "Go package name",
      "scope": [
        "entity.name.package.go"
      ],
      "settings": {
        "foreground": "#dec76e"
      }
    },
    {
      "name": "elm prelude",
      "scope": [
        "support.type.prelude.elm"
      ],
      "settings": {
        "foreground": "#7dcfff"
      }
    },
    {
      "name": "elm constant",
      "scope": [
        "support.constant.elm"
      ],
      "settings": {
        "foreground": "#e08f68"
      }
    },
    {
      "name": "template literal",
      "scope": [
        "punctuation.quasi.element"
      ],
      "settings": {
        "foreground": "#bb9af7"
      }
    },
    {
      "name": "html/pug (jade) escaped characters and entities",
      "scope": [
        "constant.character.entity"
      ],
      "settings": {
        "foreground": "#f7768e"
      }
    },
    {
      "name": "styling css pseudo-elements/classes to be able to differentiate from classes which are the same colour",
      "scope": [
        "entity.other.attribute-name.pseudo-element",
        "entity.other.attribute-name.pseudo-class"
      ],
      "settings": {
        "foreground": "#7dcfff"
      }
    },
    {
      "name": "Clojure globals",
      "scope": [
        "entity.global.clojure"
      ],
      "settings": {
        "foreground": "#dec76e"
      }
    },
    {
      "name": "Clojure symbols",
      "scope": [
        "meta.symbol.clojure"
      ],
      "settings": {
        "foreground": "#f7768e"
      }
    },
    {
      "name": "Clojure constants",
      "scope": [
        "constant.keyword.clojure"
      ],
      "settings": {
        "foreground": "#7dcfff"
      }
    },
    {
      "name": "CoffeeScript Function Argument",
      "scope": [
        "meta.arguments.coffee",
        "variable.parameter.function.coffee"
      ],
      "settings": {
        "foreground": "#f7768e"
      }
    },
    {
      "name": "Ini Default Text",
      "scope": [
        "source.ini"
      ],
      "settings": {
        "foreground": "#9ece6a"
      }
    },
    {
      "name": "Makefile prerequisities",
      "scope": [
        "meta.scope.prerequisites.makefile"
      ],
      "settings": {
        "foreground": "#f7768e"
      }
    },
    {
      "name": "Makefile text colour",
      "scope": [
        "source.makefile"
      ],
      "settings": {
        "foreground": "#dec76e"
      }
    },
    {
      "name": "Groovy import names",
      "scope": [
        "storage.modifier.import.groovy"
      ],
      "settings": {
        "foreground": "#dec76e"
      }
    },
    {
      "name": "Groovy Methods",
      "scope": [
        "meta.method.groovy"
      ],
      "settings": {
        "foreground": "#7aa2f7"
      }
    },
    {
      "name": "Groovy Variables",
      "scope": [
        "meta.definition.variable.name.groovy"
      ],
      "settings": {
        "foreground": "#f7768e"
      }
    },
    {
      "name": "Groovy Inheritance",
      "scope": [
        "meta.definition.class.inherited.classes.groovy"
      ],
      "settings": {
        "foreground": "#9ece6a"
      }
    },
    {
      "name": "HLSL Semantic",
      "scope": [
        "support.variable.semantic.hlsl"
      ],
      "settings": {
        "foreground": "#dec76e"
      }
    },
    {
      "name": "HLSL Types",
      "scope": [
        "support.type.texture.hlsl",
        "support.type.sampler.hlsl",
        "support.type.object.hlsl",
        "support.type.object.rw.hlsl",
        "support.type.fx.hlsl",
        "support.type.object.hlsl"
      ],
      "settings": {
        "foreground": "#bb9af7"
      }
    },
    {
      "name": "SQL Variables",
      "scope": [
        "text.variable",
        "text.bracketed"
      ],
      "settings": {
        "foreground": "#f7768e"
      }
    },
    {
      "name": "types",
      "scope": [
        "support.type.swift",
        "support.type.vb.asp"
      ],
      "settings": {
        "foreground": "#dec76e"
      }
    },
    {
      "name": "heading 1, keyword",
      "scope": [
        "entity.name.function.xi"
      ],
      "settings": {
        "foreground": "#dec76e"
      }
    },
    {
      "name": "heading 2, callable",
      "scope": [
        "entity.name.class.xi"
      ],
      "settings": {
        "foreground": "#7dcfff"
      }
    },
    {
      "name": "heading 3, property",
      "scope": [
        "constant.character.character-class.regexp.xi"
      ],
      "settings": {
        "foreground": "#f7768e"
      }
    },
    {
      "name": "heading 4, type, class, interface",
      "scope": [
        "constant.regexp.xi"
      ],
      "settings": {
        "foreground": "#bb9af7"
      }
    },
    {
      "name": "heading 5, enums, preprocessor, constant, decorator",
      "scope": [
        "keyword.control.xi"
      ],
      "settings": {
        "foreground": "#7dcfff"
      }
    },
    {
      "name": "heading 6, number",
      "scope": [
        "invalid.xi"
      ],
      "settings": {
        "foreground": "#c0caf5"
      }
    },
    {
      "name": "string",
      "scope": [
        "beginning.punctuation.definition.quote.markdown.xi"
      ],
      "settings": {
        "foreground": "#9ece6a"
      }
    },
    {
      "name": "comments",
      "scope": [
        "beginning.punctuation.definition.list.markdown.xi"
      ],
      "settings": {
        "foreground": "#4d526b"
      }
    },
    {
      "name": "link",
      "scope": [
        "constant.character.xi"
      ],
      "settings": {
        "foreground": "#7aa2f7"
      }
    },
    {
      "name": "accent",
      "scope": [
        "accent.xi"
      ],
      "settings": {
        "foreground": "#7aa2f7"
      }
    },
    {
      "name": "wikiword",
      "scope": [
        "wikiword.xi"
      ],
      "settings": {
        "foreground": "#e08f68"
      }
    },
    {
      "name": "language operators like '+', '-' etc",
      "scope": [
        "constant.other.color.rgb-value.xi"
      ],
      "settings": {
        "foreground": "#ffffff"
      }
    },
    {
      "name": "elements to dim",
      "scope": [
        "punctuation.definition.tag.xi"
      ],
      "settings": {
        "foreground": "#4d526b"
      }
    },
    {
      "name": "C++/C#",
      "scope": [
        "entity.name.label.cs",
        "entity.name.scope-resolution.function.call",
        "entity.name.scope-resolution.function.definition"
      ],
      "settings": {
        "foreground": "#dec76e"
      }
    },
    {
      "name": "Markdown underscore-style headers",
      "scope": [
        "entity.name.label.cs",
        "markup.heading.setext.1.markdown",
        "markup.heading.setext.2.markdown"
      ],
      "settings": {
        "foreground": "#f7768e"
      }
    },
    {
      "name": "meta.brace.square",
      "scope": [
        " meta.brace.square"
      ],
      "settings": {
        "foreground": "#c0caf5"
      }
    },
    {
      "name": "Comments",
      "scope": "comment, punctuation.definition.comment",
      "settings": {
        "fontStyle": "italic",
        "foreground": "#4d526b"
      }
    },
    {
      "name": "[VSCODE-CUSTOM] Markdown Quote",
      "scope": "markup.quote.markdown",
      "settings": {
        "foreground": "#4d526b"
      }
    },
    {
      "name": "punctuation.definition.block.sequence.item.yaml",
      "scope": "punctuation.definition.block.sequence.item.yaml",
      "settings": {
        "foreground": "#c0caf5"
      }
    },
    {
      "scope": [
        "constant.language.symbol.elixir"
      ],
      "settings": {
        "foreground": "#7dcfff"
      }
    },
    {
      "name": "js/ts italic",
      "scope": "entity.other.attribute-name.js,entity.other.attribute-name.ts,entity.other.attribute-name.jsx,entity.other.attribute-name.tsx,variable.parameter,variable.language.super",
      "settings": {
        "fontStyle": "italic"
      }
    },
    {
      "name": "comment",
      "scope": "comment.line.double-slash,comment.block.documentation",
      "settings": {
        "fontStyle": "italic"
      }
    },
    {
      "name": "Python Keyword Control",
      "scope": "keyword.control.import.python,keyword.control.flow.python",
      "settings": {
        "fontStyle": "italic"
      }
    },
    {
      "name": "markup.italic.markdown",
      "scope": "markup.italic.markdown",
      "settings": {
        "fontStyle": "italic"
      }
    }
  ],
  "colors": {
    "foreground": "#c0caf5",
    "focusBorder": "#414868",
    "selection.background": "#38478e",
    "scrollbar.shadow": "#000000",
    "activityBar.foreground": "#c0caf5",
    "activityBar.background": "#24283b",
    "activityBar.inactiveForeground": "#c0caf54a",
    "activityBarBadge.foreground": "#ffffff",
    "activityBarBadge.background": "#b8364f",
    "activityBar.border": "#ffffff00",
    "activityBar.activeBackground": "#00000014",
    "sideBar.background": "#2a2e43",
    "sideBar.foreground": "#c0caf5",
    "sideBarSectionHeader.background": "#262a3d",
    "sideBarSectionHeader.foreground": "#f6f8ff",
    "sideBarSectionHeader.border": "#cccccc00",
    "sideBarTitle.foreground": "#c0caf5",
    "sideBar.border": "#ffffff00",
    "list.inactiveSelectionBackground": "#3c4056",
    "list.inactiveSelectionForeground": "#c0caf5ad",
    "list.hoverBackground": "#1f2334",
    "list.hoverForeground": "#c0cbea",
    "list.activeSelectionBackground": "#1f2334",
    "list.activeSelectionForeground": "#ffffff",
    "tree.indentGuidesStroke": "#585858",
    "list.dropBackground": "#383b3d",
    "list.highlightForeground": "#5b8bf2",
    "list.focusBackground": "#2e3347",
    "list.focusForeground": "#d7dae6",
    "listFilterWidget.background": "#774628",
    "listFilterWidget.outline": "#00000000",
    "listFilterWidget.noMatchesOutline": "#be776b",
    "statusBar.foreground": "#ffffff",
    "statusBar.background": "#24283b",
    "statusBarItem.hoverBackground": "#ffffff1f",
    "statusBar.border": "#24283b",
    "statusBar.debuggingBackground": "#a7394d",
    "statusBar.debuggingForeground": "#ffffff",
    "statusBar.debuggingBorder": "#24283b",
    "statusBar.noFolderBackground": "#594186",
    "statusBar.noFolderForeground": "#ffffff",
    "statusBar.noFolderBorder": "#24283b",
    "statusBarItem.remoteBackground": "#37732e",
    "statusBarItem.remoteForeground": "#ffffff",
    "titleBar.activeBackground": "#24283b",
    "titleBar.activeForeground": "#b7bccf",
    "titleBar.inactiveBackground": "#363b4f",
    "titleBar.inactiveForeground": "#6e7084",
    "titleBar.border": "#00000000",
    "menubar.selectionForeground": "#f0f5fb",
    "menubar.selectionBackground": "#2e3347",
    "menubar.selectionBorder": "#ff000000",
    "menu.foreground": "#c0caf5c1",
    "menu.background": "#24283b",
    "menu.selectionForeground": "#ffffff",
    "menu.selectionBackground": "#323b5e",
    "menu.selectionBorder": "#00000000",
    "menu.separatorBackground": "#42475a",
    "menu.border": "#2e3347",
    "button.background": "#3d5da1",
    "button.foreground": "#ffffff",
    "button.hoverBackground": "#2f477b",
    "button.secondaryForeground": "#ffffff",
    "button.secondaryBackground": "#3a3d41",
    "button.secondaryHoverBackground": "#45494e",
    "input.background": "#1a1b26",
    "input.border": "#00000000",
    "input.foreground": "#c0caf5",
    "inputOption.activeBackground": "#324a7b",
    "inputOption.activeBorder": "#7aa2f752",
    "inputOption.activeForeground": "#ffffff",
    "input.placeholderForeground": "#c0caf566",
    "textLink.foreground": "#3794ff",
    "editor.background": "#24283b",
    "editor.foreground": "#c0caf5",
    "editorLineNumber.foreground": "#484b5c",
    "editorCursor.foreground": "#c0caf5",
    "editorCursor.background": "#0c0e15",
    "editor.selectionBackground": "#383e5c",
    "editor.inactiveSelectionBackground": "#2c3045",
    "editorWhitespace.foreground": "#50556f",
    "editor.selectionHighlightBackground": "#add6ff26",
    "editor.selectionHighlightBorder": "#495F77",
    "editor.findMatchBackground": "#414868bd",
    "editor.findMatchBorder": "#4b5582",
    "editor.findMatchHighlightBackground": "#e0af684c",
    "editor.findMatchHighlightBorder": "#e0af6887",
    "editor.findRangeHighlightBackground": "#41486822",
    "editor.findRangeHighlightBorder": "#ffffff00",
    "editor.rangeHighlightBackground": "#ffffff0b",
    "editor.rangeHighlightBorder": "#ffffff00",
    "editor.hoverHighlightBackground": "#4d537d81",
    "editor.wordHighlightStrongBackground": "#314160",
    "editor.wordHighlightStrongBorder": "#5a648e",
    "editor.wordHighlightBackground": "#412f34bb",
    "editor.wordHighlightBorder": "#82545897",
    "editor.lineHighlightBackground": "#202437",
    "editor.lineHighlightBorder": "#202437",
    "editorLineNumber.activeForeground": "#c0caf5",
    "editorLink.activeForeground": "#4e94ce",
    "editorIndentGuide.background": "#2e3347",
    "editorIndentGuide.activeBackground": "#414868",
    "editorRuler.foreground": "#2e3347",
    "editorBracketMatch.background": "#0064001a",
    "editorBracketMatch.border": "#888888",
    "editor.foldBackground": "#202437",
    "editorOverviewRuler.background": "#ffffff00",
    "editorOverviewRuler.border": "#7f7f7f00",
    "editorError.foreground": "#f77676",
    "editorError.background": "#B73A3400",
    "editorError.border": "#ffffff00",
    "editorWarning.foreground": "#d79a42",
    "editorWarning.background": "#A9904000",
    "editorWarning.border": "#ffffff00",
    "editorInfo.foreground": "#7aa2f7",
    "editorInfo.background": "#4490BF00",
    "editorInfo.border": "#4490BF00",
    "editorGutter.background": "#24283b",
    "editorGutter.modifiedBackground": "#7aa2f797",
    "editorGutter.addedBackground": "#5b8430",
    "editorGutter.deletedBackground": "#d54242",
    "editorGutter.foldingControlForeground": "#627082",
    "editorCodeLens.foreground": "#617a94",
    "editorGroup.border": "#2e3347",
    "diffEditor.insertedTextBackground": "#59db1012",
    "diffEditor.insertedTextBorder": "#ffffff04",
    "diffEditor.removedTextBackground": "#ff00001a",
    "diffEditor.removedTextBorder": "#ffffff04",
    "diffEditor.border": "#414868",
    "panel.background": "#1d1f2d",
    "panel.border": "#8d92ab10",
    "panelTitle.activeBorder": "#bb9af7",
    "panelTitle.activeForeground": "#c0caf5",
    "panelTitle.inactiveForeground": "#c0caf562",
    "badge.background": "#414868",
    "badge.foreground": "#ffffff",
    "terminal.foreground": "#cccccc",
    "terminal.selectionBackground": "#ffffff08",
    "terminalCursor.background": "#2d60cd",
    "terminalCursor.foreground": "#ffffff",
    "terminal.border": "#1d1f2d",
    "terminal.ansiBlack": "#000000",
    "terminal.ansiBlue": "#2472c8",
    "terminal.ansiBrightBlack": "#727779",
    "terminal.ansiBrightBlue": "#3b8eea",
    "terminal.ansiBrightCyan": "#29b8db",
    "terminal.ansiBrightGreen": "#9cce6a",
    "terminal.ansiBrightMagenta": "#d670d6",
    "terminal.ansiBrightRed": "#f14c4c",
    "terminal.ansiBrightWhite": "#e5e5e5",
    "terminal.ansiBrightYellow": "#e4b571",
    "terminal.ansiCyan": "#11a8cd",
    "terminal.ansiGreen": "#54b02a",
    "terminal.ansiMagenta": "#bc3fbc",
    "terminal.ansiRed": "#cd3131",
    "terminal.ansiWhite": "#e5e5e5",
    "terminal.ansiYellow": "#fdb347",
    "breadcrumb.background": "#24283b",
    "breadcrumb.foreground": "#c0caf597",
    "breadcrumb.focusForeground": "#c0caf5",
    "editorGroupHeader.border": "#2e3347",
    "editorGroupHeader.tabsBackground": "#2a2e43",
    "tab.activeForeground": "#ffffff",
    "tab.border": "#24283b",
    "tab.activeBackground": "#24283b",
    "tab.activeBorder": "#00000000",
    "tab.activeBorderTop": "#f7768e",
    "tab.inactiveBackground": "#2a2e43",
    "tab.inactiveForeground": "#ffffff80",
    "scrollbarSlider.background": "#7979793a",
    "scrollbarSlider.hoverBackground": "#6464647e",
    "scrollbarSlider.activeBackground": "#bfbfbf66",
    "progressBar.background": "#f7768e",
    "widget.shadow": "#0000005c",
    "editorWidget.foreground": "#c0caf5",
    "editorWidget.background": "#1d1f2d",
    "editorWidget.resizeBorder": "#414868",
    "pickerGroup.border": "#2e3347",
    "pickerGroup.foreground": "#7aa2f7",
    "debugToolBar.background": "#1d1f2d",
    "debugToolBar.border": "#2e3347",
    "notifications.foreground": "#c0caf5",
    "notifications.background": "#1d1f2d",
    "notificationToast.border": "#2e3347",
    "notificationsErrorIcon.foreground": "#f7768e",
    "notificationsWarningIcon.foreground": "#e0af68",
    "notificationsInfoIcon.foreground": "#7aa2f7",
    "notificationCenter.border": "#474747",
    "notificationCenterHeader.foreground": "#c0caf5",
    "notificationCenterHeader.background": "#1d1f2d",
    "notifications.border": "#2e3347",
    "gitDecoration.addedResourceForeground": "#81b88b",
    "gitDecoration.conflictingResourceForeground": "#6c6cc4",
    "gitDecoration.deletedResourceForeground": "#c74e39",
    "gitDecoration.ignoredResourceForeground": "#8c8c8c",
    "gitDecoration.modifiedResourceForeground": "#e2c08d",
    "gitDecoration.stageDeletedResourceForeground": "#c74e39",
    "gitDecoration.stageModifiedResourceForeground": "#e2c08d",
    "gitDecoration.submoduleResourceForeground": "#8db9e2",
    "gitDecoration.untrackedResourceForeground": "#73c991",
    "editorMarkerNavigation.background": "#15161f",
    "editorMarkerNavigationError.background": "#bc4f4f",
    "editorMarkerNavigationWarning.background": "#ecae54",
    "editorMarkerNavigationInfo.background": "#5c9dc2",
    "merge.currentHeaderBackground": "#367366",
    "merge.currentContentBackground": "#27403B",
    "merge.incomingHeaderBackground": "#395F8F",
    "merge.incomingContentBackground": "#28384B",
    "merge.commonHeaderBackground": "#383838",
    "merge.commonContentBackground": "#282828",
    "editorSuggestWidget.background": "#141520",
    "editorSuggestWidget.border": "#2e3347",
    "editorSuggestWidget.foreground": "#c0caf5",
    "editorSuggestWidget.highlightForeground": "#f7768e",
    "editorSuggestWidget.selectedBackground": "#2e334793",
    "editorHoverWidget.foreground": "#c0caf5",
    "editorHoverWidget.background": "#141520",
    "editorHoverWidget.border": "#2e3347",
    "peekView.border": "#414868",
    "peekViewEditor.background": "#141520",
    "peekViewEditorGutter.background": "#141520",
    "peekViewEditor.matchHighlightBackground": "#e0af6848",
    "peekViewEditor.matchHighlightBorder": "#e0af6889",
    "peekViewResult.background": "#11121b",
    "peekViewResult.fileForeground": "#ffffff",
    "peekViewResult.lineForeground": "#bbbbbb",
    "peekViewResult.matchHighlightBackground": "#ea5c004d",
    "peekViewResult.selectionBackground": "#3383ff24",
    "peekViewResult.selectionForeground": "#ffffff",
    "peekViewTitle.background": "#11121b",
    "peekViewTitleDescription.foreground": "#ccccccb3",
    "peekViewTitleLabel.foreground": "#ffffff",
    "icon.foreground": "#c0caf5",
    "checkbox.background": "#1a1b26",
    "checkbox.foreground": "#c0caf5",
    "checkbox.border": "#00000000",
    "dropdown.background": "#1a1b26",
    "dropdown.foreground": "#c0caf5",
    "dropdown.border": "#00000000",
    "minimapGutter.addedBackground": "#5b8430",
    "minimapGutter.modifiedBackground": "#7aa2f797",
    "minimapGutter.deletedBackground": "#d54242",
    "minimap.findMatchHighlight": "#414868bd",
    "minimap.selectionHighlight": "#383e5c",
    "minimap.errorHighlight": "#f77676",
    "minimap.warningHighlight": "#d79a42",
    "minimap.background": "#24283b",
    "sideBar.dropBackground": "#383b3d",
    "editorGroup.emptyBackground": "#24283b",
    "panelSection.border": "#1d1f2d",
    "statusBarItem.activeBackground": "#FFFFFF25",
    "settings.headerForeground": "#c0caf5",
    "settings.focusedRowBackground": "#ffffff07",
    "walkThrough.embeddedEditorBackground": "#00000050",
    "breadcrumb.activeSelectionForeground": "#c0caf5",
    "editorGutter.commentRangeForeground": "#627082",
    "debugExceptionWidget.background": "#1d1f2d",
    "debugExceptionWidget.border": "#2e3347"
  }
}