{"capabilities.untrustedWorkspaces.description":"L'ouverture d'un dossier dans un conteneur nécessite l'approbation de l'espace de travail.","command.addExtensionToConfig":"Ajouter à devcontainer.json","command.attachToContainerInCurrentWindow":"Joindre dans la fenêtre actuelle","command.attachToContainerInNewWindow":"Joindre dans une nouvelle fenêtre","command.attachToK8sContainerFromViewlet":"Joindre du Visual Studio Code","command.attachToRunningContainer":"Attacher au conteneur en cours d'exécution...","command.attachToRunningContainerFromViewlet":"Joindre du Visual Studio Code","command.category":"Conteneurs de développement","command.checkoutPRInVolume":"Requête d'extraction de paiement dans le conteneur de développement","command.cleanUpDevContainers":"Nettoyer les conteneurs de développement...","command.cloneInVolume":"Cloner le référentiel en volume","command.cloneInVolumeFromViewlet":"Cloner dans un volume existant","command.configureContainerFeatures":"Configurer les fonctionnalités du conteneur...","command.createDevContainer":"Nouveau conteneur de développement...","command.createDevContainerFile":"Ajouter les fichiers de configuration du conteneur de développement...","command.explorerDetailsRefresh":"Actualiser","command.explorerTargetsRefresh":"Actualiser","command.explorerVolumesRefresh":"Actualiser","command.getHelp":"Aide","command.getStarted":"Premiers pas avec les conteneurs de développement","command.inspectDockerResource":"Inspecter","command.inspectInBasicDevContainer":"Explorer dans le conteneur de développement","command.inspectVolume":"Explorer un volume dans un conteneur de développement...","command.inspectVolumeFromViewlet":"Explorer dans un conteneur de développement","command.installDocker":"Installer Docker","command.installDockerInWSL":"Installer Docker dans WSL","command.installUserCLI":"Installer l'interface de ligne de commande devcontainer","command.labelPortAndUpdateConfig":"Définir l'étiquette et mettre à jour devcontainer.json","command.newContainer":"Nouveau conteneur de développement","command.openAttachConfigByNameFile":"Ouvrir le fichier de configuration du conteneur nommé","command.openAttachDevContainerFile":"Ouvrir le fichier de configuration du conteneur attaché...","command.openDevContainerFile":"Ouvrir le fichier de configuration du conteneur","command.openFolder":"Ouvrir le dossier dans le conteneur...","command.openFolderInContainerInCurrentWindow":"Ouvrir dans le conteneur dans la fenêtre active","command.openFolderInContainerInNewWindow":"Ouvrir dans un conteneur dans une nouvelle fenêtre","command.openInformationAboutMountPerformance":"Cloner le référentiel dans le volume Docker pour de meilleures performances d'E/S.","command.openLastLogFile":"Afficher le journal précédent","command.openLogFile":"Afficher tous les journaux...","command.openPullRequestInVolume":"Cloner la requête d'extraction GitHub dans le volume du conteneur...","command.openRepositoryFromGitWithEditSession":"Cloner le référentiel dans un volume de conteneur","command.openRepositoryFromRemoteHubWithEditSession":"Cloner le référentiel dans un volume de conteneur","command.openRepositoryInUniqueVolume":"Cloner le référentiel dans le volume du conteneur...","command.openRepositoryInVolume":"Cloner le référentiel dans un volume de conteneur nommé...","command.openWorkspace":"Ouvrir l'espace de travail dans le conteneur...","command.provideFeedback":"Fournir une Réponse","command.pruneVolumes":"Nettoyer les volumes de développement...","command.rebuildAndReopenInContainer":"Reconstruire et rouvrir dans le conteneur","command.rebuildContainer":"Reconstruire le conteneur","command.rebuildContainerNoCache":"Reconstruire le conteneur sans cache","command.rebuildNoCacheAndReopenInContainer":"Reconstruire sans cache et rouvrir dans le conteneur","command.removeContainer":"Supprimer le conteneur","command.removeRecentFolder":"Supprimer le Dossier Récent","command.removeVolume":"Supprimer","command.reopenInContainer":"Rouvrir dans le conteneur","command.reopenInSSH":"Rouvrir le dossier en SSH","command.reopenInTunnel":"Rouvrir le dossier dans Tunnel","command.reopenInWSL":"Rouvrir le dossier dans WSL","command.reopenLocally":"Rouvrir le dossier localement","command.reportIssue":"Signaler un problème...","command.revealLogTerminal":"Afficher le journal du conteneur","command.settings":"Paramètres","command.showContainerLog":"Afficher le journal du conteneur","command.showDetails":"Afficher les détails","command.showRecoveryContainerNotificationReset":"Réinitialiser Ne pas afficher la notification du conteneur de récupération","command.showReopenInContainerNotificationReset":"Réinitialiser Ne pas afficher la notification de réouverture","command.startContainer":"Démarrer le conteneur","command.stopContainer":"Arrêter le conteneur","command.switchContainer":"Changer de conteneur","command.trySample":"Essayez un exemple de conteneur de développement...","configuration.cacheVolume.deprecationMessage":"Utilisez 'dev.containers.cacheVolume' à la place.","configuration.cacheVolume.description":"Contrôle si un volume Docker doit être utilisé pour mettre en cache le serveur VS Code et les extensions. S'applique actuellement uniquement aux configurations à conteneur unique et non à Docker Compose.","configuration.cacheVolume.markdownDeprecationMessage":"Utilisez `#dev.containers.cacheVolume#` à la place.","configuration.copyGitConfig.deprecationMessage":"Utilisez 'dev.containers.copyGitConfig' à la place.","configuration.copyGitConfig.markdownDeprecationMessage":"Utilisez `#dev.containers.copyGitConfig#` à la place.","configuration.copyGitConfig.markdownDescription":"Contrôle si la configuration Git (`~/.gitconfig`) doit être copiée dans le conteneur. Ceci est fait après l'installation de tout `#dotfiles.repository#` et n'écrasera pas un fichier de configuration Git existant.","configuration.defaultExtensions.deprecationMessage":"Utilisez 'dev.containers.defaultExtensions' à la place.","configuration.defaultExtensions.description":"Configure la liste des extensions à toujours installer lors de la création d'un conteneur.","configuration.defaultExtensions.errorMessage":"Format attendu : '${publisher}.${name}'. Exemple : 'vscode.csharp'.","configuration.defaultExtensions.markdownDeprecationMessage":"Utilisez plutôt `#dev.containers.defaultExtensions#`.","configuration.defaultExtensionsIfInstalledLocally.description":"Configure la liste des extensions à installer lors de la création d’un conteneur si elles sont déjà installées localement.","configuration.defaultExtensionsIfInstalledLocally.errorMessage":"Format attendu : '${publisher}.${name}'. Exemple : 'vscode.csharp'.","configuration.defaultFeatures":"Configure la liste des fonctionnalités à toujours installer lors de la création d'un conteneur.","configuration.dockerComposePath.deprecationMessage":"Utilisez 'dev.containers.dockerComposePath' à la place.","configuration.dockerComposePath.description":"Nom ou chemin de l'exécutable Docker Compose.","configuration.dockerComposePath.markdownDeprecationMessage":"Utilisez plutôt `#dev.containers.dockerComposePath#`.","configuration.dockerCredentialHelper.markdownDescription":"Contrôle si un assistant d'identification doit être enregistré en tant que `credStore` dans la configuration Docker (`~/.docker/config.json`) des conteneurs de développement. Cela n'écrasera pas une entrée `credStore` existante dans le fichier de configuration.","configuration.dockerPath.deprecationMessage":"Utilisez 'dev.containers.dockerPath' à la place.","configuration.dockerPath.description":"Nom ou chemin de l'exécutable Docker (ou Podman).","configuration.dockerPath.markdownDeprecationMessage":"Utilisez plutôt `#dev.containers.dockerPath#`.","configuration.dotfiles.installCommand.deprecationMessage":"Utilisez 'dotfiles.installCommand' à la place.","configuration.dotfiles.installCommand.description":"La commande à exécuter après le clonage du référentiel dotfiles. Par défaut pour exécuter le premier fichier de `install.sh`, `install`, `bootstrap.sh`, `bootstrap`, `setup.sh` et `setup` trouvé dans le dossier racine du référentiel dotfiles.","configuration.dotfiles.installCommand.markdownDeprecationMessage":"Utilisez `#dotfiles.installCommand#` à la place.","configuration.dotfiles.repository.deprecationMessage":"Utilisez 'dotfiles.repository' à la place.","configuration.dotfiles.repository.description":"URL d'un dépôt Git dotfiles (par exemple, https://github.com/owner/repository.git) ou propriétaire/dépôt d'un dépôt GitHub.","configuration.dotfiles.repository.markdownDeprecationMessage":"Utilisez `#dotfiles.repository#` à la place.","configuration.dotfiles.targetPath.deprecationMessage":"Utilisez 'dotfiles.targetPath' à la place.","configuration.dotfiles.targetPath.description":"Le chemin vers lequel cloner le référentiel dotfiles. La valeur par défaut est `~/dotfiles`.","configuration.dotfiles.targetPath.markdownDeprecationMessage":"Utilisez `#dotfiles.targetPath#` à la place.","configuration.executeInWSL.deprecationMessage":"Utilisez 'dev.containers.executeInWSL' à la place.","configuration.executeInWSL.description":"Contrôle si les commandes CLI doivent toujours être exécutées dans WSL. La valeur par défaut est de s'exécuter uniquement dans WSL pour les dossiers d'espace de travail dans WSL. Ce paramètre n'a aucun effet sur les plates-formes autres que Windows.","configuration.executeInWSL.markdownDeprecationMessage":"Utilisez plutôt `#dev.containers.executeInWSL#`.","configuration.executeInWSLDistro.deprecationMessage":"Utilisez 'dev.containers.executeInWSLDistro' à la place.","configuration.executeInWSLDistro.markdownDeprecationMessage":"Utilisez `#dev.containers.executeInWSLDistro#` à la place.","configuration.executeInWSLDistro.markdownDescription":"Distribution WSL à utiliser lorsque vous ne rouvrez pas un dossier WSL. La valeur par défaut consiste à utiliser la distribution WSL par défaut (voir `wsl -l`). Ce paramètre n'a aucun effet lorsque `#dev.containers.executeInWSL#` n'est pas activé ou sur d'autres plates-formes que Windows.","configuration.experimentalLockfile.description":"Contrôle si un devcontainer-lock.json expérimental doit être écrit. Cette fonctionnalité est expérimentale et peut changer à l'avenir.","configuration.gitCredentialHelperConfigLocation.deprecationMessage":"Utilisez 'dev.containers.gitCredentialHelperConfigLocation' à la place.","configuration.gitCredentialHelperConfigLocation.description":"Où écrire la configuration de l'assistant d'identification Git.","configuration.gitCredentialHelperConfigLocation.global":"Écrire dans la configuration utilisateur (`~/.gitconfig`).","configuration.gitCredentialHelperConfigLocation.markdownDeprecationMessage":"Utilisez plutôt `#dev.containers.gitCredentialHelperConfigLocation#`.","configuration.gitCredentialHelperConfigLocation.none":"Ne définissez pas d'assistant d'informations d'identification.","configuration.gitCredentialHelperConfigLocation.system":"Écrire dans la configuration système (`/etc/gitconfig`, nécessite un accès root).","configuration.logLevel.deprecationMessage":"Utilisez 'dev.containers.logLevel' à la place.","configuration.logLevel.description":"Niveau de journal pour l’extension.","configuration.logLevel.markdownDeprecationMessage":"Utilisez `#dev.containers.logLevel#` à la place.","configuration.mountWaylandSocket.markdownDescription":"Contrôle si un socket Wayland, s'il en existe un, doit être monté dans le conteneur de développement.","configuration.repositoryConfigurationPaths.deprecationMessage":"Utilisez plutôt 'dev.containers.repositoryConfigurationPaths'.","configuration.repositoryConfigurationPaths.markdownDeprecationMessage":"Utilisez plutôt `#dev.containers.repositoryConfigurationPaths#`.","configuration.repositoryConfigurationPaths.markdownDescription":"Liste des chemins supplémentaires pour rechercher les [configurations du référentiel](https://code.visualstudio.com/docs/devcontainers/create-dev-container#_alternative-repository-configuration-folders).","configuration.title":"Conteneurs de développement","configuration.workspaceMountConsistency.cached":"Le point de vue de l'hôte fait autorité.","configuration.workspaceMountConsistency.consistent":"Consistance parfaite.","configuration.workspaceMountConsistency.delegated":"La vue du conteneur fait autorité.","configuration.workspaceMountConsistency.deprecationMessage":"Utilisez 'dev.containers.workspaceMountConsistency' à la place.","configuration.workspaceMountConsistency.description":"Le niveau de cohérence utilisé pour le montage de l'espace de travail (les conteneurs existants doivent être reconstruits pour prendre effet).","configuration.workspaceMountConsistency.markdownDeprecationMessage":"Utilisez `#dev.containers.workspaceMountConsistency#` à la place.","continueEditSession.containerVolume":"Continuer à travailler dans le volume du conteneur","description":"Ouvrez n'importe quel dossier ou référentiel dans un conteneur Docker et profitez de l'ensemble des fonctionnalités de Visual Studio Code.","displayName":"Conteneurs de développement","resourceLabelFormatters.attached-container.workspaceSuffix":"Conteneur","resourceLabelFormatters.dev-container.workspaceSuffix":"Conteneur de développement","resourceLabelFormatters.exec.workspaceSuffix":"Exécution","resourceLabelFormatters.k8s-container.workspaceSuffix":"Kubernetes","views.remote.detailsContainers":"Détails (Containers)","views.remote.devVolumes":"Volumes de développement","views.remote.targetsContainers":"Conteneurs de développement","viewsWelcome.devVolumes.noDevVolumes":"S'il existe un référentiel avec lequel vous souhaitez travailler, vous pouvez le cloner directement dans un volume de conteneur.\r\n[Clone Repository in Container Volume] (commande:remote-containers.openRepositoryInUniqueVolume)\r\n","viewsWelcome.targetsContainers.needsDockerStartOrInstall":"Commencez avec les conteneurs en [installant Docker](commande:remote-containers.installDocker) ou en visitant la [vue d'aide] (commande:~remote.helpPanel.focus). [Actualiser] (commande:remote-containers.explorerTargetsRefresh) après l'installation et le démarrage.","viewsWelcome.targetsContainers.needsSSHCredentials":"[Refresh](command:remote-containers.explorerTargetsRefresh) pour fournir les informations d'identification SSH.","viewsWelcome.targetsContainers.noContainersWithFolder":"Commencez avec les conteneurs en exécutant l'une des commandes [Dev Containers](command:remote-containers.newContainer).\r\nVous pouvez [rouvrir le dossier actuel dans un conteneur](commande : remote-containers.reopenInContainer), ou ouvrir un autre dossier dans un conteneur.\r\n[Ouvrir le dossier dans le conteneur] (commande : remote-containers.openFolder)\r\nSi vous débutez avec les conteneurs et que vous souhaitez [essayer un échantillon](commande : remote-containers.trySample), vous avez le choix entre plusieurs options.","viewsWelcome.targetsContainers.noContainersWithoutFolder":"Commencez avec les conteneurs en exécutant l'une des commandes [Dev Containers](command:remote-containers.newContainer).\r\nVous pouvez ouvrir un dossier existant dans un conteneur.\r\n[Ouvrir le dossier dans le conteneur] (commande : remote-containers.openFolder)\r\nSi vous débutez avec les conteneurs et que vous souhaitez [essayer un échantillon](commande : remote-containers.trySample), vous avez le choix entre plusieurs options."}
