{"capabilities.untrustedWorkspaces.description":"Для открытия папки в контейнере требуется доверие рабочей области.","command.addExtensionToConfig":"Добавить в devcontainer.json","command.attachToContainerInCurrentWindow":"Вложить в текущем окне","command.attachToContainerInNewWindow":"Подключить в новом окне","command.attachToK8sContainerFromViewlet":"Подключить Visual Studio Code","command.attachToRunningContainer":"Подключить к запущенным контейнерам...","command.attachToRunningContainerFromViewlet":"Подключить Visual Studio Code","command.category":"Контейнеры разработки","command.checkoutPRInVolume":"Извлечь запрос на вытягивание в контейнере разработки","command.cleanUpDevContainers":"Очистить контейнеры разработки…","command.cloneInVolume":"Клонировать репозиторий в томе","command.cloneInVolumeFromViewlet":"Клонировать в существующий том","command.configureContainerFeatures":"Настроить функции контейнера…","command.createDevContainer":"Создать контейнер разработки…","command.createDevContainerFile":"Добавить файлы конфигурации контейнера разработки...","command.explorerDetailsRefresh":"Обновить","command.explorerTargetsRefresh":"Обновить","command.explorerVolumesRefresh":"Обновить","command.getHelp":"Справка","command.getStarted":"Начало работы с контейнерами разработки","command.inspectDockerResource":"Проверить","command.inspectInBasicDevContainer":"Просмотреть в контейнере разработки","command.inspectVolume":"Ознакомиться с томом в контейнере разработки...","command.inspectVolumeFromViewlet":"Ознакомиться в контейнере разработки","command.installDocker":"Установить Docker","command.installDockerInWSL":"Установить Docker в WSL","command.installUserCLI":"Установить интерфейс командной строки контейнера разработки","command.labelPortAndUpdateConfig":"Установите метку и обновите devcontainer.json","command.newContainer":"Создать контейнер разработки","command.openAttachConfigByNameFile":"Открыть файл конфигурации именованного контейнера","command.openAttachDevContainerFile":"Открыть вложенный файл конфигурации контейнера…","command.openDevContainerFile":"Открыть файл конфигурации контейнера.","command.openFolder":"Открыть папку в контейнере...","command.openFolderInContainerInCurrentWindow":"Открыть в контейнере в текущем окне","command.openFolderInContainerInNewWindow":"Открыть в контейнере в новом окне","command.openInformationAboutMountPerformance":"Клонируйте репозиторий в томе Docker для лучшей производительности ввода-вывода.","command.openLastLogFile":"Показать предыдущий журнал","command.openLogFile":"Показать все журналы...","command.openPullRequestInVolume":"Клонировать запрос на вытягивание GitHub в томе контейнера…","command.openRepositoryFromGitWithEditSession":"Клонировать репозиторий в томе контейнера","command.openRepositoryFromRemoteHubWithEditSession":"Клонировать репозиторий в томе контейнера","command.openRepositoryInUniqueVolume":"Клонировать репозиторий в томе контейнера…","command.openRepositoryInVolume":"Клонировать репозиторий в именованном томе контейнера…","command.openWorkspace":"Открыть рабочую область в контейнере…","command.provideFeedback":"Отправить отзыв","command.pruneVolumes":"Очистка томов разработки...","command.rebuildAndReopenInContainer":"Перестроить и повторно открыть в контейнере","command.rebuildContainer":"Перестроить контейнер","command.rebuildContainerNoCache":"Перестроить контейнер без кэша","command.rebuildNoCacheAndReopenInContainer":"Перестроить без кэша и повторно открыть в контейнере","command.removeContainer":"Удалить контейнер","command.removeRecentFolder":"Удалить папку \"Недавние\"","command.removeVolume":"Удалить","command.reopenInContainer":"Повторно открыть в контейнере","command.reopenInSSH":"Повторно открыть папку в SSH","command.reopenInTunnel":"Повторно открыть папку в Tunnel","command.reopenInWSL":"Повторно открыть папку в WSL","command.reopenLocally":"Повторно открыть папку локально","command.reportIssue":"Сообщить о проблеме...","command.revealLogTerminal":"Показать журнал контейнера","command.settings":"Параметры","command.showContainerLog":"Показать журнал контейнера","command.showDetails":"Показать сведения","command.showRecoveryContainerNotificationReset":"Сбросить параметр \"Не показывать уведомление контейнера восстановления\"","command.showReopenInContainerNotificationReset":"Сбросить \"Не показывать уведомление о повторном открытии\"","command.startContainer":"Запустить контейнер","command.stopContainer":"Остановить контейнер","command.switchContainer":"Переключить контейнер","command.trySample":"Попробовать образец контейнера разработки…","configuration.cacheVolume.deprecationMessage":"Используйте \"dev.containers.cacheVolume\".","configuration.cacheVolume.description":"Определяет, следует ли использовать том Docker для кэширования сервера и расширений VS Code. Сейчас применяется только к одному контейнеру и не применяется к конфигурациям Docker Compose.","configuration.cacheVolume.markdownDeprecationMessage":"Вместо этого используйте \"#dev.containers.cacheVolume#\".","configuration.copyGitConfig.deprecationMessage":"Вместо этого используйте \"dev.containers.copyGitConfig\".","configuration.copyGitConfig.markdownDeprecationMessage":"Вместо этого используйте \"#dev.containers.copyGitConfig#\".","configuration.copyGitConfig.markdownDescription":"Определяет, следует ли копировать конфигурацию Git (\"~/.gitconfig\") в контейнер. Это действие выполняется после установки \"#dotfiles.repository#\" и не перезаписывает существующий файл конфигурации Git.","configuration.defaultExtensions.deprecationMessage":"Вместо этого используйте \"dev.containers.defaultExtensions\".","configuration.defaultExtensions.description":"Настраивает список расширений для установки при создании контейнера.","configuration.defaultExtensions.errorMessage":"Ожидается формат \"${publisher}.${name}\". Пример: \"vscode.csharp\".","configuration.defaultExtensions.markdownDeprecationMessage":"Вместо этого используйте \"#dev.containers.defaultExtensions#\".","configuration.defaultExtensionsIfInstalledLocally.description":"Настраивает список расширений, устанавливаемых при создании контейнера, если они уже установлены локально.","configuration.defaultExtensionsIfInstalledLocally.errorMessage":"Ожидается формат \"${publisher}.${name}\". Пример: \"vscode.csharp\".","configuration.defaultFeatures":"Настраивает список функций для установки при создании контейнера.","configuration.dockerComposePath.deprecationMessage":"Используйте \"dev.containers.dockerComposePath\".","configuration.dockerComposePath.description":"Имя исполняемого файла Docker Compose или путь к нему.","configuration.dockerComposePath.markdownDeprecationMessage":"Вместо этого используйте \"#dev.containers.dockerComposePath#\".","configuration.dockerCredentialHelper.markdownDescription":"Определяет, следует ли зарегистрировать вспомогательное приложение учетных данных в качестве \"credStore\" в конфигурации Docker (\"~/.docker/config.json\") контейнеров разработки. При этом существующая запись \"credStore\" в файле конфигурации не будет перезаписана.","configuration.dockerPath.deprecationMessage":"Вместо этого используйте \"dev.containers.dockerPath\".","configuration.dockerPath.description":"Имя или путь к исполняемому файлу Docker (или Podman).","configuration.dockerPath.markdownDeprecationMessage":"Вместо этого используйте \"#dev.containers.dockerPath#\".","configuration.dotfiles.installCommand.deprecationMessage":"Вместо этого используйте \"dotfiles.installCommand\".","configuration.dotfiles.installCommand.description":"Команда, запускаемая после клонирования репозитория файлов с точкой. По умолчанию запускается первый файл из \"install.sh\", \"install\", \"bootstrap.sh\", \"bootstrap\", \"setup.sh\" и \"setup\", найденный в корне репозитория файлов с точкой.","configuration.dotfiles.installCommand.markdownDeprecationMessage":"Используйте \"#dotfiles.installCommand#\".","configuration.dotfiles.repository.deprecationMessage":"Используйте \"dotfiles.repository\".","configuration.dotfiles.repository.description":"URL-адрес репозитория Git для файлов с точкой (например, https://github.com/owner/repository.git) или репозитория GitHub либо его владельца.","configuration.dotfiles.repository.markdownDeprecationMessage":"Используйте \"#dotfiles.repository#\".","configuration.dotfiles.targetPath.deprecationMessage":"Используйте \"dotfiles.targetPath\".","configuration.dotfiles.targetPath.description":"Путь для клонирования репозитория файлов с точкой. По умолчанию используется \"~/dotfiles\".","configuration.dotfiles.targetPath.markdownDeprecationMessage":"Используйте \"#dotfiles.targetPath#\".","configuration.executeInWSL.deprecationMessage":"Используйте \"dev.containers.executeInWSL\".","configuration.executeInWSL.description":"Определяет, должны ли команды CLI всегда выполняться в WSL. По умолчанию они выполняются только в WSL для папок рабочей области в WSL. Этот параметр не имеет силы на других платформах, кроме Windows.","configuration.executeInWSL.markdownDeprecationMessage":"Используйте \"#dev.containers.executeInWSL#\".","configuration.executeInWSLDistro.deprecationMessage":"Используйте \"dev.containers.executeInWSLDistro\".","configuration.executeInWSLDistro.markdownDeprecationMessage":"Используйте \"#dev.containers.executeInWSLDistro#\".","configuration.executeInWSLDistro.markdownDescription":"Дистрибутив WSL, который следует использовать, если папка WSL не открывается повторно. По умолчанию используется стандартный дистрибутив WSL (см. \"wsl -l\"). Этот параметр не имеет силы на других платформах, кроме Windows, а также если не включить \"#dev.containers.executeInWSL#\".","configuration.experimentalLockfile.description":"Определяет, следует ли записывать экспериментальный файл devcontainer-lock.json. Эта функция является экспериментальной и может быть изменена в будущем.","configuration.gitCredentialHelperConfigLocation.deprecationMessage":"Используйте \"dev.containers.gitCredentialHelperConfigLocation\".","configuration.gitCredentialHelperConfigLocation.description":"Место записи конфигурации для вспомогательного приложения учетных данных Git.","configuration.gitCredentialHelperConfigLocation.global":"Запись в конфигурацию пользователя (\"~/.gitconfig\").","configuration.gitCredentialHelperConfigLocation.markdownDeprecationMessage":"Используйте \"#dev.containers.gitCredentialHelperConfigLocation#\".","configuration.gitCredentialHelperConfigLocation.none":"Не устанавливайте вспомогательное приложение учетных данных.","configuration.gitCredentialHelperConfigLocation.system":"Запись в конфигурацию системы (\"/etc/gitconfig\", требуется доступ с правами root).","configuration.logLevel.deprecationMessage":"Используйте \"dev.containers.logLevel\".","configuration.logLevel.description":"Уровень ведения журнала для расширения.","configuration.logLevel.markdownDeprecationMessage":"Используйте \"#dev.containers.logLevel#\".","configuration.mountWaylandSocket.markdownDescription":"Определяет, следует ли подключить сокет Wayland (если он существует) к контейнеру разработки.","configuration.repositoryConfigurationPaths.deprecationMessage":"Используйте \"dev.containers.repositoryConfigurationPaths\".","configuration.repositoryConfigurationPaths.markdownDeprecationMessage":"Используйте \"#dev.containers.repositoryConfigurationPaths#\".","configuration.repositoryConfigurationPaths.markdownDescription":"Список дополнительных путей для поиска [конфигурации репозитория](https://code.visualstudio.com/docs/devcontainers/create-dev-container#_alternative-repository-configuration-folders).","configuration.title":"Контейнеры разработки","configuration.workspaceMountConsistency.cached":"Представление узла является полномочным.","configuration.workspaceMountConsistency.consistent":"Полная согласованность.","configuration.workspaceMountConsistency.delegated":"Представление контейнера является полномочным.","configuration.workspaceMountConsistency.deprecationMessage":"Используйте \"dev.containers.workspaceMountConsistency\".","configuration.workspaceMountConsistency.description":"Уровень согласованности, используемый для подключения рабочей области (чтобы существующие контейнеры вступили в силу, необходимо их перестроить).","configuration.workspaceMountConsistency.markdownDeprecationMessage":"Используйте \"#dev.containers.workspaceMountConsistency#\".","continueEditSession.containerVolume":"Продолжить работу в томе контейнера","description":"Откройте любую папку или репозиторий в контейнере Docker и воспользуйтесь полным набором функций Visual Studio Code.","displayName":"Контейнеры разработки","resourceLabelFormatters.attached-container.workspaceSuffix":"Контейнер","resourceLabelFormatters.dev-container.workspaceSuffix":"Контейнер разработки","resourceLabelFormatters.exec.workspaceSuffix":"Выполнение","resourceLabelFormatters.k8s-container.workspaceSuffix":"Kubernetes","views.remote.detailsContainers":"Сведения (контейнеры)","views.remote.devVolumes":"Тома разработки","views.remote.targetsContainers":"Контейнеры разработки","viewsWelcome.devVolumes.noDevVolumes":"При наличии репозитория, с которым нужно работать, его можно клонировать прямо в томе контейнера.\r\n[Клонировать репозиторий в томе контейнера](команда: remote-containers.openRepositoryInUniqueVolume)\r\n","viewsWelcome.targetsContainers.needsDockerStartOrInstall":"Начните работу с контейнерами, [установив Docker](команда: remote-containers.installDocker) или просмотрев [представление справки](команда: ~remote.helpPanel.focus). [Обновите](команда: remote-containers.explorerTargetsRefresh) после установки и запуска.","viewsWelcome.targetsContainers.needsSSHCredentials":"[Обновите](команда: remote-containers.explorerTargetsRefresh), чтобы предоставить учетные данные SSH.","viewsWelcome.targetsContainers.noContainersWithFolder":"Начните работу с контейнерами, выполнив одну из команд для управления [контейнерами разработки](команда: remote-containers.newContainer).\r\nВы можете [повторно открыть текущую папку в контейнере](команда: remote-containers.reopenInContainer) или открыть в нем другую папку.\r\n[Открыть папку в контейнере](команда: remote-containers.openFolder)\r\nЕсли вы раньше не использовали контейнеры и хотите [попробовать образец](команда: remote-containers.trySample), выберите один из приведенных ниже вариантов.","viewsWelcome.targetsContainers.noContainersWithoutFolder":"Начните работу с контейнерами, выполнив одну из команд для управления [контейнерами разработки](команда: remote-containers.newContainer).\r\nВы можете открыть существующую папку в контейнере.\r\n[Открыть папку в контейнере](команда: remote-containers.openFolder)\r\nЕсли вы раньше не использовали контейнеры и хотите [попробовать образец](команда: remote-containers.trySample), выберите один из приведенных ниже вариантов."}
