{"command.restartServer":"Перезапустить сервер","extension.description":"Импорт поддержки организации для файлов python с помощью \"isort\".","settings.args.description":"Аргументы переданы. Каждый аргумент является отдельной строкой в массиве.","settings.check.description":"Управляет запуском \"isort\" и отчетом о проблемах с сортировкой импорта.","settings.importStrategy.description":"Определяет, откуда импортируется \"isort\". При заданном \"isort.path\" этот параметр может быть пропущен.","settings.importStrategy.fromEnvironment.description":"Использовать \"isort\" из окружения, а откат к пакетной версии только в том случае, если \"isort\" в окружении не доступен.","settings.importStrategy.useBundled.description":"Всегда использовать пакетную версию \"isort\".","settings.interpreter.description":"Если установлен путь к исполняемой программе Python, расширение будет использовать его для запуска сервера и всех подпроцессов.","settings.path.description":"Если задан путь к двоичному файлу \"isort\", расширение будет использовать его для анализа кода. ЗАМЕТКА. Использование этого параметра может замедлить анализ кода.","settings.serverEnabled.description":"Определяет, следует ли запускать \"isort\" в серверном режиме. При значении false отключает сортировку импорта, используя \"Действия кода\" или \"Упорядочить импорт\". Поддерживается только команда \"isort: Sort Imports\".","settings.severity.description":"Сопоставление степени серьезности типа сообщений \"isort\" со степенью серьезности, отображаемой в окне проблемы.","settings.showNotifications.always.description":"Уведомления отображаются для всех элементов, выбранных сервером для отображения.","settings.showNotifications.description":"Определяет, когда уведомления отображаются этим расширением.","settings.showNotifications.off.description":"Все уведомления отключены, все ошибки и предупреждения по-прежнему доступны в журналах.","settings.showNotifications.onError.description":"Уведомления отображаются только в случае ошибки.","settings.showNotifications.onWarning.description":"Отображаются уведомления об ошибках и предупреждениях."}
