{"command.restartServer":"サーバーの再起動","extension.description":"'isort' を使用して Python ファイルの組織サポートをインポートします。","settings.args.description":"渡された引数。各引数は、配列内の個別の文字列です。","settings.check.description":"'isort' を実行し、インポートの並べ替えの問題を報告するかどうかを制御します。","settings.importStrategy.description":"'isort' のインポート元を定義します。'isort.path' が設定されている場合、この設定は無視される可能性があります。","settings.importStrategy.fromEnvironment.description":"環境から 'isort' を使用し、'isort' が環境で使用できない場合にのみ、バンドルされたバージョンにフォールバックします。","settings.importStrategy.useBundled.description":"バンドルされたバージョンの 'isort' を常に使用してください。","settings.interpreter.description":"Python 実行可能ファイルへのパスに設定すると、拡張機能ではそれを使用してサーバーとサブプロセスを起動します。","settings.path.description":"'isort' バイナリへのパスに設定すると、拡張機能ではそれをリンティングに使用します。注: このオプションを使用すると、リンティングが遅くなる可能性があります。","settings.serverEnabled.description":"サーバー モードで 'isort' を実行するかどうかを制御します。これを false に設定すると、コード アクションまたはインポートの整理によるインポートの並べ替えが無効になり、`isort: Sort Imports` コマンドのみがサポートされます。","settings.severity.description":"'isort' メッセージの種類の重大度から問題ウィンドウに表示される重大度へのマッピング。","settings.showNotifications.always.description":"サーバーが表示するように選択したすべてのものについて、通知が表示されます。","settings.showNotifications.description":"この拡張機能によって通知が表示されるタイミングを制御します。","settings.showNotifications.off.description":"すべての通知がオフになっています。エラーや警告はログで引き続き利用できます。","settings.showNotifications.onError.description":"通知はエラーの場合にのみ表示されます。","settings.showNotifications.onWarning.description":"エラーと警告の通知が表示されます。"}
