{"command.restartServer":"Ponowne uruchamianie serwera","extension.description":"Importuj obsługę organizacji dla plików języka Python przy użyciu elementu `isort`.","settings.args.description":"Przekazano argumenty. Każdy argument jest oddzielnym ciągiem w tablicy.","settings.check.description":"Określa, czy uruchomić polecenie „isort” i zgłosić problemy z sortowaniem importu.","settings.importStrategy.description":"Definiuje skąd importowano bibliotekę „isort”. To ustawienie może być ignorowane, jeśli ustawiono ścieżkę „isort.path”.","settings.importStrategy.fromEnvironment.description":"Użyj elementu `isort` ze środowiska, powróć do wersji w pakiecie tylko wtedy, gdy element `isort` nie jest dostępny w środowisku.","settings.importStrategy.useBundled.description":"Zawsze używaj wersji biblioteki „isort” w pakiecie.","settings.interpreter.description":"Po ustawieniu ścieżki do pliku wykonywalnego języka Python, rozszerzenie użyje go do uruchomienia serwera i dowolnego podprocesu.","settings.path.description":"Po ustawieniu ścieżki do binarnej biblioteki „isort”, rozszerzenie będzie używać jej do lintingu. UWAGA: użycie tej opcji może spowolnić linting.","settings.serverEnabled.description":"Określa, czy ma być uruchamiany element `isort` w trybie serwera. Ustawienie wartości false powoduje wyłączenie sortowania importu za pośrednictwem akcji kodu lub organizowania importów, a obsługiwane jest tylko polecenie `isort: Sort Imports`.","settings.severity.description":"Mapowanie z ważności typu komunikatu „isort” na ważność pokazaną w oknie problemu.","settings.showNotifications.always.description":"Powiadomienia są wyświetlane dla wszystkiego, co serwer wybierze do wyświetlenia.","settings.showNotifications.description":"Określa, kiedy powiadomienia są wyświetlane przez to rozszerzenie.","settings.showNotifications.off.description":"Wszystkie powiadomienia są wyłączone, wszystkie błędy lub ostrzeżenia są nadal dostępne w dziennikach.","settings.showNotifications.onError.description":"Powiadomienia są wyświetlane tylko w przypadku błędu.","settings.showNotifications.onWarning.description":"Wyświetlane są powiadomienia o błędach i ostrzeżeniach."}
