{"command.restartServer":"Reiniciar servidor","extension.description":"Soporte de la organización de importación para archivos Python usando “isort”.","settings.args.description":"Argumentos aprobados. Cada argumento es un elemento independiente de la matriz.","settings.check.description":"Controla si se debe ejecutar \"isort\" e informar de problemas de ordenación de importación.","settings.importStrategy.description":"Define de dónde se importa “isort”. Este ajuste puede ser ignorado si “isort.path” está establecido.","settings.importStrategy.fromEnvironment.description":"Use “isort” desde el entorno, retroceda a la versión empaquetada solo si “isort” no está disponible en el entorno.","settings.importStrategy.useBundled.description":"Use siempre la versión empaquetada de \"isort\".","settings.interpreter.description":"Cuando se establece una ruta de acceso al archivo ejecutable de Python, la extensión lo utilizará para lanzar el servidor y cualquier subproceso.","settings.path.description":"Cuando se establece en una ruta al binario “isort”, la extensión usará eso para el linting. NOTA: El uso de esta opción puede ralentizar el linting.","settings.serverEnabled.description":"Controla si se debe ejecutar \"isort\" en modo de servidor. Si se establece en false, se deshabilita la ordenación de la importación mediante Acciones de código u Organizar importaciones, y solo se admite el comando \"isort: Ordenar importaciones\".","settings.severity.description":"Asignación de la gravedad del tipo de mensaje “isort” a la gravedad que se muestra en la ventana del problema.","settings.showNotifications.always.description":"Las notificaciones se muestran para lo que el servidor decida mostrar.","settings.showNotifications.description":"Controla cuándo se muestran las notificaciones mediante esta extensión.","settings.showNotifications.off.description":"Todas las notificaciones están desactivadas, los errores o las advertencias siguen estando disponibles en los registros.","settings.showNotifications.onError.description":"Las notificaciones solo se muestran en caso de error.","settings.showNotifications.onWarning.description":"Se muestran notificaciones de errores y advertencias."}
