{"command.restartServer":"Server neu starten","extension.description":"Organisationsunterstützung für Python-Dateien mithilfe von \"isort\" importieren.","settings.args.description":"Übergebene Argumente. Jedes Argument ist eine separate Zeichenfolge im Array.","settings.check.description":"Steuert, ob `isort` ausgeführt und Importsortierungsprobleme gemeldet werden.","settings.importStrategy.description":"Definiert, woher „isort“ importiert wird. Diese Einstellung kann ignoriert werden, wenn „isort.path“ festgelegt ist.","settings.importStrategy.fromEnvironment.description":"Verwenden Sie \"isort\" aus der Umgebung, ein Fallback auf eine gebündelte Version nur, wenn \"isort\" in der Umgebung nicht verfügbar ist.","settings.importStrategy.useBundled.description":"Verwenden Sie immer die gebündelte Version von „isort“.","settings.interpreter.description":"Wenn ein Pfad zur ausführbaren Python-Datei festgelegt ist, verwendet die Erweiterung diese, um den Server und alle Unterprozesse zu starten.","settings.path.description":"Wenn die Erweiterung auf einen Pfad zur Binärdatei „isort“ festgelegt ist, wird diese zum Linten verwendet. HINWEIS: Die Verwendung dieser Option kann das Linten verlangsamen.","settings.serverEnabled.description":"Steuert, ob \"isort\" im Servermodus ausgeführt werden soll. Wenn Sie diese Einstellung auf \"false\" festlegen, wird die Importsortierung über Codeaktionen oder \"Importe organisieren\" deaktiviert, und nur der Befehl \"isort: Importe sortieren\" wird unterstützt.","settings.severity.description":"Zuordnung vom Schweregrad des Nachrichtentyps „isort“ zum im Problemfenster angezeigten Schweregrad.","settings.showNotifications.always.description":"Benachrichtigungen werden für alles angezeigt, was der Server anzeigt.","settings.showNotifications.description":"Steuert, wann Benachrichtigungen von dieser Erweiterung angezeigt werden.","settings.showNotifications.off.description":"Alle Benachrichtigungen sind deaktiviert. Alle Fehler oder Warnungen sind weiterhin in den Protokollen verfügbar.","settings.showNotifications.onError.description":"Benachrichtigungen werden nur im Falle eines Fehlers angezeigt.","settings.showNotifications.onWarning.description":"Benachrichtigungen werden für Fehler und Warnungen angezeigt."}
