{"command.restartServer":"Sunucuyu Yeniden Başlatın","extension.description":"`isort` kullanarak Python dosyaları için Kuruluş desteğini içe aktarın.","settings.args.description":"Bağımsız değişkenler geçirildi. Her bağımsız değişken dizideki ayrı bir öğedir.","settings.check.description":"Bu, `isort` komutunun çalıştırılmasını ve içeri aktarma sıralama sorunlarının raporlanmasını denetler.","settings.importStrategy.description":"isort`in nereden içe aktarılacağını tanımlar. `isort.path` ayarlanmışsa bu ayar yok sayılabilir.","settings.importStrategy.fromEnvironment.description":"Ortamdan `isort` kullanın, yalnızca ortamda `isort` yoksa paketlenmiş sürüme geri dönün.","settings.importStrategy.useBundled.description":"Her zaman `isort`un birlikte verilen sürümünü kullanın.","settings.interpreter.description":"Yürütülebilir Python yolu olarak ayarlandığında, uzantı, sunucuyu ve herhangi bir alt işlemi başlatmak için bunu kullanır.","settings.path.description":"`isort` ikilisi için bir yola ayarlandığında, uzantı bunu linting için kullanacaktır. NOT: Bu seçeneğin kullanılması linting’i yavaşlatabilir.","settings.serverEnabled.description":"'isort' komutunun sunucu modunda çalıştırılıp çalıştırılmayacağını denetler. Bu özelliğin false olarak ayarlanması, Kod Eylemleri veya İçeri Aktarmaları Düzenle aracılığıyla içeri aktarma sıralamasını devre dışı bırakır ve yalnızca 'isort: İçeri Aktarmaları Sırala' komutu desteklenir.","settings.severity.description":"`isort` ileti türünün önem derecesinden sorun penceresinde gösterilen önem derecesine eşleme.","settings.showNotifications.always.description":"Bildirimler, sunucunun göstermeyi seçtiği her şey için gösterilir.","settings.showNotifications.description":"Bildirimlerin bu uzantı tarafından ne zaman gösterileceğini kontrol eder.","settings.showNotifications.off.description":"Tüm bildirimler kapatıldı, tüm hatalar veya uyarılar hâlâ günlüklerde mevcuttur.","settings.showNotifications.onError.description":"Bildirimler yalnızca bir hata durumunda gösterilir.","settings.showNotifications.onWarning.description":"Hatalar ve uyarılar için bildirimler gösterilir."}
