{"command.restartServer":"Redémarrer le serveur","extension.description":"Importez la prise en charge de l’organisation pour les fichiers Python à l’aide de `isort`.","settings.args.description":"Arguments passés. Chaque argument est une chaîne distincte dans le tableau.","settings.check.description":"Contrôle s’il faut exécuter 'isort' et signaler les problèmes de tri d’importation.","settings.importStrategy.description":"Définit l’emplacement d’importation de `isort`. Ce paramètre peut être ignoré si `isort.path` est défini.","settings.importStrategy.fromEnvironment.description":"Utilisez `isort` de l’environnement, basculez vers la version groupée uniquement si `isort` n’est pas disponible dans l’environnement.","settings.importStrategy.useBundled.description":"Utilisez toujours la version groupée de `isort`.","settings.interpreter.description":"Quand le chemin d’accès à l’exécutable Python est défini, l’extension l’utilise pour lancer le serveur et tous les sous-processus..","settings.path.description":"Lorsqu’elle est définie sur un chemin d’accès binaire `isort`, l’extension l’utilise pour le linting. REMARQUE : l’utilisation de cette option peut ralentir le linting.","settings.serverEnabled.description":"Contrôle s’il faut exécuter `isort` en mode serveur. Si la valeur est false, le tri d’importation est désactivé via les options Actions de code ou Organiser les importations et seule la commande `isort: Sort Imports` est prise en charge.","settings.severity.description":"Mappage de la gravité du type de message `isort` à la gravité affichée dans la fenêtre du problème.","settings.showNotifications.always.description":"Les notifications s’affichent pour tout ce que le serveur choisit d’afficher.","settings.showNotifications.description":"Contrôle quand les notifications sont affichées par cette extension.","settings.showNotifications.off.description":"Toutes les notifications sont désactivées, les erreurs ou les avertissements sont toujours disponibles dans les journaux.","settings.showNotifications.onError.description":"Les notifications sont affichées uniquement en cas d’erreur.","settings.showNotifications.onWarning.description":"Les notifications sont affichées pour les erreurs et les avertissements."}
