{"command.restartServer":"Rëstært §ërvër","extension.description":"Ïmpørt Ørgæñïzætïøñ sµppørt før Pÿthøñ fïlës µsïñg `ïsørt`.","settings.args.description":"Ærgµmëñts pæssëð ïñ. Ëæçh ærgµmëñt ïs æ sëpærætë strïñg ïñ thë ærræÿ.","settings.check.description":"Çøñtrøls whëthër tø rµñ `ïsørt` æñð rëpørt ïmpørt sørt ïssµës.","settings.importStrategy.description":"Ðëfïñës whërë `ïsørt` ïs ïmpørtëð frøm. Thïs sëttïñg mæÿ þë ïgñørëð ïf `ïsørt.pæth` ïs sët.","settings.importStrategy.fromEnvironment.description":"Üsë `ïsørt` frøm ëñvïrøñmëñt, fællþæçk tø þµñðlëð vërsïøñ øñlÿ ïf `ïsørt` ïs ñøt ævæïlæþlë ïñ thë ëñvïrøñmëñt.","settings.importStrategy.useBundled.description":"Ælwæÿs µsë thë þµñðlëð vërsïøñ øf `ïsørt`.","settings.interpreter.description":"Whëñ sët tø æ pæth tø Pÿthøñ ëxëçµtæþlë, ëxtëñsïøñ wïll µsë thæt tø læµñçh thë sërvër æñð æñÿ sµþprøçëss.","settings.path.description":"Whëñ sët tø æ pæth tø `ïsørt` þïñærÿ, ëxtëñsïøñ wïll µsë thæt før lïñtïñg. ÑØTË: Üsïñg thïs øptïøñ mæÿ sløwðøwñ lïñtïñg.","settings.serverEnabled.description":"Çøñtrøls whëthër tø rµñ `ïsørt` ïñ sërvër møðë. §ëttïñg thïs tø fælsë ðïsæþlës ïmpørt sørtïñg vïæ Çøðë Æçtïøñs ør Ørgæñïzë Ïmpørts, æñð øñlÿ thë `ïsørt: §ørt Ïmpørts` çømmæñð ïs sµppørtëð.","settings.severity.description":"Mæppïñg frøm sëvërïtÿ øf `ïsørt` mëssægë tÿpë tø sëvërïtÿ shøwñ ïñ prøþlëm wïñðøw.","settings.showNotifications.always.description":"Ñøtïfïçætïøñs ærë shøwñ før æñÿthïñg thæt thë sërvër çhøøsës tø shøw.","settings.showNotifications.description":"Çøñtrøls whëñ ñøtïfïçætïøñs ærë shøwñ þÿ thïs ëxtëñsïøñ.","settings.showNotifications.off.description":"Æll ñøtïfïçætïøñs ærë tµrñëð øff, æñÿ ërrørs ør wærñïñgs ærë stïll ævæïlæþlë ïñ thë løgs.","settings.showNotifications.onError.description":"Ñøtïfïçætïøñs ærë shøwñ øñlÿ ïñ thë çæsë øf æñ ërrør.","settings.showNotifications.onWarning.description":"Ñøtïfïçætïøñs ærë shøwñ før ërrørs æñð wærñïñgs."}
