{"command.restartServer":"Restartovat server","extension.description":"Importujte podporu organizace pro soubory Pythonu pomocí isort.","settings.args.description":"Předané argumenty. Každý argument je samostatný řetězec v poli.","settings.check.description":"Řídí, jestli se má spustit „isort“ a mají být hlášeny problémy s řazením importu.","settings.importStrategy.description":"Definuje, odkud se má isort importovat. Toto nastavení může být ignorováno, pokud je nastavena hodnota isort.path.","settings.importStrategy.fromEnvironment.description":"Použijte isort z prostředí, zkompletovanou verzi použijte jako náhradní jen v případě, že isort není v prostředí k dispozici.","settings.importStrategy.useBundled.description":"Vždy používejte zkompletovanou verzi isort.","settings.interpreter.description":"Když se nastaví cesta ke spustitelnému souboru Pythonu, rozšíření ji použije ke spuštění serveru a jakéhokoli podprocesu.","settings.path.description":"Pokud je nastaveno na cestu k binárnímu souboru isort, rozšíření ho použije pro lintování. POZNÁMKA: Použití této možnosti může zpomalit lintování.","settings.serverEnabled.description":"Určuje, jestli se má v režimu serveru spustit isort. Nastavení na false zakáže řazení importu prostřednictvím akcí kódu nebo uspořádání importů a podporuje se jenom příkaz isort: Seřadit importy.","settings.severity.description":"Mapování ze závažnosti typu zprávy isort na závažnost zobrazenou v okně problému.","settings.showNotifications.always.description":"Oznámení se zobrazují pro všechno, co se server rozhodne zobrazit.","settings.showNotifications.description":"Určuje, kdy toto rozšíření zobrazuje oznámení.","settings.showNotifications.off.description":"Všechna oznámení jsou vypnutá, všechny chyby nebo upozornění jsou pořád k dispozici v protokolech.","settings.showNotifications.onError.description":"Oznámení se zobrazují jenom v případě chyby.","settings.showNotifications.onWarning.description":"Zobrazují se oznámení o chybách a upozorněních."}
