{"command.restartServer":"서버 다시 시작","extension.description":"`isort`를 사용하여 Python 파일에 대한 조직 지원을 가져옵니다.","settings.args.description":"전달된 인수입니다. 각 인수는 배열에서 별도의 문자열입니다.","settings.check.description":"`isort`를 실행하고 가져오기 정렬 문제를 보고할지 여부를 제어합니다.","settings.importStrategy.description":"'isort'를 가져올 위치를 정의합니다. 'isort.path'가 설정된 경우 이 설정은 무시될 수 있습니다.","settings.importStrategy.fromEnvironment.description":"환경에서 `isort`를 사용하고 환경에서 `isort`를 사용할 수 없는 경우에만 번들 버전으로 대체하세요.","settings.importStrategy.useBundled.description":"항상 번들 버전 `isort`를 사용합니다.","settings.interpreter.description":"Python 실행 파일의 경로로 설정하면 확장에서 이를 사용하여 서버 및 하위 프로세스를 시작합니다.","settings.path.description":"`isort` 이진 파일에 대한 경로로 설정하면 확장에서 이를 린팅에 사용합니다. 참고: 이 옵션을 사용하면 린팅이 느려질 수 있습니다.","settings.serverEnabled.description":"서버 모드에서 `isort`를 실행할지 여부를 제어합니다. 이를 false로 설정하면 Code Actions 또는 Organize Imports를 통한 가져오기 정렬이 비활성화되고 `isort: Sort Imports` 명령만 지원됩니다.","settings.severity.description":"`isort` 메시지 유형의 심각도에서 문제 창에 표시된 심각도로 매핑합니다.","settings.showNotifications.always.description":"서버가 표시하도록 선택한 모든 항목에 대한 알림이 표시됩니다.","settings.showNotifications.description":"이 확장에서 알림을 표시하는 시기를 제어합니다.","settings.showNotifications.off.description":"모든 알림이 꺼져 있으며 오류 또는 경고는 로그에서 계속 사용할 수 있습니다.","settings.showNotifications.onError.description":"알림은 오류가 발생한 경우에만 표시됩니다.","settings.showNotifications.onWarning.description":"오류 및 경고에 대한 알림이 표시됩니다."}
