{"command.restartServer":"Riavvia server","extension.description":"Importa il supporto dell'organizzazione per i file Python con `isort`.","settings.args.description":"Argomenti passati. Ogni argomento è una stringa separata nella matrice.","settings.check.description":"Controlla se eseguire `isort` e segnalare i problemi di ordinamento delle importazioni.","settings.importStrategy.description":"Definisce la posizione da cui viene importato `isort`. Questa impostazione può essere ignorata se è impostato `isort.path`.","settings.importStrategy.fromEnvironment.description":"Usare `isort` dall'ambiente ed eseguire il fallback della versione in bundle solo se `isort` non è disponibile nell'ambiente.","settings.importStrategy.useBundled.description":"Usare sempre la versione in bundle di `isort`.","settings.interpreter.description":"Se impostato su un percorso dell'eseguibile python, l'estensione lo userà per lanciare il server e qualsiasi sottoprocesso.","settings.path.description":"Se impostato su un percorso binario 'isort', l'estensione lo userà per il linting. NOTA: l'uso di questa opzione potrebbe rallentare l'linting.","settings.serverEnabled.description":"Controlla se eseguire 'isort' in modalità server. L'impostazione su false disabilita l'ordinamento delle importazioni tramite Azioni codice o Organizza importazioni ed è supportato solo il comando 'isort: Ordina importazioni'.","settings.severity.description":"Mapping tra la gravità del tipo di messaggio `isort` e la gravità visualizzata nella finestra del problema.","settings.showNotifications.always.description":"Le notifiche vengono mostrate per qualsiasi elemento che il server decide di mostrare.","settings.showNotifications.description":"Controlla quando mostrare le notifiche da questa estensione.","settings.showNotifications.off.description":"Tutte le notifiche sono disattivate, ma eventuali errori o avvisi sono ancora disponibili nei log.","settings.showNotifications.onError.description":"Le notifiche vengono visualizzate solo in caso di errore.","settings.showNotifications.onWarning.description":"Le notifiche vengono visualizzate per errori e avvisi."}
