{"command.restartServer":"重新啟動伺服器","extension.description":"使用 'isort' 匯入 Python 檔案的組織支援。","settings.args.description":"已傳入的引數。每個引數都是陣列中的個別字串。","settings.check.description":"控制是否要執行 'isort' 並回報匯入排序問題。","settings.importStrategy.description":"定義 'isort' 的匯入來源。如果已設定 'isort.path'，則可以略過此設定。","settings.importStrategy.fromEnvironment.description":"使用環境中的 'isort'，只有在環境中無法使用 'isort' 時，才將它遞補為配套版本。","settings.importStrategy.useBundled.description":"一律使用搭售版本的 'isort'。","settings.interpreter.description":"當設定為 Python 可執行檔的路徑時，延伸模組會使用該路徑來啟動伺服器及任何子流程。","settings.path.description":"當設定為 'isort' 二進位路徑時，延伸模組會將它用於 Lint 分析。注意: 使用此選項可能會讓 Lint 分析變慢。","settings.serverEnabled.description":"控制是否要在伺服器模式中執行 'isort'。將此設為 false 會停用透過程式碼動作或組織匯入的匯入排序，且只支援 'isort: Sort Imports` 命令。","settings.severity.description":"從 'isort' 訊息類型的嚴重性對應到問題視窗中顯示的嚴重性。","settings.showNotifications.always.description":"伺服器選擇顯示的任何內容都會顯示通知。","settings.showNotifications.description":"控制此擴充功能何時顯示通知。","settings.showNotifications.off.description":"已關閉所有通知，記錄中仍可使用任何錯誤或警告。","settings.showNotifications.onError.description":"通知只會在發生錯誤時顯示。","settings.showNotifications.onWarning.description":"顯示錯誤和警告的通知。"}
