{"command.restartServer":"Reiniciar Servidor","extension.description":"Suporte da organização de importação para arquivos Python usando `istort`.","settings.args.description":"Argumentos passados. Cada argumento é uma cadeia de caracteres separada na matriz.","settings.check.description":"Controla se deve executar o `isort` e relatar problemas de classificação de importação.","settings.importStrategy.description":"Define de onde o `isort` é importado. Esta configuração pode ser ignorada se o `isort.path` estiver definido.","settings.importStrategy.fromEnvironment.description":"Use `isort` do ambiente, fallback para a versão empacotada somente se `isort` não estiver disponível no ambiente.","settings.importStrategy.useBundled.description":"Use sempre a versão em pacote de`isort`.","settings.interpreter.description":"Quando definido como um caminho para o executável do Python, a extensão o usará para iniciar o servidor e qualquer subprocesso.","settings.path.description":"Quando definido como um caminho para o binário `isort`, a extensão usará isso para o lint. OBSERVAÇÃO: usar esta opção pode diminuir a velocidade do lint.","settings.serverEnabled.description":"Controla se deve executar `isort` no modo de servidor. Definir como false desativa a classificação de importação por meio de ações de código ou organizar importações, e apenas o comando `isort: classificar importações` é suportado.","settings.severity.description":"Mapeamento da gravidade do tipo de mensagem `isort` para a gravidade mostrada na janela do problema.","settings.showNotifications.always.description":"As notificações são mostradas para qualquer coisa que o servidor escolher mostrar.","settings.showNotifications.description":"Controla quando as notificações são mostradas por esta extensão.","settings.showNotifications.off.description":"Todas as notificações estão desativadas, quaisquer erros ou avisos ainda estão disponíveis nos logs.","settings.showNotifications.onError.description":"As notificações são mostradas apenas no caso de um erro.","settings.showNotifications.onWarning.description":"As notificações de erros e avisos são mostradas."}
