{
  "base": "./",
  "paths": {
    "source": {
      "config": "src/theme.config",
      "definitions": "src/definitions/",
      "site": "src/site/",
      "themes": "src/themes/"
    },
    "output": {
      "packaged": "styles/",
      "uncompressed": "styles/components/",
      "compressed": "styles/components/",
      "themes": "styles/themes/"
    },
    "clean": "styles/"
  },
  "permission": false,
  "autoInstall": false,
  "rtl": false,
  "components": ["reset", "site", "button", "container", "divider", "flag", "header", "icon", "image", "input", "label", "list", "loader", "placeholder", "rail", "reveal", "segment", "step", "breadcrumb", "form", "grid", "menu", "message", "table", "ad", "card", "comment", "feed", "item", "statistic", "accordion", "checkbox", "dimmer", "dropdown", "embed", "modal", "nag", "popup", "progress", "rating", "search", "shape", "sidebar", "sticky", "tab", "transition", "api", "form", "state", "visibility", "text"],
  "version": "2.8.8"
}
