{
    "ClientLoc.typeCheckingModeStatusItem.name": "[A62km][นั้Pÿthøñ Tÿpë Çhëçkïñg MøðëẤğ倪İЂҰक्र्นั้ढूँ]",
    "ClientLoc.typeCheckingModeStatusItem.text": "[9MhTU][นั้Tÿpë Çhëçkïñg: {0}Ấğ倪İЂҰक्นั้ढूँ]",
    "ClientLoc.typeCheckingModeStatusItem.titleOff": "[PnM7a][นั้§wïtçh tø øffẤğ倪İЂนั้ढूँ]",
    "ClientLoc.typeCheckingModeStatusItem.titleOn": "[JAQkx][นั้§wïtçh tø øñẤğ倪İЂนั้ढूँ]",
    "ClientLoc.updateSettingsErrorMsgFormatted": "[Avwss][นั้Fæïlëð tø µpðætë sëttïñg '{0}.{1}'.Ấğ倪İЂҰक्र्तिृまนั้ढूँ]",
    "Common.No": "[35QoB][นั้ÑøẤนั้ढूँ]",
    "Common.Yes": "[XTuDW][นั้ÝësẤนั้ढूँ]",
    "Common.reload": "[p0dRd][นั้RëløæðẤğนั้ढूँ]",
    "Common.remindMeLater": "[p0h2L][นั้Rëmïñð më lætërẤğ倪İЂҰนั้ढूँ]",
    "Insiders.installingPreRelease": "[qj0Cb][นั้Ïñstællïñg Pÿlæñçë prë-rëlëæsë þµïlð...Ấğ倪İЂҰक्र्तिृまẤğนั้ढूँ]",
    "LanguageServer.settingsMigratedMessage": "[Pk88J][นั้§ëttïñgs æpplïçæþlë tø Mïçrøsøft £æñgµægë §ërvër wërë çøpïëð tø Pÿlæñçë sëttïñgs. Plëæsë çhëçk sëttïñgs.jsøñ fïlë(s) før ðëtæïls.Ấğ倪İЂҰक्र्तिृまẤğ倪İЂҰक्र्तिृまẤğ倪İЂҰक्र्तिृまẤğ倪İЂҰक्र्นั้ढूँ]",
    "LanguageServer.settingsMigrationError": "[g4ify][นั้Thë følløwïñg sëttïñgs çøµlð ñøt þë mïgrætëð:Ấğ倪İЂҰक्र्तिृまẤğ倪İนั้ढूँ]",
    "Refactoring.MoveSymbol.newFileDetail": "[ctD3k][นั้Ëñtër pæth ør sëlëçt ðëstïñætïøñ fïlëẤğ倪İЂҰक्र्तिृまẤนั้ढूँ]",
    "Refactoring.MoveSymbol.newFileLabel": "[L5mUj][นั้Ëñtër ðëstïñætïøñ fïlë pæth ...Ấğ倪İЂҰक्र्तिृนั้ढूँ]",
    "Refactoring.MoveSymbol.openDialogOpenLabel": "[XwPOc][นั้§ëlëçtẤğนั้ढूँ]",
    "Refactoring.MoveSymbol.openDialogTitle": "[syJNv][นั้§ëlëçt ñëw fïlë tø møvë thë sÿmþøl tø ...Ấğ倪İЂҰक्र्तिृまẤğนั้ढूँ]",
    "Refactoring.MoveSymbol.progressBarTitle": "[V4PE4][นั้Møvë §ÿmþøl Tø ...Ấğ倪İЂҰक्นั้ढूँ]",
    "Refactoring.MoveSymbol.quickPickPlaceHolder": "[0W10d][นั้§ëærçh ðëstïñætïøñ fïlëẤğ倪İЂҰक्र्นั้ढूँ]",
    "Refactoring.MoveSymbol.quickPickTitle": "[RKpr2][นั้§ëlëçt ðëstïñætïøñ før møvëẤğ倪İЂҰक्र्तिृนั้ढूँ]",
    "Refactoring.MoveSymbol.separatorText": "[CtlcG][นั้Ðëstïñætïøñ Fïlës ...Ấğ倪İЂҰक्นั้ढूँ]"
}
