{"capabilities.untrustedWorkspaces.description":"Kapsayıcıda klasör açmak çalışma alanı güveni gerektirir.","command.addExtensionToConfig":"devcontainer.json'a ekle","command.attachToContainerInCurrentWindow":"Geçerli Pencerede Ekle","command.attachToContainerInNewWindow":"Yeni Pencerede Ekle","command.attachToK8sContainerFromViewlet":"Visual Studio Code’u Ekle","command.attachToRunningContainer":"Çalışan Kapsayıcıya Ekle...","command.attachToRunningContainerFromViewlet":"Visual Studio Code’u Ekle","command.category":"Geliştirme Kapsayıcıları","command.checkoutPRInVolume":"Geliştirme Kapsayıcısındaki Çekme İsteğini Kullanıma Al","command.cleanUpDevContainers":"Geliştirme Kapsayıcılarını Temizle...","command.cloneInVolume":"Birimdeki Depoyu Klonla","command.cloneInVolumeFromViewlet":"Mevcut Birime klonla","command.configureContainerFeatures":"Kapsayıcı Özelliklerini Yapılandır...","command.createDevContainer":"Yeni Geliştirme Kapsayıcısı...","command.createDevContainerFile":"Geliştirme Kapsayıcısı Yapılandırma Dosyaları Ekle...","command.explorerDetailsRefresh":"Yenile","command.explorerTargetsRefresh":"Yenile","command.explorerVolumesRefresh":"Yenile","command.getHelp":"Yardım","command.getStarted":"Geliştirme Kapsayıcılarını Kullanmaya Başlayın","command.inspectDockerResource":"İncele","command.inspectInBasicDevContainer":"Geliştirme Kapsayıcısı'nda keşfedin","command.inspectVolume":"Geliştirme Kapsayıcısındaki Bir Birimi Keşfedin...","command.inspectVolumeFromViewlet":"Geliştirme Kapsayıcısı'nda keşfedin","command.installDocker":"Docker'ı yükle","command.installDockerInWSL":"Docker'ı WSL'ye yükle","command.installUserCLI":"Devcontainer CLI'yı yükle","command.labelPortAndUpdateConfig":"Etiket ve Güncelleştirme devcontainer.json dosyasını ayarla","command.newContainer":"Yeni Geliştirme Kapsayıcısı","command.openAttachConfigByNameFile":"Adlandırılmış Kapsayıcı Yapılandırma Dosyasını Aç","command.openAttachDevContainerFile":"Ekli Kapsayıcı Yapılandırma Dosyasını Aç...","command.openDevContainerFile":"Kapsayıcı Yapılandırma Dosyasını Aç","command.openFolder":"Klasörü Kapsayıcıda Aç...","command.openFolderInContainerInCurrentWindow":"Geçerli Pencerede Kapsayıcıda Aç","command.openFolderInContainerInNewWindow":"Yeni Pencerede Kapsayıcıda Aç","command.openInformationAboutMountPerformance":"Daha iyi G/Ç performansı için Docker birimindeki depoyu klonlayın.","command.openLastLogFile":"Önceki Günlüğü Göster","command.openLogFile":"Tüm Günlükleri Göster...","command.openPullRequestInVolume":"Kapsayıcı Birimindeki GitHub Çekme İsteğini Klonla...","command.openRepositoryFromGitWithEditSession":"Kapsayıcı Birimindeki Depoyu Klonla","command.openRepositoryFromRemoteHubWithEditSession":"Kapsayıcı Birimindeki Depoyu Klonla","command.openRepositoryInUniqueVolume":"Kapsayıcı Birimindeki Depoyu Klonla...","command.openRepositoryInVolume":"Adlandırılmış Kapsayıcı Biriminde Depoyu Klonla...","command.openWorkspace":"Çalışma Alanını Kapsayıcıda Aç...","command.provideFeedback":"Geri Bildirim Gönderin","command.pruneVolumes":"Geliştirme Birimlerini Temizle...","command.rebuildAndReopenInContainer":"Kapsayıcıda Yeniden Derle ve Yeniden Aç","command.rebuildContainer":"Kapsayıcıyı Yeniden Derle","command.rebuildContainerNoCache":"Kapsayıcıyı Önbellek Olmadan Yeniden Derle","command.rebuildNoCacheAndReopenInContainer":"Önbellek Olmadan Yeniden Derle ve Kapsayıcıda Yeniden Aç","command.removeContainer":"Kapsayıcıyı Kaldır","command.removeRecentFolder":"Son Klasörü Kaldır","command.removeVolume":"Kaldır","command.reopenInContainer":"Kapsayıcıda Yeniden Aç","command.reopenInSSH":"Klasörü SSH'de Yeniden Aç","command.reopenInWSL":"Klasörü WSL'de Yeniden Aç","command.reopenLocally":"Klasörü Yerel Olarak Yeniden Aç","command.reportIssue":"Sorun Bildir...","command.revealLogTerminal":"Kapsayıcı Günlüğünü Göster","command.settings":"Ayarlar","command.showContainerLog":"Kapsayıcı Günlüğünü Göster","command.showDetails":"Ayrıntıları Göster","command.showRecoveryContainerNotificationReset":"Kurtarma Kapsayıcısını Gösterme Bildirimini Sıfırla","command.showReopenInContainerNotificationReset":"Yeniden Açmayı Gösterme Bildirimini Sıfırla","command.startContainer":"Kapsayıcıyı Başlat","command.stopContainer":"Kapsayıcıyı Durdur","command.switchContainer":"Kapsayıcıyı Değiştir","command.trySample":"Geliştirme Kapsayıcısı Örneği Deneyin...","configuration.cacheVolume.deprecationMessage":"Bunun yerine 'dev.containers.cacheVolume' kullanın.","configuration.cacheVolume.description":"Bir Docker biriminin VS Code sunucusu ve uzantılarını önbelleğe alıp almamasını kontrol eder. Şu anda yalnızca tek bir kapsayıcı için geçerlidir ve geçerli Docker Compose yapılandırması için geçerli değildir.","configuration.cacheVolume.markdownDeprecationMessage":"Bunun yerine '#dev.containers.cacheVolume#' kullanın.","configuration.copyGitConfig.deprecationMessage":"Bunun yerine 'dev.containers.copyGitConfig' kullanın.","configuration.copyGitConfig.markdownDeprecationMessage":"Bunun yerine '#dev.containers.copyGitConfig#' kullanın.","configuration.copyGitConfig.markdownDescription":"Git yapılandırmasının ('~/.gitconfig') kapsayıcıya kopyalanıp kopyalanmamasını kontrol eder. Bu, herhangi bir '#dotfiles.repository#' yüklendikten sonra yapılır ve mevcut Git yapılandırma dosyasının üzerine yazılmaz.","configuration.defaultExtensions.deprecationMessage":"Bunun yerine 'dev.containers.defaultExtensions' kullanın.","configuration.defaultExtensions.description":"Kapsayıcı oluştururken her zaman yüklenecek uzantıların listesini yapılandırır.","configuration.defaultExtensions.errorMessage":"'${publisher}.${name}' biçimi bekleniyordu. Örnek: 'vscode.csharp'.","configuration.defaultExtensions.markdownDeprecationMessage":"Bunun yerine '#dev.containers.defaultExtensions#' kullanın.","configuration.defaultFeatures":"Kapsayıcı oluştururken her zaman yüklenecek özelliklerin listesini yapılandırır.","configuration.dockerComposePath.deprecationMessage":"Bunun yerine 'dev.containers.dockerComposePath' kullanın.","configuration.dockerComposePath.description":"Docker Compose yürütülebilir dosya adı veya yolu.","configuration.dockerComposePath.markdownDeprecationMessage":"Bunun yerine '#dev.containers.dockerComposePath#' kullanın.","configuration.dockerCredentialHelper.markdownDescription":"Bir kimlik bilgisi yardımcısının, geliştirme kapsayıcılarının Docker yapılandırmasında ('~/.docker/config.json') 'credStore' olarak kaydedilip kaydedilmemesini kontrol eder. Bu, yapılandırma dosyasındaki mevcut bir 'credStore' girdisini geçersiz kılmaz.","configuration.dockerPath.deprecationMessage":"Bunun yerine 'dev.containers.dockerPath' kullanın.","configuration.dockerPath.description":"Docker (veya Podman) yürütülebilir dosya adı veya yolu.","configuration.dockerPath.markdownDeprecationMessage":"Bunun yerine '#dev.containers.dockerPath#' kullanın.","configuration.dotfiles.installCommand.deprecationMessage":"Bunun yerine 'dotfiles.installCommand' kullanın.","configuration.dotfiles.installCommand.description":"Dotfiles deposu klonlandıktan sonra çalıştırılacak komut. Varsayılan olarak ilk çalıştırılacak dosyalar 'install.sh', 'install', 'bootstrap.sh', 'bootstrap', 'setup.sh' ve 'setup', dotfiles deposunun kök klasöründe bulunur.","configuration.dotfiles.installCommand.markdownDeprecationMessage":"Bunun yerine '#dotfiles.installCommand#' kullanın.","configuration.dotfiles.repository.deprecationMessage":"Bunun yerine 'dotfiles.repository' kullanın.","configuration.dotfiles.repository.description":"Dotfiles Git deposunun URL'si (ör. https://github.com/owner/repository.git) veya GitHub deposunun sahibi/deposu.","configuration.dotfiles.repository.markdownDeprecationMessage":"Bunun yerine '#dotfiles.repository#' kullanın.","configuration.dotfiles.targetPath.deprecationMessage":"Bunun yerine 'dotfiles.targetPath' kullanın.","configuration.dotfiles.targetPath.description":"Dotfiles deposunun klonlanacağı yol. Varsayılan olarak '~/dotfiles' kullanılır.","configuration.dotfiles.targetPath.markdownDeprecationMessage":"Bunun yerine '#dotfiles.targetPath#' kullanın.","configuration.executeInWSL.deprecationMessage":"Bunun yerine 'dev.containers.executeInWSL' kullanın.","configuration.executeInWSL.description":"CLI komutlarının her zaman WSL'de yürütülüp yürütülmemesini kontrol eder. Varsayılan değer, WSL'deki çalışma alanı klasörleri için yalnızca WSL'de yürütmektir. Bu ayarın Windows dışındaki platformlarda etkisi yoktur.","configuration.executeInWSL.markdownDeprecationMessage":"Bunun yerine '#dev.containers.executeInWSL#' kullanın.","configuration.executeInWSLDistro.deprecationMessage":"Bunun yerine 'dev.containers.executeInWSLDistro' kullanın.","configuration.executeInWSLDistro.markdownDeprecationMessage":"Bunun yerine '#dev.containers.executeInWSLDistro#' kullanın.","configuration.executeInWSLDistro.markdownDescription":"WSL klasörü yeniden açılmadığında kullanmak için WSL dağıtımı. Varsayılan değer, varsayılan WSL dağıtımını kullanmaktır (bkz. 'wsl -l'). '#dev.containers.executeInWSL#' etkinleştirilmediğinde veya Windows'tan başka platformlarda bu ayarın etkisi yoktur.","configuration.experimentalLockfile.description":"Deneysel bir devcontainer-lock.json'ın yazılabilir olup olmamasını kontrol eder. Bu işlev deneyseldir ve gelecekte değişebilir.","configuration.gitCredentialHelperConfigLocation.deprecationMessage":"Bunun yerine 'dev.containers.gitCredentialHelperConfigLocation' kullanın.","configuration.gitCredentialHelperConfigLocation.description":"Git kimlik bilgisi yardımcısı için yapılandırmanın yazılacağı yer.","configuration.gitCredentialHelperConfigLocation.global":"Kullanıcı yapılandırmasına yazın ('~/.gitconfig').","configuration.gitCredentialHelperConfigLocation.markdownDeprecationMessage":"Bunun yerine '#dev.containers.gitCredentialHelperConfigLocation#' kullanın.","configuration.gitCredentialHelperConfigLocation.none":"Kimlik bilgisi yardımcısı ayarlama.","configuration.gitCredentialHelperConfigLocation.system":"Sistem yapılandırmasına yaz ('/etc/gitconfig', kök erişimi gerektirir).","configuration.logLevel.deprecationMessage":"Bunun yerine 'dev.containers.logLevel' kullanın.","configuration.logLevel.description":"Uzantı için günlük düzeyi.","configuration.logLevel.markdownDeprecationMessage":"Bunun yerine '#dev.containers.logLevel#' kullanın.","configuration.mountWaylandSocket.markdownDescription":"Bir Wayland yuvası varsa Geliştirme Kapsayıcısı'na bağlanıp bağlanmamasını kontrol eder.","configuration.repositoryConfigurationPaths.deprecationMessage":"Bunun yerine 'dev.containers.repositoryConfigurationPaths' kullanın.","configuration.repositoryConfigurationPaths.markdownDeprecationMessage":"Bunun yerine '#dev.containers.repositoryConfigurationPaths#' kullanın.","configuration.repositoryConfigurationPaths.markdownDescription":"[Depo yapılandırmaları](https://github.com/microsoft/vscode-dev-containers/tree/main/repository-containers) için aranacak ek yolların listesi.","configuration.title":"Geliştirme Kapsayıcıları","configuration.workspaceMountConsistency.cached":"Ana bilgisayar görünümü yetkili.","configuration.workspaceMountConsistency.consistent":"Kusursuz tutarlılık.","configuration.workspaceMountConsistency.delegated":"Kapsayıcının görünümü yetkili.","configuration.workspaceMountConsistency.deprecationMessage":"Bunun yerine 'dev.containers.workspaceMountConsistency' kullanın.","configuration.workspaceMountConsistency.description":"Çalışma alanı bağlama için kullanılan tutarlılık düzeyi (etkin olması için mevcut kapsayıcıların yeniden derlenmesi gerekir).","configuration.workspaceMountConsistency.markdownDeprecationMessage":"Bunun yerine '#dev.containers.workspaceMountConsistency#' kullanın.","continueEditSession.containerVolume":"Kapsayıcı Biriminde Çalışmaya Devam Et","description":"Docker kapsayıcısı içindeki herhangi bir klasörü veya depoyu açın ve Visual Studio Code’un tam özellikli setinden yararlanın.","displayName":"Geliştirme Kapsayıcıları","resourceLabelFormatters.attached-container.workspaceSuffix":"Kapsayıcı","resourceLabelFormatters.dev-container.workspaceSuffix":"Geliştirme Kapsayıcısı","resourceLabelFormatters.exec.workspaceSuffix":"Exec","resourceLabelFormatters.k8s-container.workspaceSuffix":"Kubernetes","views.remote.detailsContainers":"Ayrıntılar (Kapsayıcılar)","views.remote.devVolumes":"Geliştirme Birimleri","views.remote.targetsContainers":"Geliştirme Kapsayıcıları","viewsWelcome.devVolumes.noDevVolumes":"Birlikte çalışmak istediğiniz bir depo varsa, bunu doğrudan bir kapsayıcı biriminde klonlayabilirsiniz.\r\n[Depoyu Kapsayıcı Biriminde Klonla](command:remote-containers.openRepositoryInUniqueVolume)\r\n","viewsWelcome.targetsContainers.needsDockerStartOrInstall":"[Docker'ı yükleyerek](command:remote-containers.installDocker) veya [yardım görünümünü](command:~remote.helpPanel.focus) ziyaret ederek kapsayıcıları kullanmaya başlayın. Yükleme ve başlatmadan sonra [yenileyin] (command:remote-containers.explorerTargetsRefresh).","viewsWelcome.targetsContainers.needsSSHCredentials":"SSH kimlik bilgilerini sağlamak için [Yenileyin](command:remote-containers.explorerTargetsRefresh).","viewsWelcome.targetsContainers.noContainersWithFolder":"[Geliştirme Kapsayıcıları](command:remote-containers.newContainer) komutlardan birini çalıştırarak kapsayıcıları kullanmaya başlayın.\r\n[Geçerli klasörü kapsayıcıda yeniden açabilir](command:remote-containers.reopenInContainer) veya kapsayıcıda başka bir klasör açabilirsiniz.\r\n[Klasörü Kapsayıcıda Aç] (command:remote-containers.openFolder)\r\nKapsayıcılarda yeniyseniz ve [örnek denemek](command:remote-containers.trySample) istiyorsanız, seçebileceğiniz birkaç seçenek var.","viewsWelcome.targetsContainers.noContainersWithoutFolder":"[Geliştirme Kapsayıcıları](command:remote-containers.newContainer) komutlardan birini çalıştırarak kapsayıcıları kullanmaya başlayın.\r\nMevcut bir klasörü kapsayıcıda açabilirsiniz.\r\n[Klasörü Kapsayıcıda Aç] (command:remote-containers.openFolder)\r\nKapsayıcılarda yeniyseniz ve [örnek denemek](command:remote-containers.trySample) istiyorsanız, seçebileceğiniz birkaç seçenek var."}
