{"capabilities.untrustedWorkspaces.description":"Øpëñïñg æ følðër ïñ æ çøñtæïñër rëqµïrës wørkspæçë trµst.","command.addExtensionToConfig":"Æðð tø ðëvçøñtæïñër.jsøñ","command.attachToContainerInCurrentWindow":"Ættæçh ïñ Çµrrëñt Wïñðøw","command.attachToContainerInNewWindow":"Ættæçh ïñ Ñëw Wïñðøw","command.attachToK8sContainerFromViewlet":"Ættæçh Vïsµæl §tµðïø Çøðë","command.attachToRunningContainer":"Ættæçh tø Rµññïñg Çøñtæïñër...","command.attachToRunningContainerFromViewlet":"Ættæçh Vïsµæl §tµðïø Çøðë","command.category":"Ðëv Çøñtæïñërs","command.checkoutPRInVolume":"Çhëçkøµt Pµll Rëqµëst ïñ Ðëv Çøñtæïñër","command.cleanUpDevContainers":"Çlëæñ Üp Ðëv Çøñtæïñërs...","command.cloneInVolume":"Çløñë Rëpøsïtørÿ ïñ Vølµmë","command.cloneInVolumeFromViewlet":"Çløñë ïñtø ëxïstïñg Vølµmë","command.configureContainerFeatures":"Çøñfïgµrë Çøñtæïñër Fëætµrës...","command.createDevContainer":"Ñëw Ðëv Çøñtæïñër...","command.createDevContainerFile":"Æðð Ðëv Çøñtæïñër Çøñfïgµrætïøñ Fïlës...","command.explorerDetailsRefresh":"Rëfrësh","command.explorerTargetsRefresh":"Rëfrësh","command.explorerVolumesRefresh":"Rëfrësh","command.getHelp":"Hëlp","command.getStarted":"Gët §tærtëð wïth Ðëv Çøñtæïñërs","command.inspectDockerResource":"Ïñspëçt","command.inspectInBasicDevContainer":"Ëxplørë ïñ Ðëv Çøñtæïñër","command.inspectVolume":"Ëxplørë æ Vølµmë ïñ æ Ðëv Çøñtæïñër...","command.inspectVolumeFromViewlet":"Ëxplørë ïñ æ Ðëv Çøñtæïñër","command.installDocker":"Ïñstæll Ðøçkër","command.installDockerInWSL":"Ïñstæll Ðøçkër ïñ W§£","command.installUserCLI":"Ïñstæll ðëvçøñtæïñër Ç£Ï","command.labelPortAndUpdateConfig":"§ët £æþël æñð Üpðætë ðëvçøñtæïñër.jsøñ","command.newContainer":"Ñëw Ðëv Çøñtæïñër","command.openAttachConfigByNameFile":"Øpëñ Ñæmëð Çøñtæïñër Çøñfïgµrætïøñ Fïlë","command.openAttachDevContainerFile":"Øpëñ Ættæçhëð Çøñtæïñër Çøñfïgµrætïøñ Fïlë...","command.openDevContainerFile":"Øpëñ Çøñtæïñër Çøñfïgµrætïøñ Fïlë","command.openFolder":"Øpëñ Følðër ïñ Çøñtæïñër...","command.openFolderInContainerInCurrentWindow":"Øpëñ ïñ Çøñtæïñër ïñ Çµrrëñt Wïñðøw","command.openFolderInContainerInNewWindow":"Øpëñ ïñ Çøñtæïñër ïñ Ñëw Wïñðøw","command.openInformationAboutMountPerformance":"Çløñë rëpøsïtørÿ ïñ Ðøçkër vølµmë før þëttër Ï/Ø përførmæñçë.","command.openLastLogFile":"§høw Prëvïøµs £øg","command.openLogFile":"§høw Æll £øgs...","command.openPullRequestInVolume":"Çløñë GïtHµþ Pµll Rëqµëst ïñ Çøñtæïñër Vølµmë...","command.openRepositoryFromGitWithEditSession":"Çløñë Rëpøsïtørÿ ïñ æ Çøñtæïñër Vølµmë","command.openRepositoryFromRemoteHubWithEditSession":"Çløñë Rëpøsïtørÿ ïñ æ Çøñtæïñër Vølµmë","command.openRepositoryInUniqueVolume":"Çløñë Rëpøsïtørÿ ïñ Çøñtæïñër Vølµmë...","command.openRepositoryInVolume":"Çløñë Rëpøsïtørÿ ïñ Ñæmëð Çøñtæïñër Vølµmë...","command.openWorkspace":"Øpëñ Wørkspæçë ïñ Çøñtæïñër...","command.provideFeedback":"Prøvïðë Fëëðþæçk","command.pruneVolumes":"Çlëæñ Üp Ðëv Vølµmës...","command.rebuildAndReopenInContainer":"Rëþµïlð æñð Rëøpëñ ïñ Çøñtæïñër","command.rebuildContainer":"Rëþµïlð Çøñtæïñër","command.rebuildContainerNoCache":"Rëþµïlð Çøñtæïñër Wïthøµt Çæçhë","command.rebuildNoCacheAndReopenInContainer":"Rëþµïlð Wïthøµt Çæçhë æñð Rëøpëñ ïñ Çøñtæïñër","command.removeContainer":"Rëmøvë Çøñtæïñër","command.removeRecentFolder":"Rëmøvë Rëçëñt Følðër","command.removeVolume":"Rëmøvë","command.reopenInContainer":"Rëøpëñ ïñ Çøñtæïñër","command.reopenInSSH":"Rëøpëñ Følðër ïñ §§H","command.reopenInWSL":"Rëøpëñ Følðër ïñ W§£","command.reopenLocally":"Rëøpëñ Følðër £øçællÿ","command.reportIssue":"Rëpørt Ïssµë...","command.revealLogTerminal":"§høw Çøñtæïñër £øg","command.settings":"§ëttïñgs","command.showContainerLog":"§høw Çøñtæïñër £øg","command.showDetails":"§høw Ðëtæïls","command.showRecoveryContainerNotificationReset":"Rësët Ðøñ't §høw Rëçøvërÿ Çøñtæïñër Ñøtïfïçætïøñ","command.showReopenInContainerNotificationReset":"Rësët Ðøñ't §høw Rëøpëñ Ñøtïfïçætïøñ","command.startContainer":"§tært Çøñtæïñër","command.stopContainer":"§tøp Çøñtæïñër","command.switchContainer":"§wïtçh Çøñtæïñër","command.trySample":"Trÿ æ Ðëv Çøñtæïñër §æmplë...","configuration.cacheVolume.deprecationMessage":"Üsë 'ðëv.çøñtæïñërs.çæçhëVølµmë' ïñstëæð.","configuration.cacheVolume.description":"Çøñtrøls whëthër æ Ðøçkër vølµmë shøµlð þë µsëð tø çæçhë thë V§ Çøðë sërvër æñð ëxtëñsïøñs. Çµrrëñtlÿ øñlÿ æpplïës tø sïñglë çøñtæïñër æñð ñøt Ðøçkër Çømpøsë çøñfïgµrætïøñs.","configuration.cacheVolume.markdownDeprecationMessage":"Üsë `#ðëv.çøñtæïñërs.çæçhëVølµmë#` ïñstëæð.","configuration.copyGitConfig.deprecationMessage":"Üsë 'ðëv.çøñtæïñërs.çøpÿGïtÇøñfïg' ïñstëæð.","configuration.copyGitConfig.markdownDeprecationMessage":"Üsë `#ðëv.çøñtæïñërs.çøpÿGïtÇøñfïg#` ïñstëæð.","configuration.copyGitConfig.markdownDescription":"Çøñtrøls whëthër thë Gït çøñfïgµrætïøñ (`~/.gïtçøñfïg`) shøµlð þë çøpïëð ïñtø thë çøñtæïñër. Thïs ïs ðøñë æftër ïñstællïñg æñÿ `#ðøtfïlës.rëpøsïtørÿ#` æñð wïll ñøt øvërwrïtë æñ ëxïstïñg Gït çøñfïgµrætïøñ fïlë.","configuration.defaultExtensions.deprecationMessage":"Üsë 'ðëv.çøñtæïñërs.ðëfæµltËxtëñsïøñs' ïñstëæð.","configuration.defaultExtensions.description":"Çøñfïgµrës thë lïst øf ëxtëñsïøñs tø ælwæÿs ïñstæll whïlë çrëætïñg æ çøñtæïñër.","configuration.defaultExtensions.errorMessage":"Ëxpëçtëð førmæt '${pµþlïshër}.${ñæmë}'. Ëxæmplë: 'vsçøðë.çshærp'.","configuration.defaultExtensions.markdownDeprecationMessage":"Üsë `#ðëv.çøñtæïñërs.ðëfæµltËxtëñsïøñs#` ïñstëæð.","configuration.defaultFeatures":"Çøñfïgµrës thë lïst øf fëætµrës tø ælwæÿs ïñstæll whïlë çrëætïñg æ çøñtæïñër.","configuration.dockerComposePath.deprecationMessage":"Üsë 'ðëv.çøñtæïñërs.ðøçkërÇømpøsëPæth' ïñstëæð.","configuration.dockerComposePath.description":"Ðøçkër Çømpøsë ëxëçµtæþlë ñæmë ør pæth.","configuration.dockerComposePath.markdownDeprecationMessage":"Üsë `#ðëv.çøñtæïñërs.ðøçkërÇømpøsëPæth#` ïñstëæð.","configuration.dockerCredentialHelper.markdownDescription":"Çøñtrøls whëthër æ çrëðëñtïæl hëlpër shøµlð þë rëgïstërëð æs thë `çrëð§tørë` ïñ thë Ðøçkër çøñfïgµrætïøñ (`~/.ðøçkër/çøñfïg.jsøñ`) øf ðëv çøñtæïñërs. Thïs wïll ñøt øvërwrïtë æñ ëxïstïñg `çrëð§tørë` ëñtrÿ ïñ thë çøñfïgµrætïøñ fïlë.","configuration.dockerPath.deprecationMessage":"Üsë 'ðëv.çøñtæïñërs.ðøçkërPæth' ïñstëæð.","configuration.dockerPath.description":"Ðøçkër (ør Pøðmæñ) ëxëçµtæþlë ñæmë ør pæth.","configuration.dockerPath.markdownDeprecationMessage":"Üsë `#ðëv.çøñtæïñërs.ðøçkërPæth#` ïñstëæð.","configuration.dotfiles.installCommand.deprecationMessage":"Üsë 'ðøtfïlës.ïñstællÇømmæñð' ïñstëæð.","configuration.dotfiles.installCommand.description":"Thë çømmæñð tø rµñ æftër çløñïñg thë ðøtfïlës rëpøsïtørÿ. Ðëfæµlts tø rµñ thë fïrst fïlë øf `ïñstæll.sh`, `ïñstæll`, `þøøtstræp.sh`, `þøøtstræp`, `sëtµp.sh` æñð `sëtµp` føµñð ïñ thë ðøtfïlës rëpøsïtørÿ's røøt følðër.","configuration.dotfiles.installCommand.markdownDeprecationMessage":"Üsë `#ðøtfïlës.ïñstællÇømmæñð#` ïñstëæð.","configuration.dotfiles.repository.deprecationMessage":"Üsë 'ðøtfïlës.rëpøsïtørÿ' ïñstëæð.","configuration.dotfiles.repository.description":"ÜR£ øf æ ðøtfïlës Gït rëpøsïtørÿ (ë.g., https://gïthµþ.çøm/øwñër/rëpøsïtørÿ.gït) ør øwñër/rëpøsïtørÿ øf æ GïtHµþ rëpøsïtørÿ.","configuration.dotfiles.repository.markdownDeprecationMessage":"Üsë `#ðøtfïlës.rëpøsïtørÿ#` ïñstëæð.","configuration.dotfiles.targetPath.deprecationMessage":"Üsë 'ðøtfïlës.tærgëtPæth' ïñstëæð.","configuration.dotfiles.targetPath.description":"Thë pæth tø çløñë thë ðøtfïlës rëpøsïtørÿ tø. Ðëfæµlts tø `~/ðøtfïlës`.","configuration.dotfiles.targetPath.markdownDeprecationMessage":"Üsë `#ðøtfïlës.tærgëtPæth#` ïñstëæð.","configuration.executeInWSL.deprecationMessage":"Üsë 'ðëv.çøñtæïñërs.ëxëçµtëÏñW§£' ïñstëæð.","configuration.executeInWSL.description":"Çøñtrøls whëthër Ç£Ï çømmæñðs shøµlð ælwæÿs þë ëxëçµtëð ïñ W§£. Thë ðëfæµlt ïs tø øñlÿ ëxëçµtë ïñ W§£ før wørkspæçë følðërs ïñ W§£. Thïs sëttïñg hæs ñø ëffëçt øñ øthër plætførms thæñ Wïñðøws.","configuration.executeInWSL.markdownDeprecationMessage":"Üsë `#ðëv.çøñtæïñërs.ëxëçµtëÏñW§£#` ïñstëæð.","configuration.executeInWSLDistro.deprecationMessage":"Üsë 'ðëv.çøñtæïñërs.ëxëçµtëÏñW§£Ðïstrø' ïñstëæð.","configuration.executeInWSLDistro.markdownDeprecationMessage":"Üsë `#ðëv.çøñtæïñërs.ëxëçµtëÏñW§£Ðïstrø#` ïñstëæð.","configuration.executeInWSLDistro.markdownDescription":"W§£ ðïstrø tø µsë whëñ ñøt rëøpëñïñg æ W§£ følðër. Thë ðëfæµlt ïs tø µsë thë ðëfæµlt W§£ ðïstrø (sëë `wsl -l`). Thïs sëttïñg hæs ñø ëffëçt whëñ `#ðëv.çøñtæïñërs.ëxëçµtëÏñW§£#` ïs ñøt ëñæþlëð ør øñ øthër plætførms thæñ Wïñðøws.","configuration.experimentalLockfile.description":"Çøñtrøls whëthër æñ ëxpërïmëñtæl ðëvçøñtæïñër-løçk.jsøñ shøµlð þë wrïttëñ. Thïs fµñçtïøñælïtÿ ïs ëxpërïmëñtæl æñð mæÿ çhæñgë ïñ thë fµtµrë.","configuration.gitCredentialHelperConfigLocation.deprecationMessage":"Üsë 'ðëv.çøñtæïñërs.gïtÇrëðëñtïælHëlpërÇøñfïg£øçætïøñ' ïñstëæð.","configuration.gitCredentialHelperConfigLocation.description":"Whërë tø wrïtë thë çøñfïgµrætïøñ før thë Gït çrëðëñtïæl hëlpër.","configuration.gitCredentialHelperConfigLocation.global":"Wrïtë tø µsër çøñfïg (`~/.gïtçøñfïg`).","configuration.gitCredentialHelperConfigLocation.markdownDeprecationMessage":"Üsë `#ðëv.çøñtæïñërs.gïtÇrëðëñtïælHëlpërÇøñfïg£øçætïøñ#` ïñstëæð.","configuration.gitCredentialHelperConfigLocation.none":"Ðø ñøt sët æ çrëðëñtïæl hëlpër.","configuration.gitCredentialHelperConfigLocation.system":"Wrïtë tø sÿstëm çøñfïg (`/ëtç/gïtçøñfïg`, rëqµïrës røøt æççëss).","configuration.logLevel.deprecationMessage":"Üsë 'ðëv.çøñtæïñërs.løg£ëvël' ïñstëæð.","configuration.logLevel.description":"Thë løg lëvël før thë ëxtëñsïøñ.","configuration.logLevel.markdownDeprecationMessage":"Üsë `#ðëv.çøñtæïñërs.løg£ëvël#` ïñstëæð.","configuration.mountWaylandSocket.markdownDescription":"Çøñtrøls whëthër æ Wæÿlæñð søçkët, ïf øñë ëxïsts, shøµlð þë møµñtëð ïñtø thë Ðëv Çøñtæïñër.","configuration.repositoryConfigurationPaths.deprecationMessage":"Üsë 'ðëv.çøñtæïñërs.rëpøsïtørÿÇøñfïgµrætïøñPæths' ïñstëæð.","configuration.repositoryConfigurationPaths.markdownDeprecationMessage":"Üsë `#ðëv.çøñtæïñërs.rëpøsïtørÿÇøñfïgµrætïøñPæths#` ïñstëæð.","configuration.repositoryConfigurationPaths.markdownDescription":"£ïst øf æððïtïøñæl pæths tø sëærçh før [rëpøsïtørÿ çøñfïgµrætïøñs](https://gïthµþ.çøm/mïçrøsøft/vsçøðë-ðëv-çøñtæïñërs/trëë/mæïñ/rëpøsïtørÿ-çøñtæïñërs).","configuration.title":"Ðëv Çøñtæïñërs","configuration.workspaceMountConsistency.cached":"Thë høst’s vïëw ïs æµthørïtætïvë.","configuration.workspaceMountConsistency.consistent":"Përfëçt çøñsïstëñçÿ.","configuration.workspaceMountConsistency.delegated":"Thë çøñtæïñër’s vïëw ïs æµthørïtætïvë.","configuration.workspaceMountConsistency.deprecationMessage":"Üsë 'ðëv.çøñtæïñërs.wørkspæçëMøµñtÇøñsïstëñçÿ' ïñstëæð.","configuration.workspaceMountConsistency.description":"Thë çøñsïstëñçÿ lëvël µsëð før thë wørkspæçë møµñt (ëxïstïñg çøñtæïñërs mµst þë rëþµïlt tø tækë ëffëçt).","configuration.workspaceMountConsistency.markdownDeprecationMessage":"Üsë `#ðëv.çøñtæïñërs.wørkspæçëMøµñtÇøñsïstëñçÿ#` ïñstëæð.","continueEditSession.containerVolume":"Çøñtïñµë Wørkïñg ïñ Çøñtæïñër Vølµmë","description":"Øpëñ æñÿ følðër ør rëpøsïtørÿ ïñsïðë æ Ðøçkër çøñtæïñër æñð tækë æðvæñtægë øf Vïsµæl §tµðïø Çøðë's fµll fëætµrë sët.","displayName":"Ðëv Çøñtæïñërs","resourceLabelFormatters.attached-container.workspaceSuffix":"Çøñtæïñër","resourceLabelFormatters.dev-container.workspaceSuffix":"Ðëv Çøñtæïñër","resourceLabelFormatters.exec.workspaceSuffix":"Ëxëç","resourceLabelFormatters.k8s-container.workspaceSuffix":"Kµþërñëtës","views.remote.detailsContainers":"Ðëtæïls (Çøñtæïñërs)","views.remote.devVolumes":"Ðëv Vølµmës","views.remote.targetsContainers":"Ðëv Çøñtæïñërs","viewsWelcome.devVolumes.noDevVolumes":"Ïf thërë's æ rëpøsïtørÿ ÿøµ wæñt tø wørk wïth ÿøµ çæñ çløñë thæt ðïrëçtlÿ ïñ æ çøñtæïñër vølµmë.\r\n[Çløñë Rëpøsïtørÿ ïñ Çøñtæïñër Vølµmë](çømmæñð:rëmøtë-çøñtæïñërs.øpëñRëpøsïtørÿÏñÜñïqµëVølµmë)\r\n","viewsWelcome.targetsContainers.needsDockerStartOrInstall":"Gët stærtëð wïth çøñtæïñërs þÿ [ïñstællïñg Ðøçkër](çømmæñð:rëmøtë-çøñtæïñërs.ïñstællÐøçkër) ør þÿ vïsïtïñg thë [hëlp vïëw](çømmæñð:~rëmøtë.hëlpPæñël.føçµs). [Rëfrësh](çømmæñð:rëmøtë-çøñtæïñërs.ëxplørërTærgëtsRëfrësh) æftër ïñstællætïøñ æñð stærtµp.","viewsWelcome.targetsContainers.needsSSHCredentials":"[Rëfrësh](çømmæñð:rëmøtë-çøñtæïñërs.ëxplørërTærgëtsRëfrësh) tø prøvïðë §§H çrëðëñtïæls.","viewsWelcome.targetsContainers.noContainersWithFolder":"Gët stærtëð wïth çøñtæïñërs þÿ rµññïñg øñë øf thë [Ðëv Çøñtæïñërs](çømmæñð:rëmøtë-çøñtæïñërs.ñëwÇøñtæïñër) çømmæñðs.\r\nÝøµ çæñ [rëøpëñ thë çµrrëñt følðër ïñ æ çøñtæïñër](çømmæñð:rëmøtë-çøñtæïñërs.rëøpëñÏñÇøñtæïñër), ør øpëñ æñøthër følðër ïñ æ çøñtæïñër.\r\n[Øpëñ Følðër ïñ Çøñtæïñër](çømmæñð:rëmøtë-çøñtæïñërs.øpëñFølðër)\r\nÏf ÿøµ'rë ñëw tø çøñtæïñërs æñð wæñt tø [trÿ æ sæmplë](çømmæñð:rëmøtë-çøñtæïñërs.trÿ§æmplë), thërë ærë sëvëræl tø çhøøsë frøm.","viewsWelcome.targetsContainers.noContainersWithoutFolder":"Gët stærtëð wïth çøñtæïñërs þÿ rµññïñg øñë øf thë [Ðëv Çøñtæïñërs](çømmæñð:rëmøtë-çøñtæïñërs.ñëwÇøñtæïñër) çømmæñðs.\r\nÝøµ çæñ øpëñ æñ ëxïstïñg følðër ïñ æ çøñtæïñër.\r\n[Øpëñ Følðër ïñ Çøñtæïñër](çømmæñð:rëmøtë-çøñtæïñërs.øpëñFølðër)\r\nÏf ÿøµ'rë ñëw tø çøñtæïñërs æñð wæñt tø [trÿ æ sæmplë](çømmæñð:rëmøtë-çøñtæïñërs.trÿ§æmplë), thërë ærë sëvëræl tø çhøøsë frøm."}
