{"events":{"ms-vscode-remote.remote-containersserviceConnectionFailure":{"servicename":{"classification":"SystemMetaData","purpose":"FeatureInsight"},"hosttype":{"classification":"SystemMetaData","purpose":"FeatureInsight"},"hostplatform":{"classification":"SystemMetaData","purpose":"FeatureInsight"}},"ms-vscode-remote.remote-containersperformanceEntry":{"name":{"classification":"SystemMetaData","purpose":"PerformanceAndHealth"},"duration":{"classification":"SystemMetaData","purpose":"PerformanceAndHealth","isMeasurement":true},"starttime":{"classification":"SystemMetaData","purpose":"PerformanceAndHealth","isMeasurement":true}},"ms-vscode-remote.remote-containersquery-expfeature":{"abexp.queriedfeature":{"classification":"SystemMetaData","purpose":"FeatureInsight"}},"ms-vscode-remote.remote-containersuserCLI":{"command":{"classification":"SystemMetaData","purpose":"FeatureInsight"}},"ms-vscode-remote.remote-containerscreateConfiguration":{"outcome":{"classification":"SystemMetaData","purpose":"FeatureInsight"},"definitionname":{"classification":"SystemMetaData","purpose":"FeatureInsight"}},"ms-vscode-remote.remote-containerserrorAction":{"resolver":{"classification":"SystemMetaData","purpose":"FeatureInsight"},"action":{"classification":"SystemMetaData","purpose":"FeatureInsight"}},"ms-vscode-remote.remote-containersdockerVersion":{"outcome":{"classification":"SystemMetaData","purpose":"FeatureInsight"},"version":{"classification":"SystemMetaData","purpose":"FeatureInsight"},"errormessage":{"classification":"CallstackOrException","purpose":"FeatureInsight"}},"ms-vscode-remote.remote-containersreopenNotificationOpen":{"location":{"classification":"SystemMetaData","purpose":"FeatureInsight"}},"ms-vscode-remote.remote-containersreopenNotificationResult":{"result":{"classification":"SystemMetaData","purpose":"FeatureInsight"},"location":{"classification":"SystemMetaData","purpose":"FeatureInsight"}},"ms-vscode-remote.remote-containersinstallDockerInWSL":{"outcome":{"classification":"SystemMetaData","purpose":"FeatureInsight"},"distro":{"classification":"SystemMetaData","purpose":"FeatureInsight"},"errormessage":{"classification":"CallstackOrException","purpose":"FeatureInsight"}},"ms-vscode-remote.remote-containersextraInfo":{"remotecloud":{"classification":"SystemMetaData","purpose":"FeatureInsight"}},"ms-vscode-remote.remote-containersresolver":{"resolver":{"classification":"SystemMetaData","purpose":"FeatureInsight"},"hosttype":{"classification":"SystemMetaData","purpose":"FeatureInsight"},"configtype":{"classification":"SystemMetaData","purpose":"FeatureInsight"},"outcome":{"classification":"SystemMetaData","purpose":"FeatureInsight"},"step":{"classification":"SystemMetaData","purpose":"FeatureInsight"},"sessiontimeinms":{"classification":"SystemMetaData","purpose":"PerformanceAndHealth","isMeasurement":true},"configproperties":{"classification":"SystemMetaData","purpose":"FeatureInsight"},"configextensions":{"classification":"SystemMetaData","purpose":"FeatureInsight"},"configfeatures":{"classification":"SystemMetaData","purpose":"FeatureInsight"},"configlocation":{"classification":"SystemMetaData","purpose":"FeatureInsight"},"hardwareid":{"classification":"SystemMetaData","purpose":"FeatureInsight"},"osreleaseid":{"classification":"SystemMetaData","purpose":"FeatureInsight"},"osreleaseversion":{"classification":"SystemMetaData","purpose":"FeatureInsight"},"errormessage":{"classification":"CallstackOrException","purpose":"FeatureInsight"}}},"commonProperties":{"common.os":{"classification":"SystemMetaData","purpose":"FeatureInsight"},"common.platformversion":{"classification":"SystemMetaData","purpose":"FeatureInsight"},"common.extname":{"classification":"PublicNonPersonalData","purpose":"FeatureInsight"},"common.extversion":{"classification":"PublicNonPersonalData","purpose":"FeatureInsight"},"common.cli":{"classification":"SystemMetaData","purpose":"FeatureInsight"},"common.vscodemachineid":{"classification":"EndUserPseudonymizedInformation","purpose":"FeatureInsight"}}}
