{
  "name": "Terraform",
  "scopeName": "source.tf",
  "fileTypes": [
    "tf"
  ],
  "uuid": "20a13a67-f65e-4e41-ae19-f18395d3312e",
  "patterns": [
    {
      "include": "#comments"
    },
    {
      "name": "meta.terraform.tf",
      "begin": "\\b(terraform)([\\w\\-\\\"$])?(?:\\s+)?({)",
      "beginCaptures": {
        "1": {
          "name": "keyword.declaration.$1.tf"
        },
        "2": {
          "name": "invalid.illegal.keyword.$1.tf"
        },
        "3": {
          "name": "punctuation.declaration.block.begin.tf"
        }
      },
      "end": "}",
      "endCaptures": {
        "0": {
          "name": "punctuation.declaration.block.end.tf"
        }
      },
      "patterns": [
        {
          "include": "#comments"
        },
        {
          "include": "#version"
        },
        {
          "match": "\\b(required_version)(?:\\s+)?(=)(?:\\s+)?(\")([^$\"]+)?(\")",
          "name": "meta.terraform.required_version.tf",
          "captures": {
            "2": {
              "name": "keyword.operator.assignment.tf"
            },
            "3": {
              "name": "string.quoted.double.tf punctuation.definition.string.begin.tf"
            },
            "4": {
              "name": "string.quoted.double.tf"
            },
            "5": {
              "name": "string.quoted.double.tf punctuation.definition.string.end.tf"
            }
          }
        },
        {
          "name": "meta.terraform.required_providers.tf",
          "begin": "\\b(required_providers)([\\w\\-\\\"$])?(?:\\s+)?({)",
          "beginCaptures": {
            "1": {
              "name": "keyword.declaration.$1.tf"
            },
            "2": {
              "name": "invalid.illegal.keyword.$1.tf"
            },
            "3": {
              "name": "punctuation.declaration.block.begin.tf"
            }
          },
          "end": "}",
          "endCaptures": {
            "0": {
              "name": "punctuation.definition.block.end.tf"
            }
          },
          "patterns": [
            {
              "include": "#comments"
            },
            {
              "match": "\\b([\\-\\w]+)(?:\\s+)?(=)(?:\\s+)?",
              "captures": {
                "1": {
                  "name": "support.provider.attribute.tf"
                },
                "2": {
                  "name": "keyword.operator.assignment.tf"
                }
              }
            },
            {
              "include": "#definition-right"
            }
          ]
        },
        {
          "name": "meta.terraform.backend.tf",
          "begin": "\\b(backend)(?:\\s+)?(\")([^$\"]+)?(\")(?:\\s+)?({)",
          "beginCaptures": {
            "2": {
              "name": "string.quoted.double.tf punctuation.definition.string.begin.tf"
            },
            "3": {
              "name": "string.quoted.double.tf",
              "patterns": [
                {
                  "match": "(?<=\")([^a-z]+)",
                  "name": "invalid.illegal.tf"
                }
              ]
            },
            "4": {
              "name": "string.quoted.double.tf punctuation.definition.string.end.tf"
            },
            "5": {
              "name": "punctuation.definition.block.begin.tf"
            }
          },
          "end": "}",
          "endCaptures": {
            "0": {
              "name": "punctuation.definition.block.end.tf"
            }
          },
          "patterns": [
            {
              "include": "#comments"
            },
            {
              "match": "\\b([\\-\\w]+)(?:\\s+)?(=)(?:\\s+)?",
              "captures": {
                "1": {
                  "name": "support.backend.attribute.tf"
                },
                "2": {
                  "name": "keyword.operator.assignment.tf"
                },
                "3": {
                  "name": "string.quoted.double.tf punctuation.definition.string.begin.tf"
                },
                "4": {
                  "name": "string.quoted.double.tf"
                },
                "5": {
                  "name": "string.quoted.double.tf punctuation.definition.string.end.tf"
                }
              }
            },
            {
              "include": "#definition-right"
            }
          ]
        }
      ]
    },
    {
      "name": "meta.locals.tf",
      "begin": "\\b(locals)([\\w\\-\\\"$])?(?:\\s+)?({)",
      "beginCaptures": {
        "1": {
          "name": "keyword.declaration.$1.tf"
        },
        "2": {
          "name": "invalid.illegal.keyword.$1.tf"
        },
        "3": {
          "name": "punctuation.declaration.block.begin.tf"
        }
      },
      "end": "}",
      "endCaptures": {
        "0": {
          "name": "punctuation.declaration.block.end.tf"
        }
      },
      "patterns": [
        {
          "match": "\\b([\\-\\w]+)(?:\\s+)?(=)(?!=|>|<)",
          "captures": {
            "1": {
              "name": "variable.other.readwrite.tf"
            },
            "2": {
              "name": "keyword.operator.assignment.tf"
            }
          }
        },
        {
          "include": "#definition-right"
        }
      ]
    },
    {
      "name": "meta.moved.tf",
      "begin": "\\b(moved)([\\w\\-\\\"$])?(?:\\s+)?({)",
      "beginCaptures": {
        "1": {
          "name": "keyword.declaration.$1.tf"
        },
        "2": {
          "name": "invalid.illegal.keyword.$1.tf"
        },
        "3": {
          "name": "punctuation.declaration.block.begin.tf"
        }
      },
      "end": "}",
      "endCaptures": {
        "0": {
          "name": "punctuation.declaration.block.end.tf"
        }
      },
      "patterns": [
        {
          "match": "\\b([\\-\\w]+)(?:\\s+)?(=)(?!=|>|<)",
          "captures": {
            "1": {
              "name": "variable.other.readwrite.tf"
            },
            "2": {
              "name": "keyword.operator.assignment.tf"
            }
          }
        },
        {
          "include": "#definition-right"
        }
      ]
    },
    {
      "name": "meta.module.tf",
      "begin": "\\b(module)([\\w\\-\\\"$])?(?:\\s+)?(\")?([^\\\"\\n]+)?(\")?(?:\\s+)?({)",
      "beginCaptures": {
        "1": {
          "name": "keyword.declaration.$1.tf"
        },
        "2": {
          "name": "invalid.illegal.keyword.$1.tf"
        },
        "3": {
          "name": "string.quoted.double.tf punctuation.definition.string.begin.tf"
        },
        "4": {
          "name": "string.quoted.double.tf entity.name.module.tf"
        },
        "5": {
          "name": "string.quoted.double.tf punctuation.definition.string.end.tf"
        },
        "6": {
          "name": "punctuation.declaration.block.begin.tf"
        }
      },
      "end": "}",
      "endCaptures": {
        "0": {
          "name": "punctuation.declaration.block.end.tf"
        }
      },
      "patterns": [
        {
          "include": "#comments"
        },
        {
          "include": "#version"
        },
        {
          "match": "\\b([\\-\\w]+)(?:\\s+)?(=)(?:\\s+)?",
          "captures": {
            "1": {
              "name": "support.module.attribute.tf"
            },
            "2": {
              "name": "keyword.operator.assignment.tf"
            }
          }
        },
        {
          "include": "#definition-right"
        }
      ]
    },
    {
      "name": "meta.provider.tf",
      "begin": "\\b(provider)([\\w\\-\\\"$])?(?:\\s+)?(\")?([^\\\"\\n]+)?(\")?(?:\\s+)?({)",
      "beginCaptures": {
        "1": {
          "name": "keyword.declaration.$1.tf"
        },
        "2": {
          "name": "invalid.illegal.keyword.$1.tf"
        },
        "3": {
          "name": "string.quoted.double.tf punctuation.definition.string.begin.tf"
        },
        "4": {
          "name": "string.quoted.double.tf entity.name.provider.tf"
        },
        "5": {
          "name": "string.quoted.double.tf punctuation.definition.string.end.tf"
        },
        "6": {
          "name": "punctuation.declaration.block.begin.tf"
        }
      },
      "end": "}",
      "endCaptures": {
        "0": {
          "name": "punctuation.declaration.block.end.tf"
        }
      },
      "patterns": [
        {
          "include": "#comments"
        },
        {
          "include": "#version"
        },
        {
          "match": "\\b([\\-\\w]+)(?:\\s+)?(=)(?:\\s+)?",
          "captures": {
            "1": {
              "name": "support.provider.attribute.tf"
            },
            "2": {
              "name": "keyword.operator.assignment.tf"
            }
          }
        },
        {
          "include": "#definition-right"
        }
      ]
    },
    {
      "name": "meta.variable.tf",
      "begin": "\\b(variable)([\\w\\-\\\"$])?(?:\\s+)?(\")?([^\\\"\\n]+)?(\")?(?:\\s+)?({)",
      "beginCaptures": {
        "1": {
          "name": "keyword.declaration.$1.tf"
        },
        "2": {
          "name": "invalid.illegal.keyword.$1.tf"
        },
        "3": {
          "name": "string.quoted.double.tf punctuation.definition.string.begin.tf"
        },
        "4": {
          "name": "string.quoted.double.tf entity.name.$1.tf"
        },
        "5": {
          "name": "string.quoted.double.tf punctuation.definition.string.end.tf"
        },
        "6": {
          "name": "punctuation.declaration.block.begin.tf"
        }
      },
      "end": "}",
      "endCaptures": {
        "0": {
          "name": "punctuation.declaration.block.end.tf"
        }
      },
      "patterns": [
        {
          "include": "#comments"
        },
        {
          "match": "\\b(type|default|description|validation|sensitive)(?:\\s+)?(=)?(?:\\s+)?",
          "captures": {
            "1": {
              "name": "meta.keyword.$1.tf"
            },
            "2": {
              "name": "keyword.operator.assignment.tf"
            }
          }
        },
        {
          "match": "\\b(string|number|bool|list|map|set|object|touple|any)\\b",
          "captures": {
            "1": {
              "name": "meta.keyword.$1.tf"
            }
          }
        },
        {
          "include": "#definition-right"
        },
        {
          "match": "\\S",
          "name": "invalid.illegal.keyword.variable.tf"
        }
      ]
    },
    {
      "name": "meta.output.tf",
      "begin": "\\b(output)([\\w\\-\\\"$])?(?:\\s+)?(\")?([^\\\"\\n]+)?(\")?(?:\\s+)?({)",
      "beginCaptures": {
        "1": {
          "name": "keyword.declaration.$1.tf"
        },
        "2": {
          "name": "invalid.illegal.keyword.$1.tf"
        },
        "3": {
          "name": "string.quoted.double.tf punctuation.definition.string.begin.tf"
        },
        "4": {
          "name": "string.quoted.double.tf entity.name.$1.tf"
        },
        "5": {
          "name": "string.quoted.double.tf punctuation.definition.string.end.tf"
        },
        "6": {
          "name": "punctuation.declaration.block.begin.tf"
        }
      },
      "end": "}",
      "endCaptures": {
        "0": {
          "name": "punctuation.declaration.block.end.tf"
        }
      },
      "patterns": [
        {
          "include": "#comments"
        },
        {
          "match": "\\b(name|value|description|sensitive|depends_on)(?:\\s+)?(=)(?:\\s+)?",
          "captures": {
            "1": {
              "name": "support.output.attribute.tf"
            },
            "2": {
              "name": "keyword.operator.assignment.tf"
            }
          }
        },
        {
          "include": "#definition-right"
        }
      ]
    },
    {
      "name": "meta.data.tf",
      "begin": "\\b(data)([\\w\\-\\\"$])?(?:\\s+)?(\")?([^\\\"\\n]+)?(\")?(?:\\s+)?(\")?([^\\\"\\n]+)?(\")?(?:\\s+)?({)",
      "beginCaptures": {
        "1": {
          "name": "keyword.declaration.$1.tf"
        },
        "2": {
          "name": "invalid.illegal.keyword.$1.tf"
        },
        "3": {
          "name": "string.quoted.double.tf punctuation.definition.string.begin.tf"
        },
        "4": {
          "name": "string.quoted.double.tf entity.type.$1.tf"
        },
        "5": {
          "name": "string.quoted.double.tf punctuation.definition.string.end.tf"
        },
        "6": {
          "name": "string.quoted.double.tf punctuation.definition.string.begin.tf"
        },
        "7": {
          "name": "string.quoted.double.tf entity.name.$1.tf"
        },
        "8": {
          "name": "string.quoted.double.tf punctuation.definition.string.end.tf"
        },
        "9": {
          "name": "punctuation.declaration.block.begin.tf"
        }
      },
      "end": "}",
      "endCaptures": {
        "0": {
          "name": "punctuation.declaration.block.end.tf"
        }
      },
      "patterns": [
        {
          "include": "#comments"
        },
        {
          "match": "\\b([\\-\\w]+)(?:\\s+)?(=)(?:\\s+)?",
          "captures": {
            "1": {
              "name": "support.data.attribute.tf"
            },
            "2": {
              "name": "keyword.operator.assignment.tf"
            }
          }
        },
        {
          "include": "#definition-right"
        }
      ]
    },
    {
      "name": "meta.resource.tf",
      "begin": "\\b(resource)([\\w\\-\\\"$])?(?:\\s+)?(\")?([^\\\"\\n]+)?(\")?(?:\\s+)?(\")?([^\\\"\\n]+)?(\")?(?:\\s+)?({)",
      "beginCaptures": {
        "1": {
          "name": "keyword.declaration.$1.tf"
        },
        "2": {
          "name": "invalid.illegal.keyword.$1.tf"
        },
        "3": {
          "name": "string.quoted.double.tf punctuation.definition.string.begin.tf"
        },
        "4": {
          "name": "string.quoted.double.tf entity.type.$1.tf"
        },
        "5": {
          "name": "string.quoted.double.tf punctuation.definition.string.end.tf"
        },
        "6": {
          "name": "string.quoted.double.tf punctuation.definition.string.begin.tf"
        },
        "7": {
          "name": "string.quoted.double.tf entity.name.$1.tf"
        },
        "8": {
          "name": "string.quoted.double.tf punctuation.definition.string.end.tf"
        },
        "9": {
          "name": "punctuation.declaration.block.begin.tf"
        }
      },
      "end": "}",
      "endCaptures": {
        "0": {
          "name": "punctuation.declaration.block.end.tf"
        }
      },
      "patterns": [
        {
          "include": "#comments"
        },
        {
          "match": "\\b([\\-\\w]+)(?:\\s+)?(=)(?:\\s+)?",
          "captures": {
            "1": {
              "name": "support.resource.attribute.tf"
            },
            "2": {
              "name": "keyword.operator.assignment.tf"
            }
          }
        },
        {
          "include": "#definition-right"
        }
      ]
    },
    {
      "include": "#invalid"
    }
  ],
  "repository": {
    "definition-right": {
      "patterns": [
        {
          "include": "#comments"
        },
        {
          "include": "#support-path"
        },
        {
          "include": "#support-self"
        },
        {
          "include": "#support-count-index"
        },
        {
          "include": "#support-variable"
        },
        {
          "include": "#support-local"
        },
        {
          "include": "#support-module"
        },
        {
          "include": "#support-terraform"
        },
        {
          "include": "#support-data"
        },
        {
          "include": "#support-function-numeric"
        },
        {
          "include": "#support-function-string"
        },
        {
          "include": "#support-function-collection"
        },
        {
          "include": "#support-function-encoding"
        },
        {
          "include": "#support-function-filesystem"
        },
        {
          "include": "#support-function-datetime"
        },
        {
          "include": "#support-function-crypto"
        },
        {
          "include": "#support-function-network"
        },
        {
          "include": "#support-function-conversion"
        },
        {
          "include": "#constants-decimal"
        },
        {
          "include": "#constants-boolean"
        },
        {
          "include": "#constants-language"
        },
        {
          "include": "#punctuation-comma"
        },
        {
          "include": "#punctuation-accessor"
        },
        {
          "include": "#keyword-ternary"
        },
        {
          "include": "#keyword-comparison"
        },
        {
          "include": "#keyword-conditional"
        },
        {
          "include": "#keyword-loop"
        },
        {
          "include": "#braces-round"
        },
        {
          "include": "#braces-square"
        },
        {
          "include": "#strings"
        },
        {
          "include": "#heredoc"
        },
        {
          "include": "#blocks"
        }
      ]
    },
    "support-path": {
      "match": "(?<!\\.)\\b(path)(\\.)(\\w+)\\b",
      "captures": {
        "1": {
          "name": "support.class.path.tf"
        },
        "2": {
          "name": "punctuation.accessor.tf"
        },
        "3": {
          "name": "support.path.$3.tf"
        }
      }
    },
    "support-self": {
      "match": "(?<!\\.)\\b(self)(\\.)(\\w+)\\b",
      "captures": {
        "1": {
          "name": "support.class.self.tf"
        },
        "2": {
          "name": "punctuation.accessor.tf"
        },
        "3": {
          "name": "support.self.$3.tf"
        }
      }
    },
    "support-count-index": {
      "match": "(?<!\\.)\\b(count)(\\.)(index)\\b",
      "captures": {
        "1": {
          "name": "support.class.count.tf"
        },
        "2": {
          "name": "punctuation.accessor.tf"
        },
        "3": {
          "name": "support.variable.index.tf"
        }
      }
    },
    "support-variable": {
      "match": "(?<!\\.)\\b(var)(\\.)(\\w+)\\b",
      "captures": {
        "1": {
          "name": "support.class.variable.tf"
        },
        "2": {
          "name": "punctuation.accessor.tf"
        },
        "3": {
          "name": "support.variable.$3.tf"
        }
      }
    },
    "support-local": {
      "match": "(?<!\\.)\\b(local)(\\.)(\\w+)\\b",
      "captures": {
        "1": {
          "name": "support.class.local.tf"
        },
        "2": {
          "name": "punctuation.accessor.tf"
        },
        "3": {
          "name": "support.local.$3.tf"
        }
      }
    },
    "support-module": {
      "match": "(?<!\\.)\\b(module)(\\.)(\\w+)(\\.)?(\\w+)?\\b",
      "captures": {
        "1": {
          "name": "support.class.module.tf"
        },
        "2": {
          "name": "punctuation.accessor.tf"
        },
        "3": {
          "name": "support.module.$3.tf"
        },
        "4": {
          "name": "punctuation.accessor.tf"
        },
        "5": {
          "name": "support.module.$3.attribute.tf"
        }
      }
    },
    "support-terraform": {
      "match": "(?<!\\.)\\b(terraform)(\\.)(\\w+)\\b",
      "captures": {
        "1": {
          "name": "support.class.terraform.tf"
        },
        "2": {
          "name": "punctuation.accessor.tf"
        },
        "3": {
          "name": "support.terraform.$3.tf"
        }
      }
    },
    "support-data": {
      "match": "(?<!\\.)\\b(data)(\\.)(\\w+)(\\.)?(\\w+)?\\b",
      "captures": {
        "1": {
          "name": "support.class.data.tf"
        },
        "2": {
          "name": "punctuation.accessor.tf"
        },
        "3": {
          "name": "support.data.$3.tf"
        },
        "4": {
          "name": "punctuation.accessor.tf"
        },
        "5": {
          "name": "support.data.$3.attribute.tf"
        }
      }
    },
    "support-function-numeric": {
      "match": "(?<!\\.)\\b(abs|ceil|floor|log|max|min|pow|signum|parseint)\\b(?=\\()",
      "name": "support.function.builtin.numeric.tf"
    },
    "support-function-string": {
      "match": "(?<!\\.)\\b(chomp|formatlist|format|indent|join|lower|regexall|regex|replace|split|strrev|substr|title|trimspace|trimprefix|trimsuffix|trim|upper)\\b(?=\\()",
      "name": "support.function.builtin.string.tf"
    },
    "support-function-collection": {
      "name": "support.function.builtin.collection.tf",
      "match": "(?<!\\.)\\b(alltrue|anytrue|chunklist|coalescelist|coalesce|compact|concat|contains|distinct|element|flatten|index|keys|length|list|lookup|map|matchkeys|merge|one|range|reverse|setintersection|setproduct|setsubtract|setunion|slice|sort|transpose|values|zipmap)\\b(?=\\()"
    },
    "support-function-encoding": {
      "name": "support.function.builtin.encoding.tf",
      "match": "(?<!\\.)\\b(base64decode|base64encode|base64gzip|csvdecode|jsondecode|jsonencode|textdecodebase64|textencodebase64|urlencode|yamldecode|yamlencode)\\b(?=\\()"
    },
    "support-function-filesystem": {
      "name": "support.function.builtin.filesystem.tf",
      "match": "(?<!\\.)\\b(abspath|dirname|pathexpand|basename|fileexists|filebase64|fileset|templatefile|file)\\b(?=\\()"
    },
    "support-function-datetime": {
      "name": "support.function.builtin.datetime.tf",
      "match": "(?<!\\.)\\b(formatdate|timeadd|timestamp)\\b(?=\\()"
    },
    "support-function-crypto": {
      "name": "support.function.builtin.crypto.tf",
      "match": "(?<!\\.)\\b(base64sha256|base64sha512|bcrypt|filebase64sha256|filebase64sha512|filemd5|filesha1|filesha256|filesha512|md5|rsadecrypt|sha1|sha256|sha512|uuidv5|uuid)\\b(?=\\()"
    },
    "support-function-network": {
      "name": "support.function.builtin.network.tf",
      "match": "(?<!\\.)\\b(cidrhost|cidrnetmask|cidrsubnets|cidrsubnet)\\b(?=\\()"
    },
    "support-function-conversion": {
      "name": "support.function.builtin.conversion.tf",
      "match": "(?<!\\.)\\b(can|defaults|nonsensitive|sensitive|tobool|tolist|tomap|tonumber|toset|tostring|try)\\b(?=\\()"
    },
    "constants-decimal": {
      "match": "\\b\\d+(\\.)?(\\d+)?",
      "name": "constant.numeric.decimal.tf",
      "captures": {
        "1": {
          "name": "meta.delimiter.decimal.period.js"
        }
      }
    },
    "constants-boolean": {
      "match": "\\b(true|false)\\b",
      "name": "constant.language.boolean.$1.js"
    },
    "constants-language": {
      "match": "\\b(null)\\b",
      "name": "constant.language.$1.js"
    },
    "punctuation-comma": {
      "match": ",",
      "name": "punctuation.separator.comma.js"
    },
    "punctuation-accessor": {
      "match": "(?<=\\w)\\.(?=\\w)",
      "name": "punctuation.accessor.tf"
    },
    "keyword-ternary": {
      "match": "\\?|:",
      "name": "keyword.operator.ternary.tf"
    },
    "keyword-comparison": {
      "match": "\\b(~>|>=|<=|==|!=|[^<]<[^<]|[^>]>[^>])",
      "name": "keyword.operator.comparison.tf"
    },
    "keyword-conditional": {
      "match": "\\b(if|else|endif)\\b",
      "name": "keyword.control.conditional.tf"
    },
    "keyword-loop": {
      "match": "\\b(for|in|endfor)\\b",
      "name": "keyword.control.loop.tf"
    },
    "braces-round": {
      "match": "\\(|\\)",
      "name": "meta.brace.round.tf"
    },
    "braces-square": {
      "match": "\\[|\\]",
      "name": "meta.brace.square.tf"
    },
    "blocks": {
      "begin": "{",
      "beginCaptures": {
        "0": {
          "name": "punctuation.definition.block.begin.tf"
        }
      },
      "end": "}",
      "endCaptures": {
        "0": {
          "name": "punctuation.definition.block.end.tf"
        }
      },
      "name": "meta.block.tf",
      "patterns": [
        {
          "include": "#definition-right"
        },
        {
          "include": "#blocks"
        }
      ]
    },
    "escape-char": {
      "match": "\\\\[nrt\"\\\\]",
      "name": "constant.character.escape.tf"
    },
    "escape-char-hex": {
      "match": "\\\\u0[xX][0-9a-fA-F]+",
      "name": "constant.character.escape.tf"
    },
    "string-interpolation": {
      "begin": "\\${",
      "beginCaptures": {
        "0": {
          "name": "punctuation.definition.template-expression.begin.tf"
        }
      },
      "end": "}",
      "endCaptures": {
        "0": {
          "name": "punctuation.definition.template-expression.end.tf"
        }
      },
      "name": "meta.template.expression.tf meta.embedded.line.tf",
      "patterns": [
        {
          "include": "#definition-right"
        }
      ]
    },
    "string-templates": {
      "begin": "%{",
      "beginCaptures": {
        "0": {
          "name": "punctuation.definition.template-expression.begin.tf"
        }
      },
      "end": "}",
      "endCaptures": {
        "0": {
          "name": "punctuation.definition.template-expression.end.tf"
        }
      },
      "name": "meta.template.expression.tf meta.embedded.line.tf",
      "patterns": [
        {
          "include": "#definition-right"
        }
      ]
    },
    "strings": {
      "begin": "\"",
      "beginCaptures": {
        "0": {
          "name": "punctuation.definition.string.template.begin.tf"
        }
      },
      "end": "\"",
      "endCaptures": {
        "0": {
          "name": "punctuation.definition.string.template.end.tf"
        }
      },
      "name": "string.template.tf",
      "patterns": [
        {
          "include": "#escape-char"
        },
        {
          "include": "#escape-char-hex"
        },
        {
          "match": "\\$\\${"
        },
        {
          "include": "#string-interpolation"
        },
        {
          "match": "%%{"
        },
        {
          "include": "#string-templates"
        }
      ]
    },
    "heredoc": {
      "begin": "<<[\\-]?(\\w+)",
      "beginCaptures": {
        "1": {
          "name": "punctuation.definition.string.template.begin.$1.tf"
        }
      },
      "end": "\\1",
      "endCaptures": {
        "0": {
          "name": "punctuation.definition.string.template.end.tf"
        }
      },
      "name": "string.unquoted.here-doc.tf",
      "patterns": [
        {
          "match": "\\$\\${"
        },
        {
          "include": "#string-interpolation"
        },
        {
          "match": "%%{"
        },
        {
          "include": "#string-templates"
        }
      ]
    },
    "version": {
      "match": "\\b(version)(?:\\s+)?(=)(?:\\s+)?(\")([^$\"]+)?(\")",
      "name": "meta.version.tf",
      "captures": {
        "1": {
          "name": "storage.modifier.version.tf"
        },
        "2": {
          "name": "keyword.operator.assignment.tf"
        },
        "3": {
          "name": "string.quoted.double.tf punctuation.definition.string.begin.tf"
        },
        "4": {
          "name": "string.quoted.double.tf"
        },
        "5": {
          "name": "string.quoted.double.tf punctuation.definition.string.end.tf"
        }
      }
    },
    "comment-line-number-sign": {
      "name": "comment.line.number-sign.tf",
      "begin": "#",
      "beginCaptures": {
        "0": {
          "name": "punctuation.definition.comment.tf"
        }
      },
      "end": "$"
    },
    "comment-line-double-slash": {
      "name": "comment.line.double-slash.tf",
      "begin": "//",
      "beginCaptures": {
        "0": {
          "name": "punctuation.definition.comment.tf"
        }
      },
      "end": "$"
    },
    "comment-block": {
      "name": "comment.block.tf",
      "begin": "/\\*",
      "beginCaptures": {
        "0": {
          "name": "punctuation.definition.comment.begin.tf"
        }
      },
      "end": "\\*/",
      "endCaptures": {
        "0": {
          "name": "punctuation.definition.comment.end.tf"
        }
      }
    },
    "comments": {
      "patterns": [
        {
          "include": "#comment-line-number-sign"
        },
        {
          "include": "#comment-line-double-slash"
        },
        {
          "include": "#comment-block"
        }
      ]
    },
    "invalid": {
      "name": "invalid.illegal.tf",
      "match": "\\S"
    }
  }
}
