{"creators":{"acidham":{"workflows":{"airpods-connector":{"name":"AirPods Connector","description":"Connect and disconnect your AirPods","bundleIDs":["com.alfred.acidham.airpod"],"version":"1.3.8","dependencies":{"formulae":["blueutil"]}},"chromium-bookmarks-and-history-search":{"name":"Chromium Bookmarks and History Search","description":"Search in Chromium Histories and Bookmarks","bundleIDs":["com.apple.alfred.workflow.chromium-hist"],"version":"4.1.2"},"default-app":{"name":"Default App","description":"Change default application for a filetype","bundleIDs":["com.apple.alfred.workflow.defaultapp"],"version":"1.4.2","dependencies":{"formulae":["duti"]}},"image-shrinker":{"name":"Image Shrinker","description":"Reduce file size and dimensions of images for sharing","bundleIDs":["acidham.alfredworkflow.imageshrinker"],"version":"1.4.2"},"markdown-notes":{"name":"Markdown Notes","description":"Manage Markdown Notes","bundleIDs":["com.apple.alfred.workflow.mdnotes"],"version":"3.3.3"},"microphone-control":{"name":"Microphone Control","description":"Mute and unmute the microphone","bundleIDs":["acidham.alfredworkflow.microphonecontrol"],"version":"1.2.0"},"rsync-folders":{"name":"RSync Folders","description":"Sync folder contents","bundleIDs":["com.apple.alfred.workflow.rsync-folders"],"version":"1.6.5"},"search-alfred-workflows":{"name":"Search Alfred Workflows","description":"Browse installed Alfred Workflows","bundleIDs":["com.apple.alfred.workflow.alfdir"],"version":"2.3.1"},"vscode-workspace-explorer":{"name":"VSCode Workspace Explorer","description":"Open Visual Studio Code Workspaces","bundleIDs":["com.alfred.acidham.vccode"],"version":"1.0.0","dependencies":{"apps":[{"name":"Visual Studio Code","url":"https:\/\/code.visualstudio.com","bundleIDs":["com.microsoft.VSCode"]}]}},"window-manager":{"name":"Window Manager","description":"Move\/Resize\/Arrange Windows","bundleIDs":["com.apple.alfred.workflow.window_manager"],"version":"1.3"}}},"adamkiss":{"workflows":{"utf-search":{"name":"UTF Search","description":"Search through the Unicode database","bundleIDs":["com.adamkiss.utf2"],"version":"2.1.0"}}},"adamsmith":{"workflows":{"moom":{"name":"Moom","description":"Switch between Moom layouts","bundleIDs":["com.paradigmdevelopment.moom"],"version":"1.0.2","dependencies":{"apps":[{"name":"Moom","url":"https:\/\/manytricks.com\/moom\/","bundleIDs":["com.manytricks.Moom"]}]}}}},"adrianbartnik":{"workflows":{"google-maps-navigation":{"name":"Google Maps Navigation","description":"Open directions in Google Maps","bundleIDs":["com.adrianbartnik.google-maps-navigation"],"version":"1.0.1"}}},"akrabat":{"workflows":{"compress":{"name":"Compress","description":"Zip files and folders","bundleIDs":["com.akrabat.alfred-compress"],"version":"0.7"},"date-tools":{"name":"Date Tools","description":"Check for day numbers and leap years","bundleIDs":["com.akrabat.alfred-date-tools"],"version":"0.9.3","dependencies":{"formulae":["coreutils"]}}}},"alanhe":{"workflows":{"2fa-read-code":{"name":"2FA Read Code","description":"Read two-factor authentication codes from Messages","bundleIDs":["cn.alanhe.read-code"],"version":"1.11","dependencies":{"minimumSystemVersion":"12","formulae":["node"]}},"about-mac":{"name":"About Mac","description":"Show \"About This Mac\" information","bundleIDs":["cn.alanhe.aboutmac"],"version":"1.14"},"appid":{"name":"AppID","description":"Show Bundle ID, Version, and Icon of installed apps","bundleIDs":["cn.alanhe.appid"],"version":"1.11","dependencies":{"formulae":["node"],"libraries":{"node":["@stacker\/alfred-utils"]}}},"open-chrome-profile":{"name":"Open Chrome Profile","description":"Switch to another Google Chrome profile","bundleIDs":["cn.alanhe.open-chrome-profiles"],"version":"0.8"},"qr-reader":{"name":"QR Reader","description":"Read Text from QR Codes","bundleIDs":["cn.alanhe.qr-reader"],"version":"0.3","dependencies":{"formulae":["imagemagick","zbar"]}}}},"alexanderwillner":{"workflows":{"deepl-translate":{"name":"DeepL Translate","description":"Translate sentences with DeepL","bundleIDs":["ws.willner.alex.alfred.deepl"],"version":"1.11"},"optimize-images":{"name":"Optimize Images","description":"Compress images without losing quality","bundleIDs":["ws.willner.alfred.imageoptim"],"version":"1.3","dependencies":{"apps":[{"name":"ImageOptim","url":"https:\/\/imageoptim.com\/mac","bundleIDs":["net.pornel.ImageOptim"]}]}}}},"alexchantastic":{"workflows":{"ip-address":{"name":"IP Address","description":"Get your local and external IP addresses","bundleIDs":["com.alexchantastic.ipaddress"],"version":"1.2.0"},"lorem-ipsum":{"name":"Lorem ipsum","description":"Generate dummy text","bundleIDs":["com.alexchantastic.loremipsum"],"version":"4.0.3"}}},"alexmartinfr":{"workflows":{"wordreference":{"name":"WordReference","description":"Lookup words on wordreference.com","bundleIDs":["com.alexmartinfr.alfred-wordreference"],"version":"1.0.0"}}},"alfredapp":{"workflows":{"1password":{"name":"1Password","description":"Search and open 1Password items","bundleIDs":["com.alfredapp.vitor.1password","com.alfredapp.1password"],"version":"2023.11","dependencies":{"apps":[{"name":"1Password","url":"https:\/\/1password.com","bundleIDs":["com.1password.1password"]}]}},"alfred-gallery":{"name":"Alfred Gallery","description":"Search Workflows on the Alfred Gallery","bundleIDs":["com.alfredapp.vitor.alfredgallery"],"version":"2023.3"},"alias-homebrew-apps":{"name":"Alias Homebrew Apps","description":"Create shortcuts to Homebrew formula app bundles","bundleIDs":["com.alfredapp.vitor.aliashomebrewapps","com.alfredapp.aliashomebrewapps"],"version":"2023.3"},"amazon-suggest":{"name":"Amazon Suggest","description":"Get in-line Amazon search suggestions","bundleIDs":["com.alfredapp.vitor.amazonsuggest","com.alfredapp.amazonsuggest"],"version":"2023.4"},"applescript-dictionaries":{"name":"AppleScript Dictionaries","description":"Find and open Mac automation dictionaries","bundleIDs":["com.alfredapp.vitor.applescriptdictionaries","com.vitorgalvao.alfred.applescriptdictionaries"],"version":"2023.4"},"backup-preferences":{"name":"Backup Preferences","description":"Create and restore Alfred Preferences backups","bundleIDs":["com.alfredapp.vitor.backuppreferences"],"version":"2023.2"},"deep-contacts-search":{"name":"Deep Contacts Search","description":"Search all fields in a Contacts card","bundleIDs":["com.alfredapp.andrew.deepcontactssearch","com.alfredapp.deepcontactssearch"],"version":"2023.2"},"dynamic-file-search":{"name":"Dynamic File Search","description":"Choose a folder, then search for files within it","bundleIDs":["com.alfredapp.vero.dynamicfilesearch"],"version":"2023.1"},"google-drive":{"name":"Google Drive","description":"List File Stream contents from Google Drive","bundleIDs":["com.alfredapp.vitor.googledrive","com.alfredapp.googledrive"],"version":"2023.8"},"google-suggest":{"name":"Google Suggest","description":"Get in-line Google search suggestions","bundleIDs":["com.alfredapp.vitor.googlesuggest","com.alfredapp.googlesuggest"],"version":"2023.1"},"heic-to-jpeg":{"name":"HEIC to JPEG","description":"Convert .heic images to .jpeg","bundleIDs":["com.alfredapp.vitor.heictojpeg"],"version":"2023.2"},"ignore-in-alfred":{"name":"Ignore in Alfred","description":"Exclude files and folders from Alfred\u2019s search results","bundleIDs":["com.alfredapp.vitor.ignoreinalfred","com.alfredapp.ignoreinalfred"],"version":"2023.4"},"launch-url-in-3-browsers":{"name":"Launch URL in 3 Browsers","description":"Launch a URL in 3 different browsers at once","bundleIDs":["com.alfredapp.vero.launch3browsers","com.alfredapp.launch3browsers"],"version":"2022.2"},"low-power-mode":{"name":"Low Power Mode","description":"Toggle Low Power Mode for Battery or Power Adapter","bundleIDs":["com.alfredapp.vitor.lowpowermode","com.alfredapp.lowpowermode"],"version":"2023.3","dependencies":{"minimumSystemVersion":"13"}},"magic-8-ball":{"name":"Magic 8 Ball","description":"Ask any question to the Magic 8 Ball","bundleIDs":["com.alfredapp.vero.magic8ball"],"version":"2022.1"},"network-quality":{"name":"Network Quality","description":"Test your internet connection","bundleIDs":["com.alfredapp.vitor.networkquality","com.alfredapp.networkquality"],"version":"2023.3","dependencies":{"minimumSystemVersion":"12"}},"paste-as-plain-text-from-hotkey":{"name":"Paste as Plain Text from Hotkey","description":"Paste your clipboard content as plain text from a hotkey","bundleIDs":["com.alfredapp.vero.pasteasplaintext"],"version":"2022.2"},"pause-tabs":{"name":"Pause Tabs","description":"Pause audio and video in web browser tabs","bundleIDs":["com.alfredapp.vitor.pausetabs","com.alfredapp.pausetabs"],"version":"2023.2"},"placeholder-images":{"name":"Placeholder Images","description":"Get placeholder images for design and code","bundleIDs":["com.alfredapp.vitor.placeholderimages"],"version":"2023.1"},"shortcuts":{"name":"Shortcuts","description":"Run installed macOS shortcuts","bundleIDs":["com.alfredapp.vitor.shortcuts","com.alfredapp.shortcuts"],"version":"2023.8"},"should-i-watch-this-movie":{"name":"Should I watch this movie?","description":"Open a trailer in YouTube, details in IMDB & ratings in Rotten Tomatoes","bundleIDs":["com.alfredapp.andrew.shouldiwatchthismovie","com.runningwithcrayons.andrew.shouldiwatchthismovie"],"version":"2022.2"},"simple-folder-search":{"name":"Simple Folder Search","description":"Search for folders within your home folder","bundleIDs":["com.alfredapp.andrew.examplefoldersearch"],"version":"2022.4"},"simple-to-do-list":{"name":"Simple To-Do List","description":"Add tasks to to-do lists and view them","bundleIDs":["com.alfredapp.vero.examplelistfilter"],"version":"2023.1"},"streaming-genres":{"name":"Streaming Genres","description":"Filter through thousands of Netflix genres","bundleIDs":["com.alfredapp.vitor.streaminggenres","com.alfredapp.streaminggenres"],"version":"2023.1"},"switch-appearance":{"name":"Switch Appearance","description":"Change between Light and Dark Mode","bundleIDs":["com.alfredapp.vitor.switchappearance"],"version":"2023.2"},"system-settings":{"name":"System Settings","description":"Open macOS System Settings Panes","bundleIDs":["com.alfredapp.vitor.systemsettings"],"version":"2023.2"},"tinypng":{"name":"TinyPNG","description":"Compress images via TinyPNG","bundleIDs":["com.alfredapp.vitor.tinypng","com.alfredapp.tinypng"],"version":"2023.3","dependencies":{"apiKeys":[{"name":"TinyPNG","url":"https:\/\/tinypng.com\/developers"}]}},"window-switcher":{"name":"Window Switcher","description":"Switch to a specific window of an app in the current Desktop Space","bundleIDs":["com.alfredapp.vitor.windowswitcher","com.alfredapp.windowswitcher"],"version":"2023.5"},"yak-saver":{"name":"Yak Saver","description":"Set a reminder to get focused for a set amount of time","bundleIDs":["com.alfredapp.vero.yakshaver"],"version":"2023.1"}}},"andreatitolo":{"workflows":{"control-keeping-you-awake":{"name":"Control Keeping You Awake","description":"Activate and disable the KeepingYouAwake app","bundleIDs":["com.andreatitolo.kya-alfred"],"version":"1.0.1","dependencies":{"apps":[{"name":"KeepingYouAwake","url":"https:\/\/keepingyouawake.app","bundleIDs":["info.marcel-dierkes.KeepingYouAwake"]}]}}}},"apptorium":{"workflows":{"sidenotes":{"name":"SideNotes","description":"Interact with SideNotes","bundleIDs":["com.apptorium.SideNotes.alfredWorkflow"],"version":"1.0","dependencies":{"apps":[{"name":"SideNotes","url":"https:\/\/www.apptorium.com\/sidenotes","bundleIDs":["com.apptorium.SideNotes-paddle","com.apptorium.SideNotes"]}]}}}},"artemy":{"workflows":{"ns-train-schedule":{"name":"NS Train Schedule","description":"Display train schedule between two stations","bundleIDs":["com.github.artemy.ns-alfred"],"version":"3.1","dependencies":{"apiKeys":[{"name":"NS Dutch Railways","url":"https:\/\/apiportal.ns.nl"}]}}}},"benjaminoddou":{"workflows":{"emoji-wine":{"name":"Emoji Wine","description":"Find and tag emoji to your liking","bundleIDs":["com.benjamino.emoji_wine"],"version":"1.2.5","dependencies":{"formulae":["python@3.11","pillow"]}},"file-explorer":{"name":"File Explorer","description":"Rename files through a spreadsheet","bundleIDs":["com.benjamino.file_explorer"],"version":"2.3.2","dependencies":{"libraries":{"python":["openpyxl"]}}},"folderify":{"name":"Folderify","description":"Generate macOS folder icons","bundleIDs":["com.benjamino.folderify"],"version":"1.4.1","dependencies":{"formulae":["folderify"]}},"plex":{"name":"Plex","description":"Browse and interact with Plex media servers","bundleIDs":["com.benjamino.plex"],"version":"2.0.1","dependencies":{"libraries":{"python":["plexapi"]}}},"smart-webp":{"name":"Smart WebP","description":"Convert images to the WebP format","bundleIDs":["com.benjamino.smart_webp_compression"],"version":"3.0.2","dependencies":{"formulae":["webp"]}}}},"benziahamed":{"workflows":{"menu-bar-search":{"name":"Menu Bar Search","description":"Search through menu items of the frontmost application","bundleIDs":["com.folded-paper.menu-bar-search"],"version":"2.0"}}},"biatidigital":{"workflows":{"calculate-anything":{"name":"Calculate Anything","description":"Convert measurements, currencies, time, and more using natural language","bundleIDs":["com.alfred.calculateanything"],"version":"4.0.2","dependencies":{"formulae":["php"]}}}},"bjornelvar":{"workflows":{"nba-scores":{"name":"NBA Scores","description":"List NBA games with stat leaders","bundleIDs":["com.nba_scores.bjornelvar"],"version":"0.9.32"}}},"boneskull":{"workflows":{"flush-dns":{"name":"Flush DNS","description":"Flush DNS Cache","bundleIDs":["com.boneskull.flush-dns"],"version":"0.1.0"}}},"cagechung":{"workflows":{"devtoys":{"name":"DevToys","description":"Encode, Decode, Generate, and Format Text","bundleIDs":["com.kaichu.devtoys"],"version":"1.7.3"}}},"caicailiushui":{"workflows":{"arc-tabs-and-spaces":{"name":"Arc Tabs and Spaces","description":"Search browser tabs and spaces in Arc","bundleIDs":["www.Arc_Tabs_Spaces.com","www.Arc_Tabs_and_Spaces.com"],"version":"1.0","dependencies":{"apps":[{"name":"Arc","url":"https:\/\/arc.net","bundleIDs":["company.thebrowser.Browser"]}]}}}},"caleb531":{"workflows":{"open-conference-url":{"name":"Open Conference URL","description":"Open the conference URL for upcoming calendar events","bundleIDs":["com.calebevans.openconferenceurl"],"version":"7.0.0"},"play-song":{"name":"Play Song","description":"Quickly play songs via the Music app","bundleIDs":["com.calebevans.playsong"],"version":"9.0.1"},"youversion-suggest":{"name":"YouVersion Suggest","description":"Search for and view Bible references on YouVersion","bundleIDs":["com.calebevans.youversionsuggest"],"version":"14.1.5"}}},"cdpath":{"workflows":{"eudic":{"name":"Eudic","description":"Define words with Eudic","bundleIDs":["blog.jingyi.eudic"],"version":"2.0","dependencies":{"apps":[{"name":"Eudic","url":"https:\/\/www.eudic.net\/","bundleIDs":["com.eusoft.eudic","com.eusoft.freeeudic"]}]}}}},"chrillek":{"workflows":{"caniuse":{"name":"Search Caniuse.com","description":"Find terms on caniuse.com","bundleIDs":["de.bru6"],"version":"1.0"}}},"chrisdotson":{"workflows":{"itunes-airplay-toggle":{"name":"iTunes AirPlay Toggle","description":"Toggle the state of your AirPlay devices","bundleIDs":["com.dotson.airplaytoggle"],"version":"1.7.0"}}},"chrisgrieser":{"workflows":{"atop":{"name":"atop","description":"System Monitoring and Process Management","bundleIDs":["de.chris-grieser.atop"],"version":"1.1.6"},"neovim-utilities":{"name":"Neovim Utilities","description":"Search neovim plugins and online :help","bundleIDs":["de.chris-grieser.neovim-utilities"],"version":"1.6.0"},"search-all-the-docs":{"name":"Search ALL the Docs!","description":"Search developer documentation sites","bundleIDs":["de.chris-grieser.doc-searches"],"version":"1.8.1"},"shimmering-obsidian":{"name":"Shimmering Obsidian","description":"Interact with Obsidian","bundleIDs":["de.chris-grieser.shimmering-obsidian"],"version":"4.2.0","dependencies":{"apps":[{"name":"Obsidian","url":"https:\/\/obsidian.md","bundleIDs":["md.obsidian"]}]}},"supercharged-citation-picker":{"name":"Supercharged Citation Picker","description":"BibTeX Citation Picker for Pandoc Citation Syntax","bundleIDs":["de.chris-grieser.alfred-bibtex-citation-picker"],"version":"11.8.1","dependencies":{"formulae":["pandoc","pdfgrep"]}}}},"chrislemke":{"workflows":{"chatfred":{"name":"ChatFred","description":"Access ChatGPT, DALL\u00b7E 2, and other OpenAI models","bundleIDs":["ai.lemke.chatfred"],"version":"1.5.3","dependencies":{"apiKeys":[{"name":"OpenAI","url":"https:\/\/openai.com\/api\/"}],"libraries":{"python":["openai","typing-extensions"]}}}}},"christianolsen":{"workflows":{"wireguard-control":{"name":"WireGuard Control","description":"Toggle WireGuard VPN connections","bundleIDs":["com.cjsolsen.wireguard-control"],"version":"1.1.2"}}},"colomolo":{"workflows":{"string-multitool":{"name":"String multitool","description":"Transform text to various formats","bundleIDs":["string.multitool"],"version":"1.0.11"},"timer":{"name":"Timer","description":"Set short timers and pomodoros","bundleIDs":["timer.workflow"],"version":"1.3.2"}}},"corecode":{"workflows":{"macupdater":{"name":"MacUpdater","description":"Keep all your software effortlessly up-to-date","bundleIDs":["com.corecode.MacUpdater.alfred"],"version":"2022.4","dependencies":{"apps":[{"name":"MacUpdater Pro or Business","url":"https:\/\/www.corecode.io\/macupdater\/","bundleIDs":["com.corecode.MacUpdater"]}]}}}},"dfay":{"workflows":{"case-converter":{"name":"Case Converter","description":"Convert text case to multiple formats","bundleIDs":["fm.fastmail.dfay.caseconverter3"],"version":"3.01a"}}},"dnnsmnstrr":{"workflows":{"btt":{"name":"BTT","description":"Run named triggers and actions from BetterTouchTool","bundleIDs":["com.dnnsmnstrr.btt"],"version":"1.1.0","dependencies":{"apps":[{"name":"BetterTouchTool","url":"https:\/\/folivora.ai","bundleIDs":["com.hegenberg.BetterTouchTool"]}]}}}},"epilande":{"workflows":{"browser-tabs":{"name":"Browser Tabs","description":"Search browser tabs from Safari and Chromium Browsers","bundleIDs":["com.epilande.browser-tabs"],"version":"1.0.5"}}},"fedecalendino":{"workflows":{"emoji-mate":{"name":"Emoji Mate","description":"Search for emoji","bundleIDs":["com.github.fedecalendino.alfred-emoji-mate"],"version":"2.0.2"},"password-generator":{"name":"Password Generator","description":"Generate secure passwords","bundleIDs":["com.github.fedecalendino.alfred-pwd-gen"],"version":"1.7.1"},"randomer":{"name":"Randomer","description":"Generate random values for different data types","bundleIDs":["com.github.fedecalendino.alfred-randomer"],"version":"1.5.1"},"world-clock":{"name":"World Clock","description":"Check current time in multiple timezones","bundleIDs":["com.github.fedecalendino.alfred-world-clock"],"version":"2.2.1","dependencies":{"libraries":{"python":["alfred-pyflow","pytz"]}}}}},"floatingpoint":{"workflows":{"icon-generator":{"name":"Icon Generator","description":"Generate icons from emoji and SF Symbols","bundleIDs":["neigh.alfred.icon_generator"],"version":"3.2.1","dependencies":{"formulae":["imagemagick","pillow"],"apps":[{"name":"SF Symbols","url":"https:\/\/developer.apple.com\/sf-symbols\/","bundleIDs":["com.apple.SFSymbols","com.apple.SFSymbols-beta"]}]}}}},"gingerbeardman":{"workflows":{"fsnotes":{"name":"FSNotes","description":"Search for and create notes with FSNotes","bundleIDs":["com.gingerbeardman.fsnotes"],"version":"2.5","dependencies":{"apps":[{"name":"FSNotes","url":"https:\/\/fsnot.es","bundleIDs":["co.fluder.FSNotes"]}]}}}},"giovanni":{"workflows":{"aadvarq":{"name":"Aadvarq","description":"Alfred ADVanced Query","bundleIDs":["giovanni-aadvarq"],"version":"0.0.6"},"almanac":{"name":"Almanac","description":"Weather and Almanac information","bundleIDs":["giovanni-almanac"],"version":"1.5"},"leasechecker":{"name":"LeaseChecker","description":"Check your lease mileage and possible overage","bundleIDs":["giovanni-leaseChecker"],"version":"1.0"},"phonetic-spelling":{"name":"Phonetic Spelling","description":"Spell out words using phonetic alphabets","bundleIDs":["giovanni.spelling"],"version":"1.1"},"quickcensus":{"name":"QuickCensus","description":"Query and make calculations on demographic data","bundleIDs":["giovanni-quickcensus"],"version":"0.1.2"}}},"gleitz":{"workflows":{"howdoi":{"name":"Howdoi","description":"Instant coding answers","bundleIDs":["com.gleitzman.howdoi"],"version":"0.0.2","dependencies":{"formulae":["howdoi"]}}}},"godbout":{"workflows":{"brook-vpn":{"name":"Brook VPN","description":"Connect to your Brook VPN","bundleIDs":["mo.com.sleeplessmind.AlfredBrook"],"version":"2.1.1","dependencies":{"apps":[{"name":"Brook","url":"https:\/\/apps.apple.com\/app\/brook-network-tool\/id1216002642","bundleIDs":["com.txthinking.brook"]}]}},"wooshy-window-to-the-foreground":{"name":"Wooshy: Window to the Foreground!","description":"Bring windows to the foreground","bundleIDs":["mo.com.sleeplessmind.WooshyWindowToTheForeground"],"version":"3.1.0"}}},"houdahsoftware":{"workflows":{"search-houdahspot":{"name":"Search HoudahSpot","description":"Open and search in HoudahSpot","bundleIDs":["com.houdah.HoudahSpot4.AlfredSearch"],"dependencies":{"apps":[{"name":"HoudahSpot","url":"https:\/\/www.houdah.com\/houdahspot\/","bundleIDs":["com.houdah.HoudahSpot4"]}]}}}},"jdevalk":{"workflows":{"html-element-finder":{"name":"HTML Element finder","description":"Find HTML elements by typing similar characters","bundleIDs":["blog.joost.html-element-finder"],"version":"1.0","dependencies":{"formulae":["php"]}}}},"jereze":{"workflows":{"hacker-news-search":{"name":"Hacker News Search","description":"Search Hacker News stories and comments","bundleIDs":["jereze.hackernewssearch"],"version":"1.0.2","dependencies":{"formulae":["jq"]}}}},"julienlehuen":{"workflows":{"epoch-converter":{"name":"Epoch Converter","description":"Make timestamps human-readable","bundleIDs":["snooze92.epoch.converter"],"version":"1.0.3"}}},"jygh":{"workflows":{"recent-files":{"name":"Recent Files","description":"List the most recently created or modified files","bundleIDs":["app.alfred.jygh.recentfiles","com.alfredapp.jy.recentfiles"],"version":"0.9.1","dependencies":{"formulae":["fd"]}}}},"kaleidoscope":{"workflows":{"kaleidoscope-integration":{"name":"Kaleidoscope Integration","description":"Compare clipboard and file contents with Kaleidoscope","bundleIDs":["app.kaleidoscope.alfred"],"dependencies":{"apps":[{"name":"Kaleidoscope","url":"https:\/\/www.kaleidoscope.app\/","bundleIDs":["app.kaleidoscope.v3"]}]}}}},"kapeli":{"workflows":{"dash":{"name":"Dash","description":"Search documentation in Dash","bundleIDs":["com.kapeli.dash.workflow"],"dependencies":{"apps":[{"name":"Dash","url":"https:\/\/kapeli.com\/dash\/","bundleIDs":["com.kapeli.dashdoc"]}]}}}},"kennonb":{"workflows":{"bing-wallpapers":{"name":"Bing Wallpapers","description":"Set Bing wallpapers as your desktop background","bundleIDs":["com.kennonb.alfred-workflow-bing-wallpapers"],"version":"1.0","dependencies":{"formulae":["php"],"libraries":{"php":["joetannenbaum\/alfred-workflow","guzzlehttp\/guzzle"]}}}}},"kostyafarber":{"workflows":{"notable":{"name":"Notable","description":"Open, create and search notes in Notable from Alfred","bundleIDs":["app.alfred.kostyafarber.notable","com.alfredapp.notable","come.alfredapp.notable"],"version":"1.0.1","dependencies":{"apps":[{"name":"Notable","url":"https:\/\/notable.app","bundleIDs":["com.fabiospampinato.notable"]}]}}}},"larkov":{"workflows":{"toggle-desktop-icons":{"name":"Toggle Desktop Icons","description":"Toggle visibility of Desktop icons","bundleIDs":["se.kovanen.tdi"],"version":"1.0.1"}}},"lcmanzara":{"workflows":{"open-arc-tab":{"name":"Open Arc Tab","description":"Find and open tabs or spaces in the Arc browser","bundleIDs":["com.manzara.openarctab"],"version":"1.0","dependencies":{"apps":[{"name":"Arc","url":"https:\/\/arc.net","bundleIDs":["company.thebrowser.Browser"]}]}}}},"logicxd":{"workflows":{"vscodediff":{"name":"VSCodeDiff","description":"Show the diff of the last 2 items in clipboard history using VSCode","bundleIDs":["com.aungmoe.alfred-vscodediff"],"version":"1.3.3","dependencies":{"apps":[{"name":"Visual Studio Code","url":"https:\/\/code.visualstudio.com","bundleIDs":["com.microsoft.VSCode"]}]}}}},"lolbat":{"workflows":{"read-uti-data":{"name":"Read UTI data","description":"Copy the UTI data for given file extensions","bundleIDs":["com.pixelgeek.UTI"],"version":"1.1","dependencies":{"formulae":["duti"]}}}},"magobaol":{"workflows":{"phil":{"name":"Phil","description":"Convert text to multiple case formats","bundleIDs":["it.francescoface.alfred.phil"],"version":"1.0.2","dependencies":{"formulae":["node"]}}}},"manewitz":{"workflows":{"hexpm":{"name":"hex.pm","description":"Search and open BEAM ecosystem packages on hex.pm","bundleIDs":["com.manewitz.hex"],"version":"1"},"rubygems":{"name":"RubyGems","description":"Search and open ruby gems on rubygems.org","bundleIDs":["com.manewitz.rubygems"],"version":"2"}}},"meshchaninov":{"workflows":{"translate":{"name":"Translate","description":"Translate Text between Two Languages","bundleIDs":["dev.nikitadev.translate"],"version":"0.2.0"}}},"mrodalgaard":{"workflows":{"network":{"name":"Network","description":"Show and change your network settings","bundleIDs":["dk.rodalgaard.alfred.network"],"version":"1.6"}}},"omnigroup":{"workflows":{"omnifocus-collection":{"name":"OmniFocus Collection","description":"A collection of Alfred actions for OmniFocus","bundleIDs":["com.omni-automation.of.alfred-collection"],"version":"1.0","dependencies":{"apps":[{"name":"OmniFocus","url":"https:\/\/www.omnigroup.com\/omnifocus\/","bundleIDs":["com.omnigroup.OmniFocus3","com.omnigroup.OmniFocus3.MacAppStore","com.omnigroup.OmniFocus4","com.omnigroup.OmniFocus4.MacAppStore"]}]}}}},"outlawandy":{"workflows":{"stitchclip":{"name":"StitchClip","description":"Paste multiple clipboard entries at once","bundleIDs":["com.outlawandy.stitchclip"],"version":"1.1.0"}}},"pglombardo":{"workflows":{"passwordpusher":{"name":"PasswordPusher","description":"Share passwords with pwpush.com","bundleIDs":["com.pglombardo.pwpush"],"version":"1.2"},"python-online-resources":{"name":"Python Online Resources","description":"Access Online Python Resources","bundleIDs":["com.pglombardo.pytools"],"version":"1.0"}}},"renfei":{"workflows":{"snippetslab":{"name":"SnippetsLab","description":"Search snippets in SnippetsLab","bundleIDs":["com.renfei.SnippetsLab.AlfredWorkflow"],"dependencies":{"apps":[{"name":"SnippetsLab","url":"https:\/\/www.renfei.org\/snippets-lab\/","bundleIDs":["com.renfei.SnippetsLab"]}]}}}},"rknightuk":{"workflows":{"findmoji":{"name":"Findmoji","description":"Find and paste emoji","bundleIDs":["com.rknightuk.findmoji"],"version":"1.0.1"},"get-safari-tabs":{"name":"Get Safari Tabs","description":"Copy all current Safari tabs to Markdown","bundleIDs":["com.rknightuk.safari-tabs-markdown"],"version":"1.2.2"},"gif-search":{"name":"Gif Search","description":"Search your personal GIF collection","bundleIDs":["com.rknightuk.gifsearch"],"version":"1.0.0"},"http-status-codes":{"name":"HTTP Status Codes","description":"Search for HTTP status codes","bundleIDs":["com.rknightuk.httpstatuscodes"],"version":"1.0.1"}}},"saiya":{"workflows":{"app-language-switcher":{"name":"App Language Switcher","description":"Open apps in non-default languages","bundleIDs":["com.evecalm.alfred.lang-switcher"],"version":"0.1.1"},"sourcetree":{"name":"SourceTree","description":"Simple SourceTree Bookmark Launcher","bundleIDs":["com.evecalm.alfred.sourcetree"],"version":"1.0.3","dependencies":{"apps":[{"name":"SourceTree","url":"https:\/\/www.sourcetreeapp.com\/","bundleIDs":["com.torusknot.SourceTreeNotMAS"]}]}}}},"samedwardes":{"workflows":{"toggle-stage-manager":{"name":"Toggle Stage Manager","description":"Turn macOS Stage Manager on and off","bundleIDs":["com.samedwardes.alfred.toggle-stage-manager"],"version":"1.1.1"}}},"samuelraub":{"workflows":{"pretty-json":{"name":"Pretty JSON","description":"Format JSON to be more readable","bundleIDs":["de.samuelraub.prettyjson"],"version":"1.0.0"}}},"sepulchra":{"workflows":{"mail-link":{"name":"Mail Link","description":"Create link to selected message in Apple Mail","bundleIDs":["com.sepulchra.alfred.maillink"],"version":"2023.2"},"oblique-strategies":{"name":"Oblique Strategies","description":"Over One Hundred Worthwhile Dilemmas","bundleIDs":["com.sepulchra.alfred.obliquestrategies"],"version":"2023.3"}}},"skydiver":{"workflows":{"nextjs-docs":{"name":"Next.js Docs","description":"Search Next.js documentation","bundleIDs":["dev.skydiver.alfred.nextjs-docs"],"version":"1.0.2"}}},"soulver":{"workflows":{"soulver":{"name":"Soulver","description":"Calculate using Soulver","bundleIDs":["app.soulver.alfredworkflow"],"dependencies":{"apps":[{"name":"Soulver","url":"https:\/\/soulver.app\/","bundleIDs":["app.soulver.mac"]}]}}}},"stephancasas":{"workflows":{"mouseless-messenger":{"name":"Mouseless Messenger","description":"Preview and reply to messages","bundleIDs":["com.stephancasas.AlfredMouselessMessenger"],"version":"2.0.3"}}},"stephenc":{"workflows":{"date-arithemetic":{"name":"Date Arithmetic","description":"Perform date calculations in days","bundleIDs":["app.alfred.stephenc.reldat"],"version":"1.11"},"double-space-to-single-space":{"name":"Double space to single space","description":"Collapse two spaces to a single space in text","bundleIDs":["app.alfred.stephenc.convertspaces"],"version":"1.2"},"find-and-replace-text":{"name":"Find and replace text","description":"Single find & replace in selected text","bundleIDs":["app.alfred.stephenc.findreplace"],"version":"2.3"},"get-summary-system-info":{"name":"Get Summary System Info","description":"See hardware and software system information","bundleIDs":["app.alfred.stephenc.siliconinfo"],"version":"2.1"},"get-weekday-of-date":{"name":"Get Weekday of Date","description":"Get the weekday of a given date","bundleIDs":["app.alfred.stephenc.getweekdayofdate"],"version":"2.14"},"list-all-app-store-apps":{"name":"List All App Store Apps","description":"List apps downloaded from the Mac App Store","bundleIDs":["app.alfred.stephenc.listappstoreapps"],"version":"1.2"},"list-file-metadata":{"name":"List File Metadata","description":"Lists metadata for selected file","bundleIDs":["app.alfred.stephenc.mdls"],"version":"2.11"},"move-to-new-folder":{"name":"Move to New Folder","description":"Move files to a newly created folder","bundleIDs":["app.alfred.stephenc.mv2createdfolder"],"version":"1.04"},"new-folder":{"name":"New Folder","description":"Make a new folder in the frontmost Finder window and move files to it","bundleIDs":["app.alfred.stephenc.newfolder"],"version":"1.31"},"open-macos-settings-panes":{"name":"Open macOS Settings Panes","description":"Filter for and open System Settings Panes","bundleIDs":["app.alfred.stephenc.venturaprefpanes","com.alfredapp.src.venturaprefpanes"],"version":"1.5"},"shrink-jpeg-png-files":{"name":"Shrink JPEG\/PNG files","description":"Reduce the dimensions of JPEG and PNG files","bundleIDs":["app.alfred.stephenc.shrinkfile"],"version":"2.13"},"word-count":{"name":"Word and Character Count","description":"Display number of words and characters in selected text","bundleIDs":["app.alfred.stephenc.wordcharcount","app.alfred.stephenc.wordcount","com.alfredapp.src.wordcount"],"version":"2.0"}}},"svenko99":{"workflows":{"sskj":{"name":"SSKJ","description":"Slovenian Dictionary and Thesaurus","bundleIDs":["me.svenko.alfred.sskj"],"version":"5.1.1","dependencies":{"libraries":{"python":["beautifulsoup4","requests"]}}}}},"sylumer":{"workflows":{"slink":{"name":"Slink","description":"Interact with the SearchLink System Service","bundleIDs":["com.thoughtasylum.slink"],"version":"1.2.0"}}},"tborychowski":{"workflows":{"text-actions":{"name":"Text Actions","description":"Transform text in various ways","bundleIDs":["com.dziad.text-actions"],"version":"1.4","dependencies":{"formulae":["php"]}}}},"thebitguru":{"workflows":{"simple-2fa-paste":{"name":"Simple 2FA Paste","description":"Find two-factor authentication codes in Messages","bundleIDs":["com.thebitguru.alfred-2fa"],"version":"0.8"}}},"themadsens":{"workflows":{"basecalc":{"name":"basecalc","description":"A programming calculator using Lua\u2019s math library","bundleIDs":["dk.themadsens.basecalc"],"version":"1.1.3","dependencies":{"formulae":["lua"]}}}},"tmcknight":{"workflows":{"movie-and-tv-show-search":{"name":"Movie and TV Show Search","description":"Search and get info on movies or TV shows","bundleIDs":["com.mcknight.movies"],"version":"2.16.1"}}},"tomy0000000":{"workflows":{"coinc":{"name":"Coinc","description":"Currency Conversion via Open Exchange Rates","bundleIDs":["tech.tomy.coinc"],"version":"3.1.1","dependencies":{"apiKeys":[{"name":"Open Exchange Rates","url":"https:\/\/openexchangerates.org\/account\/app-ids"}]}}}},"tophee":{"workflows":{"replace-semicolons-with-linebreaks":{"name":"Replace semicolons with linebreaks","description":"Replace semicolons and other separators with new lines","bundleIDs":["com.critical-x.com.replacesemicolon"],"version":"1.4"}}},"torreybetts":{"workflows":{"qr-code":{"name":"QR Code","description":"Generates QR codes","bundleIDs":["torreybetts.qrcode"],"version":"1.0.3"}}},"vdesabou":{"workflows":{"spotify-mini-player":{"name":"Spotify Mini Player","description":"Interact with your Spotify library","bundleIDs":["com.vdesabou.spotify.mini.player"],"version":"13.0","dependencies":{"formulae":["fzf","mpg123","php"],"apiKeys":[{"name":"Spotify","url":"https:\/\/developer.spotify.com\/dashboard\/applications"}],"apps":[{"name":"Spotify","url":"https:\/\/spotify.com\/","bundleIDs":["com.spotify.client"]}],"libraries":{"php":["jwilsson\/spotify-web-api-php","matriphe\/iso-639"]}}}}},"vitor":{"workflows":{"app-freeze":{"name":"App Freeze","description":"Pause and resume execution of the frontmost app","bundleIDs":["com.vitorgalvao.alfred.appfreeze"],"version":"2023.3"},"calm-notifications":{"name":"Calm Notifications","description":"Toggle Do Not Disturb Focus Mode","bundleIDs":["com.vitorgalvao.alfred.calmnotifications"],"version":"2023.5","dependencies":{"minimumSystemVersion":"13"}},"coffee-coffee":{"name":"Coffee Coffee","description":"Prevent your computer from going to sleep","bundleIDs":["com.vitorgalvao.alfred.coffeecoffee"],"version":"2023.4"},"critic-ratings":{"name":"Critic Ratings","description":"See Metacritic ratings for movies, tv, games, and music","bundleIDs":["com.vitorgalvao.alfred.criticratings","com.vitorgalvao.alfred.mediathorn"],"version":"2023.1"},"dente-azul":{"name":"Dente Azul","description":"Toggle bluetooth and paired device connectivity","bundleIDs":["com.vitorgalvao.alfred.denteazul"],"version":"2023.5","dependencies":{"formulae":["blueutil"]}},"download-media":{"name":"Download Media","description":"Download video and audio from web pages","bundleIDs":["com.vitorgalvao.alfred.downloadmedia","com.vitorgalvao.alfred.downmedia"],"version":"2023.3","dependencies":{"formulae":["ffmpeg","yt-dlp"]}},"hackerboard":{"name":"Hackerboard","description":"Links from the front page of Hacker News","bundleIDs":["com.vitorgalvao.alfred.hackerboard"],"version":"2023.5"},"label-colour-tag":{"name":"Label Colour Tag","description":"Edit file labels and tags","bundleIDs":["com.vitorgalvao.alfred.labelcolourtag","com.vitorgalvao.alfred.labelcolor"],"version":"2023.3"},"link-clean":{"name":"Link Clean","description":"Remove extraneous information from URLs","bundleIDs":["com.vitorgalvao.alfred.linkclean"],"version":"2023.1"},"media-coordinates":{"name":"Media Coordinates","description":"Open photo, video, and audio GPS coordinates in a map","bundleIDs":["com.vitorgalvao.alfred.mediacoordinates"],"version":"2023.1","dependencies":{"formulae":["exiftool"]}},"mtg-card-search":{"name":"MTG Card Search","description":"Search for Magic: The Gathering playing cards","bundleIDs":["com.vitorgalvao.alfred.mtgcardsearch","com.vitorgalvao.alfred.cardsearch"],"version":"2023.4"},"note-taker":{"name":"Note Taker","description":"Keep small bits of text","bundleIDs":["com.vitorgalvao.alfred.notetaker"],"version":"2023.2"},"paper-formats":{"name":"Paper Formats","description":"Reference International Paper Formats","bundleIDs":["com.vitorgalvao.alfred.paperformats","com.vitorgalvao.alfred.formatsize"],"version":"2023.2"},"pin-plus":{"name":"Pin Plus","description":"Interact with your Pinboard bookmarks","bundleIDs":["com.vitorgalvao.alfred.pinplus"],"version":"2023.6","dependencies":{"apiKeys":[{"name":"Pinboard","url":"https:\/\/pinboard.in\/settings\/password"}]}},"ping-pong":{"name":"Ping Pong","description":"Play a round of table tennis with Alfred","bundleIDs":["com.vitorgalvao.alfred.pingpong"],"version":"2023.2"},"remove-quarantine":{"name":"Remove Quarantine","description":"Delete the quarantine attribute from app bundles and files","bundleIDs":["com.vitorgalvao.alfred.removequarantine"],"version":"2023.2"},"rename-action":{"name":"Rename Action","description":"Rename files and folders","bundleIDs":["com.vitorgalvao.alfred.renameaction"],"version":"2023.3"},"right-click":{"name":"Right Click","description":"Trigger a right-click on Finder files, with the keyboard","bundleIDs":["com.vitorgalvao.alfred.rightclick"],"version":"2023.1"},"shrieking-chimes":{"name":"Shrieking Chimes","description":"Set Timers and Alarms","bundleIDs":["com.vitorgalvao.alfred.shriekingchimes"],"version":"2023.5","dependencies":{"minimumSystemVersion":"13"}},"shutdown-timer":{"name":"Shutdown Timer","description":"Turn off macOS on a timer","bundleIDs":["com.vitorgalvao.alfred.shutdowntimer"],"version":"2023.3"},"start-recording":{"name":"Start Recording","description":"Shortcuts to record your Mac\u2019s audio, screen, or webcam","bundleIDs":["com.vitorgalvao.alfred.startrecording"],"version":"2023.4"},"temporary-email":{"name":"Temporary Email","description":"Generate disposable email inboxes","bundleIDs":["com.vitorgalvao.alfred.temporaryemail"],"version":"2023.4"},"upload-file":{"name":"Upload File","description":"Upload files and folders for easy sharing","bundleIDs":["com.vitorgalvao.alfred.uploadfile"],"version":"2023.6"},"virtual-machines":{"name":"Virtual Machines","description":"Run and Manage Virtual Machines","bundleIDs":["com.vitorgalvao.alfred.virtualmachines"],"version":"2023.7"},"watch-list":{"name":"Watch List","description":"Play and manage local media and streams","bundleIDs":["com.vitorgalvao.alfred.watchlist"],"version":"2023.3","dependencies":{"formulae":["media-info","yt-dlp"]}},"words-with":{"name":"Words With","description":"Find words that contain a particular pattern","bundleIDs":["com.vitorgalvao.alfred.wordswith"],"version":"2023.1"}}},"willfarrell":{"workflows":{"package-managers":{"name":"Package Managers","description":"Quick lookup for your favourite package managers","bundleIDs":["com.farrell.pkgman.alfredworkflow"],"version":"6.0.3","dependencies":{"formulae":["php"]}}}},"xilopaint":{"workflows":{"about-this-mac":{"name":"About This Mac","description":"Show \"About This Mac\" information","bundleIDs":["com.xilopaint.alfredapp.about-this-mac"],"version":"1.5"},"things":{"name":"Things","description":"Interact with Things","bundleIDs":["com.xilopaint.alfredapp.things"],"version":"2.0.1","dependencies":{"apps":[{"name":"Things","url":"https:\/\/culturedcode.com\/things\/","bundleIDs":["com.culturedcode.ThingsMac"]}]}},"urban-dictionary":{"name":"Urban Dictionary","description":"Search Urban Dictionary","bundleIDs":["com.xilopaint.alfredapp.urbandictionary"],"version":"2.7.0"}}},"yinanc":{"workflows":{"github-star":{"name":"GitHub Star","description":"Search starred repositories on Github","bundleIDs":["com.yinanchen.alfred-github-star"],"version":"1.1","dependencies":{"libraries":{"python":["requests"]}}}}},"yohasebe":{"workflows":{"fzf":{"name":"FZF","description":"Fuzzy find files and folders","bundleIDs":["com.yohasebe.fzf-alfred-workflow"],"version":"1.5.2","dependencies":{"formulae":["fd","fzf"]}}}},"zarifpour":{"workflows":{"you-suggest":{"name":"You.com Suggest","description":"Get in-line You.com search suggestions","bundleIDs":["zarifpour.yousuggest"],"version":"1.0.0"}}},"zbrl":{"workflows":{"template-file":{"name":"Template File","description":"Create new files from templates","bundleIDs":["zbrl.templatefile"],"version":"1.1.2"}}},"zeitlings":{"workflows":{"set-default-browser":{"name":"Set Default Browser","description":"Change the default web browser","bundleIDs":["com.zeitlings.setbrowser"],"version":"1.3.0"}}},"zqzten":{"workflows":{"web-search-suggest":{"name":"Web Search Suggest","description":"Get in-line web search suggestions","bundleIDs":["com.akikoz.alfred.websearchsuggest"],"version":"1.20","dependencies":{"formulae":["php"]}}}}}}