{"python.EnableREPLSmartSend.description":"Tøgglë §mært §ëñð før thë Pÿthøñ RËP£. §mært §ëñð ëñæþlës sëñðïñg thë smællëst rµññæþlë þløçk øf çøðë tø thë RËP£ øñ §hïft+Ëñtër æñð møvës thë çµrsør æççørðïñglÿ.","python.activeStateToolPath.description":"Pæth tø thë §tætë Tøøl ëxëçµtæþlë før Æçtïvë§tætë rµñtïmës (vërsïøñ 0.36+).","python.autoComplete.extraPaths.description":"£ïst øf pæths tø lïþrærïës æñð thë lïkë thæt ñëëð tø þë ïmpørtëð þÿ æµtø çømplëtë ëñgïñë. Ë.g. whëñ µsïñg Gøøglë Æpp §ÐK, thë pæths ærë ñøt ïñ sÿstëm pæth, hëñçë ñëëð tø þë æððëð ïñtø thïs lïst.","python.command.python.analysis.restartLanguageServer.title":"Rëstært £æñgµægë §ërvër","python.command.python.clearCacheAndReload.title":"Çlëær Çæçhë æñð Rëløæð Wïñðøw","python.command.python.clearWorkspaceInterpreter.title":"Çlëær Wørkspæçë Ïñtërprëtër §ëttïñg","python.command.python.configureTests.title":"Çøñfïgµrë Tësts","python.command.python.createEnvironment.title":"Çrëætë Ëñvïrøñmëñt...","python.command.python.createNewFile.title":"Ñëw Pÿthøñ Fïlë","python.command.python.createTerminal.title":"Çrëætë Tërmïñæl","python.command.python.debugInTerminal.title":"Ðëþµg Pÿthøñ Fïlë","python.command.python.enableSourceMapSupport.title":"Ëñæþlë §øµrçë Mæp §µppørt Før Ëxtëñsïøñ Ðëþµggïñg","python.command.python.execInDedicatedTerminal.title":"Rµñ Pÿthøñ Fïlë ïñ Ðëðïçætëð Tërmïñæl","python.command.python.execInTerminal.title":"Rµñ Pÿthøñ Fïlë ïñ Tërmïñæl","python.command.python.execInTerminalIcon.title":"Rµñ Pÿthøñ Fïlë","python.command.python.execSelectionInDjangoShell.title":"Rµñ §ëlëçtïøñ/£ïñë ïñ Ðjæñgø §hëll","python.command.python.execSelectionInTerminal.title":"Rµñ §ëlëçtïøñ/£ïñë ïñ Pÿthøñ Tërmïñæl","python.command.python.installJupyter.title":"Ïñstæll thë Jµpÿtër ëxtëñsïøñ","python.command.python.launchTensorBoard.title":"£æµñçh Tëñsørßøærð","python.command.python.refreshTensorBoard.title":"Rëfrësh Tëñsørßøærð","python.command.python.reportIssue.title":"Rëpørt Ïssµë...","python.command.python.setInterpreter.title":"§ëlëçt Ïñtërprëtër","python.command.python.startREPL.title":"§tært RËP£","python.command.python.viewLanguageServerOutput.title":"§høw £æñgµægë §ërvër Øµtpµt","python.command.python.viewOutput.title":"§høw Øµtpµt","python.command.testing.rerunFailedTests.title":"Rërµñ Fæïlëð Tësts","python.condaPath.description":"Pæth tø thë çøñðæ ëxëçµtæþlë tø µsë før æçtïvætïøñ (vërsïøñ 4.4+).","python.createEnvironment.contentButton.description":"§høw ør hïðë Çrëætë Ëñvïrøñmëñt þµttøñ ïñ thë ëðïtør før `rëqµïrëmëñts.txt` ør øthër ðëpëñðëñçÿ fïlës.","python.createEnvironment.trigger.description":"Ðëtëçt ïf ëñvïrøñmëñt çrëætïøñ ïs rëqµïrëð før thë çµrrëñt prøjëçt","python.defaultInterpreterPath.description":"Pæth tø ðëfæµlt Pÿthøñ tø µsë whëñ ëxtëñsïøñ løæðs µp før thë fïrst tïmë, ñø løñgër µsëð øñçë æñ ïñtërprëtër ïs sëlëçtëð før thë wørkspæçë. §ëë [hërë](https://ækæ.ms/ÆÆfëkmf) tø µñðërstæñð whëñ thïs ïs µsëð","python.diagnostics.sourceMapsEnabled.description":"Ëñæþlë søµrçë mæp sµppørt før mëæñïñgfµl stæçk træçës ïñ ërrør løgs.","python.editor.context.submenu.runPython":"Rµñ Pÿthøñ","python.editor.context.submenu.runPythonInteractive":"Rµñ ïñ Ïñtëræçtïvë wïñðøw","python.envFile.description":"Æþsølµtë pæth tø æ fïlë çøñtæïñïñg ëñvïrøñmëñt værïæþlë ðëfïñïtïøñs.","python.experiments.All.description":"Çømþïñëð lïst øf æll ëxpërïmëñts.","python.experiments.enabled.description":"Ëñæþlës Æ/ß tësts ëxpërïmëñts ïñ thë Pÿthøñ ëxtëñsïøñ. Ïf ëñæþlëð, ÿøµ mæÿ gët ïñçlµðëð ïñ prøpøsëð ëñhæñçëmëñts æñð/ør fëætµrës.","python.experiments.optInto.description":"£ïst øf ëxpërïmëñt tø øpt ïñtø. Ïf ëmptÿ, µsër ïs æssïgñëð thë ðëfæµlt ëxpërïmëñt grøµps. §ëë [hërë](https://gïthµþ.çøm/mïçrøsøft/vsçøðë-pÿthøñ/wïkï/Æß-Ëxpërïmëñts) før mørë ðëtæïls.","python.experiments.optOutFrom.description":"£ïst øf ëxpërïmëñt tø øpt øµt øf. Ïf ëmptÿ, µsër ïs æssïgñëð thë ðëfæµlt ëxpërïmëñt grøµps. §ëë [hërë](https://gïthµþ.çøm/mïçrøsøft/vsçøðë-pÿthøñ/wïkï/Æß-Ëxpërïmëñts) før mørë ðëtæïls.","python.experiments.pythonDiscoveryUsingWorkers.description":"Ëñæþlës µsë øf wørkër thrëæðs tø ðø hëævÿ çømpµtætïøñ whëñ ðïsçøvërïñg ïñtërprëtërs.","python.experiments.pythonPromptNewToolsExt.description":"Ðëñøtës thë Pÿthøñ Prømpt Ñëw Tøøls Ëxtëñsïøñ ëxpërïmëñt.","python.experiments.pythonREPLSmartSend.description":"Ðëñøtës thë Pÿthøñ RËP£ §mært §ëñð ëxpërïmëñt.","python.experiments.pythonRecommendTensorboardExt.description":"Ðëñøtës thë Tëñsørþøærð Ëxtëñsïøñ rëçømmëñðætïøñ ëxpërïmëñt.","python.experiments.pythonSurveyNotification.description":"Ðëñøtës thë Pÿthøñ §µrvëÿ Ñøtïfïçætïøñ ëxpërïmëñt.","python.experiments.pythonTerminalEnvVarActivation.description":"Ëñæþlës µsë øf ëñvïrøñmëñt værïæþlës tø æçtïvætë tërmïñæls ïñstëæð øf sëñðïñg æçtïvætïøñ çømmæñðs.","python.experiments.pythonTestAdapter.description":"Ðëñøtës thë Pÿthøñ Tëst Æðæptër ëxpërïmëñt.","python.globalModuleInstallation.description":"Whëthër tø ïñstæll Pÿthøñ møðµlës gløþællÿ whëñ ñøt µsïñg æñ ëñvïrøñmëñt.","python.interpreter.infoVisibility.always.description":"Ælwæÿs ðïsplæÿ ïñførmætïøñ.","python.interpreter.infoVisibility.description":"Çøñtrøls whëñ tø ðïsplæÿ ïñførmætïøñ øf sëlëçtëð ïñtërprëtër ïñ thë stætµs þær.","python.interpreter.infoVisibility.never.description":"Ñëvër ðïsplæÿ ïñførmætïøñ.","python.interpreter.infoVisibility.onPythonRelated.description":"Øñlÿ ðïsplæÿ ïñførmætïøñ ïf Pÿthøñ-rëlætëð fïlës ærë øpëñëð.","python.languageServer.defaultDescription":"Æµtømætïçællÿ sëlëçt æ læñgµægë sërvër: Pÿlæñçë ïf ïñstællëð æñð ævæïlæþlë, øthërwïsë fællþæçk tø Jëðï.","python.languageServer.description":"Ðëfïñës tÿpë øf thë læñgµægë sërvër.","python.languageServer.jediDescription":"Üsë Jëðï þëhïñð thë £æñgµægë §ërvër Prøtøçøl (£§P) æs æ læñgµægë sërvër.","python.languageServer.noneDescription":"Ðïsæþlë læñgµægë sërvër çæpæþïlïtïës.","python.languageServer.pylanceDescription":"Üsë Pÿlæñçë æs æ læñgµægë sërvër.","python.logging.level.deprecation":"Thïs sëttïñg ïs ðëprëçætëð. Plëæsë µsë çømmæñð `Ðëvëløpër: §ët £øg £ëvël...` tø sët løggïñg lëvël.","python.logging.level.description":"Thë løggïñg lëvël thë ëxtëñsïøñ løgs æt, ðëfæµlts tø 'ërrør'","python.menu.createNewFile.title":"Pÿthøñ Fïlë","python.missingPackage.severity.description":"§ët sëvërïtÿ øf mïssïñg pæçkægës ïñ rëqµïrëmëñts.txt ør pÿprøjëçt.tøml","python.pipenvPath.description":"Pæth tø thë pïpëñv ëxëçµtæþlë tø µsë før æçtïvætïøñ.","python.poetryPath.description":"Pæth tø thë pøëtrÿ ëxëçµtæþlë.","python.tensorBoard.logDirectory.deprecationMessage":"Tëñsørþøærð sµppørt hæs þëëñ møvëð tø thë ëxtëñsïøñ Tëñsørþøærð ëxtëñsïøñ. Ïñstëæð µsë thë sëttïñg `tëñsørßøærð.løgÐïrëçtørÿ`.","python.tensorBoard.logDirectory.description":"§ët thïs sëttïñg tø ÿøµr prëfërrëð Tëñsørßøærð løg ðïrëçtørÿ tø skïp løg ðïrëçtørÿ prømpt whëñ stærtïñg Tëñsørßøærð.","python.tensorBoard.logDirectory.markdownDeprecationMessage":"Tëñsørþøærð sµppørt hæs þëëñ møvëð tø thë ëxtëñsïøñ [Tëñsørþøærð ëxtëñsïøñ](https://mærkëtplæçë.vïsµælstµðïø.çøm/ïtëms?ïtëmÑæmë=ms-tøølsæï.tëñsørþøærð). Ïñstëæð µsë thë sëttïñg `tëñsørßøærð.løgÐïrëçtørÿ`.","python.terminal.activateEnvInCurrentTerminal.description":"Æçtïvætë Pÿthøñ Ëñvïrøñmëñt ïñ thë çµrrëñt Tërmïñæl øñ løæð øf thë Ëxtëñsïøñ.","python.terminal.activateEnvironment.description":"Æçtïvætë Pÿthøñ Ëñvïrøñmëñt ïñ æll Tërmïñæls çrëætëð.","python.terminal.executeInFileDir.description":"Whëñ ëxëçµtïñg æ fïlë ïñ thë tërmïñæl, whëthër tø µsë ëxëçµtë ïñ thë fïlë's ðïrëçtørÿ, ïñstëæð øf thë çµrrëñt øpëñ følðër.","python.terminal.focusAfterLaunch.description":"Whëñ læµñçhïñg æ pÿthøñ tërmïñæl, whëthër tø føçµs thë çµrsør øñ thë tërmïñæl.","python.terminal.launchArgs.description":"Pÿthøñ læµñçh ærgµmëñts tø µsë whëñ ëxëçµtïñg æ fïlë ïñ thë tërmïñæl.","python.testing.autoTestDiscoverOnSaveEnabled.description":"Ëñæþlë æµtø rµñ tëst ðïsçøvërÿ whëñ sævïñg æ tëst fïlë.","python.testing.cwd.description":"Øptïøñæl wørkïñg ðïrëçtørÿ før tësts.","python.testing.debugPort.description":"Pørt ñµmþër µsëð før ðëþµggïñg øf tësts.","python.testing.promptToConfigure.description":"Prømpt tø çøñfïgµrë æ tëst fræmëwørk ïf pøtëñtïæl tësts ðïrëçtørïës ærë ðïsçøvërëð.","python.testing.pytestArgs.description":"Ærgµmëñts pæssëð ïñ. Ëæçh ærgµmëñt ïs æ sëpærætë ïtëm ïñ thë ærræÿ.","python.testing.pytestEnabled.description":"Ëñæþlë tëstïñg µsïñg pÿtëst.","python.testing.pytestPath.description":"Pæth tø pÿtëst (pÿtëst), ÿøµ çæñ µsë æ çµstøm vërsïøñ øf pÿtëst þÿ møðïfÿïñg thïs sëttïñg tø ïñçlµðë thë fµll pæth.","python.testing.unittestArgs.description":"Ærgµmëñts pæssëð ïñ. Ëæçh ærgµmëñt ïs æ sëpærætë ïtëm ïñ thë ærræÿ.","python.testing.unittestEnabled.description":"Ëñæþlë tëstïñg µsïñg µñïttëst.","python.venvFolders.description":"Følðërs ïñ ÿøµr hømë ðïrëçtørÿ tø løøk ïñtø før vïrtµæl ëñvïrøñmëñts (sµppørts pÿëñv, ðïrëñv æñð vïrtµælëñvwræppër þÿ ðëfæµlt).","python.venvPath.description":"Pæth tø følðër wïth æ lïst øf Vïrtµæl Ëñvïrøñmëñts (ë.g. ~/.pÿëñv, ~/Ëñvs, ~/.vïrtµælëñvs).","walkthrough.pythonDataScienceWelcome.description":"Ýøµr fïrst stëps tø gëttïñg stærtëð wïth æ Ðætæ §çïëñçë prøjëçt wïth Pÿthøñ!","walkthrough.pythonDataScienceWelcome.title":"Gët §tærtëð wïth Pÿthøñ før Ðætæ §çïëñçë","walkthrough.pythonWelcome.description":"Ýøµr fïrst stëps tø sët µp æ Pÿthøñ prøjëçt wïth æll thë pøwërfµl tøøls æñð fëætµrës thæt thë Pÿthøñ ëxtëñsïøñ hæs tø øffër!","walkthrough.pythonWelcome.title":"Gët §tærtëð wïth Pÿthøñ Ðëvëløpmëñt","walkthrough.step.python.createEnvironment.altText":"Çrëætïñg æ Pÿthøñ ëñvïrøñmëñt frøm thë Çømmæñð Pælëttë","walkthrough.step.python.createEnvironment.description":"Çrëætë æñ ëñvïrøñmëñt før ÿøµr Pÿthøñ prøjëçt.\r\n[Çrëætë Ëñvïrøñmëñt](command:python.createEnvironment)\r\n**Tïp**: Rµñ thë ``Pÿthøñ: Çrëætë Ëñvïrøñmëñt`` çømmæñð ïñ thë [Çømmæñð Pælëttë](command:workbench.action.showCommands).\r\n 🔍 Çhëçk øµt øµr [ðøçs](https://ækæ.ms/pÿthøñëñvs) tø lëærñ mørë.","walkthrough.step.python.createEnvironment.description2":"Çrëætë æñ ëñvïrøñmëñt før ÿøµr Pÿthøñ prøjëçt ør µsë [§ëlëçt Pÿthøñ Ïñtërprëtër](çømmæñð:pÿthøñ.sëtÏñtërprëtër) tø sëlëçt æñ ëxïstïñg øñë.\r\n[Çrëætë Ëñvïrøñmëñt](çømmæñð:pÿthøñ.çrëætëËñvïrøñmëñt)\r\n**Tïp**: Rµñ thë ``Pÿthøñ: Çrëætë Ëñvïrøñmëñt`` çømmæñð ïñ thë [Çømmæñð Pælëttë](çømmæñð:wørkþëñçh.æçtïøñ.shøwÇømmæñðs).","walkthrough.step.python.createEnvironment.title":"Çrëætë æ Pÿthøñ Ëñvïrøñmëñt ","walkthrough.step.python.createEnvironment.title2":"Çrëætë ør sëlëçt æ Pÿthøñ Ëñvïrøñmëñt ","walkthrough.step.python.createNewNotebook.altText":"Çrëætïñg æ ñëw Jµpÿtër ñøtëþøøk","walkthrough.step.python.createNewNotebook.description":"Rïght çlïçk ïñ thë fïlë ëxplørër æñð çrëætë æ ñëw fïlë wïth æñ .ïpÿñþ ëxtëñsïøñ. Ør, øpëñ thë [Çømmæñð Pælëttë](çømmæñð:wørkþëñçh.æçtïøñ.shøwÇømmæñðs) æñð rµñ thë çømmæñð \r\n``Jµpÿtër: Çrëætë Ñëw ßlæñk Ñøtëþøøk``.\r\n[Çrëætë ñëw Jµpÿtër Ñøtëþøøk](çømmæñð:tø§ïðë:jµpÿtër.çrëætëñëwñøtëþøøk)\r\n Ïf ÿøµ hævë æñ ëxïstïñg prøjëçt, ÿøµ çæñ ælsø [øpëñ æ følðër](çømmæñð:wørkþëñçh.æçtïøñ.fïlës.øpëñFølðër) æñð/ør çløñë æ prøjëçt frøm GïtHµþ: [çløñë æ Gït rëpøsïtørÿ](çømmæñð:gït.çløñë).","walkthrough.step.python.createNewNotebook.title":"Çrëætë ør øpëñ æ Jµpÿtër Ñøtëþøøk","walkthrough.step.python.createPythonFile.altText":"Øpëñ æ Pÿthøñ fïlë ør æ følðër wïth æ Pÿthøñ prøjëçt.","walkthrough.step.python.createPythonFile.description":"[Øpëñ](çømmæñð:tø§ïðë:wørkþëñçh.æçtïøñ.fïlës.øpëñFïlë) ør [çrëætë](command:toSide:workbench.action.files.newUntitledFile?%7B%22languageId%22%3A%22python%22%7D) æ Pÿthøñ fïlë - mækë sµrë tø sævë ït æs \".pÿ\".\r\n[Çrëætë Pÿthøñ Fïlë](command:toSide:workbench.action.files.newUntitledFile?%7B%22languageId%22%3A%22python%22%7D)","walkthrough.step.python.createPythonFile.title":"Çrëætë æ Pÿthøñ fïlë","walkthrough.step.python.createPythonFolder.description":"[Øpëñ](command:workbench.action.files.openFolder) ør çrëætë æ prøjëçt følðër.\r\n[Øpëñ Prøjëçt Følðër](command:workbench.action.files.openFolder)","walkthrough.step.python.createPythonFolder.title":"Øpëñ æ Pÿthøñ prøjëçt følðër","walkthrough.step.python.dataScienceLearnMore.altText":"Ïmægë rëprësëñtïñg øµr ðøçµmëñtætïøñ pægë æñð mæïlïñg lïst rësøµrçës.","walkthrough.step.python.dataScienceLearnMore.description":"📒 Tækë æ løøk ïñtø thë [Jµpÿtër ëxtëñsïøñ](çømmæñð:wørkþëñçh.ëxtëñsïøñs.sëærçh?\"ms-tøølsæï.jµpÿtër\") fëætµrës, þÿ løøkïñg før \"Jµpÿtër\" ïñ thë [Çømmæñð Pælëttë](çømmæñð:wørkþëñçh.æçtïøñ.shøwÇømmæñðs). \r\n 🏃🏻 Fïñð øµt mørë fëætµrës ïñ øµr [Tµtørïæls](https://ækæ.ms/ÆÆðjzpð).  \r\n[£ëærñ mørë](https://ækæ.ms/ÆÆðær6q)","walkthrough.step.python.dataScienceLearnMore.title":"Fïñð øµt mørë!","walkthrough.step.python.installJupyterExt.altText":"Çrëætïñg æ ñëw Jµpÿtër ñøtëþøøk","walkthrough.step.python.installJupyterExt.description":"Ïf ÿøµ hævëñ't ælrëæðÿ, ïñstæll thë [Jµpÿtër ëxtëñsïøñ](çømmæñð:wørkþëñçh.ëxtëñsïøñs.sëærçh?\"ms-tøølsæï.jµpÿtër\") tø tækë fµll æðvæñtægë øf ñøtëþøøks ëxpërïëñçës ïñ V§ Çøðë!\r\n \r\n[§ëærçh Jµpÿtër ëxtëñsïøñ](çømmæñð:wørkþëñçh.ëxtëñsïøñs.sëærçh?\"ms-tøølsæï.jµpÿtër\")","walkthrough.step.python.installJupyterExt.title":"Ïñstæll Jµpÿtër ëxtëñsïøñ","walkthrough.step.python.installPythonLinux.description":"Thë Pÿthøñ Ëxtëñsïøñ rëqµïrës Pÿthøñ tø þë ïñstællëð. Ïñstæll Pÿthøñ 3 thrøµgh thë tërmïñæl.\r\n[Ïñstæll Pÿthøñ vïæ tërmïñæl](command:python.installPythonOnLinux)\r\n","walkthrough.step.python.installPythonLinux.title":"Ïñstæll Pÿthøñ","walkthrough.step.python.installPythonMac.description":"Thë Pÿthøñ Ëxtëñsïøñ rëqµïrës Pÿthøñ tø þë ïñstællëð. Ïñstæll Pÿthøñ 3 thrøµgh thë tërmïñæl.\r\n[Ïñstæll Pÿthøñ vïæ ßrëw](command:python.installPythonOnMac)\r\n","walkthrough.step.python.installPythonMac.title":"Ïñstæll Pÿthøñ","walkthrough.step.python.installPythonWin8.description":"Thë Pÿthøñ Ëxtëñsïøñ rëqµïrës Pÿthøñ tø þë ïñstællëð. Ïñstæll Pÿthøñ [frøm pÿthøñ.ørg](https://www.pÿthøñ.ørg/ðøwñløæðs).\r\n\r\n[Ïñstæll Pÿthøñ](https://www.pÿthøñ.ørg/ðøwñløæðs)\r\n","walkthrough.step.python.installPythonWin8.title":"Ïñstæll Pÿthøñ","walkthrough.step.python.learnMoreWithDS.altText":"Ïmægë rëprësëñtïñg øµr ðøçµmëñtætïøñ pægë æñð mæïlïñg lïst rësøµrçës.","walkthrough.step.python.learnMoreWithDS.description":"🎨 Ëxplørë æll thë fëætµrës thë Pÿthøñ ëxtëñsïøñ hæs tø øffër þÿ løøkïñg før \"Pÿthøñ\" ïñ thë [Çømmæñð Pælëttë](command:workbench.action.showCommands). \r\n 📈 £ëærñ mørë æþøµt gëttïñg stærtëð wïth [ðætæ sçïëñçë](command:workbench.action.openWalkthrough?%7B%22category%22%3A%22ms-python.python%23pythonDataScienceWelcome%22%2C%22step%22%3A%22ms-python.python%23python.createNewNotebook%22%7D) ïñ Pÿthøñ. \r\n ✨ Tækë æ løøk æt øµr [Rëlëæsë Ñøtës](https://ækæ.ms/ÆÆ8ðxtþ) tø lëærñ mørë æþøµt thë lætëst fëætµrës. \r\n \r\n[£ëærñ Mørë](https://ækæ.ms/ÆÆ8ðqtï)","walkthrough.step.python.learnMoreWithDS.description2":"🎨 Ëxplørë æll thë fëætµrës thë Pÿthøñ ëxtëñsïøñ hæs tø øffër þÿ løøkïñg før \"Pÿthøñ\" ïñ thë [Çømmæñð Pælëttë](çømmæñð:wørkþëñçh.æçtïøñ.shøwÇømmæñðs). \r\n 📈 £ëærñ mørë æþøµt gëttïñg stærtëð wïth [ðætæ sçïëñçë](çømmæñð:wørkþëñçh.æçtïøñ.øpëñWælkthrøµgh?%7ß%22çætëgørÿ%22%3Æ%22ms-pÿthøñ.pÿthøñ%23pÿthøñÐætæ§çïëñçëWëlçømë%22%2Ç%22stëp%22%3Æ%22ms-pÿthøñ.pÿthøñ%23pÿthøñ.çrëætëÑëwÑøtëþøøk%22%7Ð) ïñ Pÿthøñ. \r\n ✨ Tækë æ løøk æt øµr [Rëlëæsë Ñøtës](https://ækæ.ms/ÆÆ8ðxtþ) tø lëærñ mørë æþøµt thë lætëst fëætµrës. \r\n \r\n[Følløw æløñg wïth thë Pÿthøñ Tµtørïæl](https://ækæ.ms/ÆÆ8ðqtï)","walkthrough.step.python.learnMoreWithDS.title":"Ëxplørë mørë rësøµrçës","walkthrough.step.python.openInteractiveWindow.altText":"Øpëñïñg Pÿthøñ ïñtëræçtïvë wïñðøw","walkthrough.step.python.openInteractiveWindow.description":"Thë Pÿthøñ Ïñtëræçtïvë Wïñðøw ïs æ Pÿthøñ shëll whërë ÿøµ çæñ ëxëçµtë æñð vïëw thë rësµlts øf ÿøµr Pÿthøñ çøðë. Ýøµ çæñ çrëætë çëlls øñ æ Pÿthøñ fïlë þÿ tÿpïñg ``#%%``.\r\n \r\nTø øpëñ thë ïñtëræçtïvë wïñðøw æñÿtïmë, øpëñ thë [Çømmæñð Pælëttë](çømmæñð:wørkþëñçh.æçtïøñ.shøwÇømmæñðs) æñð rµñ thë çømmæñð \r\n``Jµpÿtër: Çrëætë Ïñtëræçtïvë Wïñðøw``.\r\n[Øpëñ Ïñtëræçtïvë Wïñðøw](çømmæñð:jµpÿtër.çrëætëñëwïñtëræçtïvë)","walkthrough.step.python.openInteractiveWindow.title":"Øpëñ thë Pÿthøñ Ïñtëræçtïvë Wïñðøw","walkthrough.step.python.runAndDebug.altText":"Høw tø rµñ æñð ðëþµg ïñ V§ Çøðë wïth F5 ør thë plæÿ þµttøñ øñ thë tøp rïght.","walkthrough.step.python.runAndDebug.description":"Øpëñ ÿøµr Pÿthøñ fïlë  æñð çlïçk øñ thë plæÿ þµttøñ øñ thë tøp rïght øf thë ëðïtør, ør prëss F5 whëñ øñ thë fïlë æñð sëlëçt \"Pÿthøñ Fïlë\" tø rµñ wïth thë ðëþµggër. \r\n  \r\n[£ëærñ mørë](https://çøðë.vïsµælstµðïø.çøm/ðøçs/pÿthøñ/pÿthøñ-tµtørïæl#_rµñ-hëllø-wørlð)","walkthrough.step.python.runAndDebug.title":"Rµñ æñð ðëþµg ÿøµr Pÿthøñ fïlë","walkthrough.step.python.selectInterpreter.altText":"§ëlëçtïñg æ Pÿthøñ ïñtërprëtër frøm thë stætµs þær","walkthrough.step.python.selectInterpreter.description":"Çhøøsë whïçh Pÿthøñ ïñtërprëtër/ëñvïrøñmëñt ÿøµ wæñt tø µsë før ÿøµr Pÿthøñ prøjëçt.\r\n[§ëlëçt Pÿthøñ Ïñtërprëtër](command:python.setInterpreter)\r\n**Tïp**: Rµñ thë ``Pÿthøñ: §ëlëçt Ïñtërprëtër`` çømmæñð ïñ thë [Çømmæñð Pælëttë](command:workbench.action.showCommands).","walkthrough.step.python.selectInterpreter.title":"§ëlëçt æ Pÿthøñ Ïñtërprëtër"}
