{"events":{"ms-python.pythondebug_in_terminal_button":{"owner":"paulacamargo25"},"ms-python.pythondebug_adapter.using_wheels_path":{"usingwheels":{"classification":"SystemMetaData","purpose":"FeatureInsight","owner":"paulacamargo25"}},"ms-python.pythondebug_session.start":{"duration":{"classification":"SystemMetaData","purpose":"FeatureInsight","owner":"paulacamargo25"},"trigger":{"classification":"SystemMetaData","purpose":"PerformanceAndHealth","owner":"paulacamargo25"},"console":{"classification":"SystemMetaData","purpose":"PerformanceAndHealth","owner":"paulacamargo25"}},"ms-python.pythondebug_session.error":{"duration":{"classification":"SystemMetaData","purpose":"FeatureInsight","owner":"paulacamargo25"},"trigger":{"classification":"SystemMetaData","purpose":"PerformanceAndHealth","owner":"paulacamargo25"},"console":{"classification":"SystemMetaData","purpose":"PerformanceAndHealth","owner":"paulacamargo25"}},"ms-python.pythondebug_session.stop":{"duration":{"classification":"SystemMetaData","purpose":"FeatureInsight","owner":"paulacamargo25"},"trigger":{"classification":"SystemMetaData","purpose":"PerformanceAndHealth","owner":"paulacamargo25"},"console":{"classification":"SystemMetaData","purpose":"PerformanceAndHealth","owner":"paulacamargo25"}},"ms-python.pythondebug_session.user_code_running":{"duration":{"classification":"SystemMetaData","purpose":"FeatureInsight","owner":"paulacamargo25"},"trigger":{"classification":"SystemMetaData","purpose":"PerformanceAndHealth","owner":"paulacamargo25"},"console":{"classification":"SystemMetaData","purpose":"PerformanceAndHealth","owner":"paulacamargo25"}},"ms-python.pythondebugger":{"trigger":{"classification":"SystemMetaData","purpose":"FeatureInsight","owner":"paulacamargo25"},"console":{"classification":"SystemMetaData","purpose":"FeatureInsight","owner":"paulacamargo25"},"hasenvvars":{"classification":"SystemMetaData","purpose":"FeatureInsight","owner":"paulacamargo25"},"hasargs":{"classification":"SystemMetaData","purpose":"FeatureInsight","owner":"paulacamargo25"},"django":{"classification":"SystemMetaData","purpose":"FeatureInsight","owner":"paulacamargo25"},"fastapi":{"classification":"SystemMetaData","purpose":"FeatureInsight","owner":"paulacamargo25"},"flask":{"classification":"SystemMetaData","purpose":"FeatureInsight","owner":"paulacamargo25"},"jinja":{"classification":"SystemMetaData","purpose":"FeatureInsight","owner":"paulacamargo25"},"islocalhost":{"classification":"SystemMetaData","purpose":"FeatureInsight","owner":"paulacamargo25"},"ismodule":{"classification":"SystemMetaData","purpose":"FeatureInsight","owner":"paulacamargo25"},"issudo":{"classification":"SystemMetaData","purpose":"FeatureInsight","owner":"paulacamargo25"},"stoponentry":{"classification":"SystemMetaData","purpose":"FeatureInsight","owner":"paulacamargo25"},"showreturnvalue":{"classification":"SystemMetaData","purpose":"FeatureInsight","owner":"paulacamargo25"},"pyramid":{"classification":"SystemMetaData","purpose":"FeatureInsight","owner":"paulacamargo25"},"subprocess":{"classification":"SystemMetaData","purpose":"FeatureInsight","owner":"paulacamargo25"},"watson":{"classification":"SystemMetaData","purpose":"FeatureInsight","owner":"paulacamargo25"},"pyspark":{"classification":"SystemMetaData","purpose":"FeatureInsight","owner":"paulacamargo25"},"gevent":{"classification":"SystemMetaData","purpose":"FeatureInsight","owner":"paulacamargo25"},"scrapy":{"classification":"SystemMetaData","purpose":"FeatureInsight","owner":"paulacamargo25"}},"ms-python.pythondebugger.attach_to_child_process":{"duration":{"classification":"SystemMetaData","purpose":"FeatureInsight","owner":"paulacamargo25","isMeasurement":true}},"ms-python.pythondebugger.attach_to_local_process":{"owner":"paulacamargo25"},"ms-python.pythondebugger.configuration.prompts":{"configurationtype":{"classification":"SystemMetaData","purpose":"FeatureInsight","owner":"paulacamargo25"},"autodetecteddjangomanagepypath":{"classification":"SystemMetaData","purpose":"FeatureInsight","owner":"paulacamargo25"},"autodetectedpyramidinipath":{"classification":"SystemMetaData","purpose":"FeatureInsight","owner":"paulacamargo25"},"autodetectedfastapimainpypath":{"classification":"SystemMetaData","purpose":"FeatureInsight","owner":"paulacamargo25"},"autodetectedflaskapppypath":{"classification":"SystemMetaData","purpose":"FeatureInsight","owner":"paulacamargo25"},"manuallyenteredavalue":{"classification":"SystemMetaData","purpose":"FeatureInsight","owner":"paulacamargo25"}},"ms-python.pythondebugger.configuration.prompts.in.launch.json":{"owner":"paulacamargo25"},"ms-python.pythondiagnostics.action":{"commandname":{"classification":"SystemMetaData","purpose":"FeatureInsight","owner":"karthiknadig"},"ignorecode":{"classification":"SystemMetaData","purpose":"FeatureInsight","owner":"karthiknadig"},"url":{"classification":"SystemMetaData","purpose":"FeatureInsight","owner":"karthiknadig"},"action":{"classification":"SystemMetaData","purpose":"FeatureInsight","owner":"karthiknadig"}},"ms-python.pythondiagnostics.message":{"code":{"classification":"SystemMetaData","purpose":"FeatureInsight","owner":"karthiknadig"}},"ms-python.pythoneditor.load":{"appname":{"classification":"SystemMetaData","purpose":"FeatureInsight","owner":"luabud"},"codeloadingtime":{"classification":"SystemMetaData","purpose":"FeatureInsight","owner":"luabud"},"condaversion":{"classification":"SystemMetaData","purpose":"FeatureInsight","owner":"luabud"},"errorname":{"classification":"CallstackOrException","purpose":"PerformanceAndHealth","owner":"luabud"},"errorstack":{"classification":"CallstackOrException","purpose":"PerformanceAndHealth","owner":"luabud"},"pythonversion":{"classification":"SystemMetaData","purpose":"FeatureInsight","owner":"luabud"},"installsource":{"classification":"SystemMetaData","purpose":"FeatureInsight","owner":"luabud"},"interpretertype":{"classification":"SystemMetaData","purpose":"FeatureInsight","owner":"luabud"},"terminal":{"classification":"SystemMetaData","purpose":"PerformanceAndHealth","owner":"luabud"},"workspacefoldercount":{"classification":"SystemMetaData","purpose":"FeatureInsight","owner":"luabud"},"haspythonthree":{"classification":"SystemMetaData","purpose":"FeatureInsight","owner":"luabud"},"startactivatetime":{"classification":"SystemMetaData","purpose":"FeatureInsight","owner":"luabud"},"totalactivatetime":{"classification":"SystemMetaData","purpose":"FeatureInsight","owner":"luabud"},"totalnonblockingactivatetime":{"classification":"SystemMetaData","purpose":"FeatureInsight","owner":"luabud"},"usinguserdefinedinterpreter":{"classification":"SystemMetaData","purpose":"FeatureInsight","owner":"luabud"},"usingglobalinterpreter":{"classification":"SystemMetaData","purpose":"FeatureInsight","owner":"luabud"}},"ms-python.pythonenvfile_variable_substitution":{"owner":"karthiknadig"},"ms-python.pythonenvfile_workspace":{"hascustomenvpath":{"classification":"SystemMetaData","purpose":"FeatureInsight","owner":"luabud"}},"ms-python.pythonexecution_code":{"scope":{"classification":"SystemMetaData","purpose":"FeatureInsight","owner":"karrtikr"},"trigger":{"classification":"SystemMetaData","purpose":"FeatureInsight","owner":"karrtikr"}},"ms-python.pythonexecution_django":{"scope":{"classification":"SystemMetaData","purpose":"FeatureInsight","owner":"karrtikr"}},"ms-python.pythonformat.format_on_type":{"enabled":{"classification":"SystemMetaData","purpose":"FeatureInsight","owner":"karthiknadig"}},"ms-python.pythonhashed_package_name":{"hashedname":{"classification":"SystemMetaData","purpose":"FeatureInsight","owner":"luabud"}},"ms-python.pythonpython_install_package":{"installer":{"classification":"SystemMetaData","purpose":"FeatureInsight","owner":"karthiknadig"},"requiredinstaller":{"classification":"SystemMetaData","purpose":"FeatureInsight","owner":"karthiknadig"},"productname":{"classification":"SystemMetaData","purpose":"FeatureInsight","owner":"karthiknadig"},"isinstalled":{"classification":"SystemMetaData","purpose":"FeatureInsight","owner":"karthiknadig"},"envtype":{"classification":"SystemMetaData","purpose":"FeatureInsight","owner":"karthiknadig"},"version":{"classification":"SystemMetaData","purpose":"FeatureInsight","owner":"karthiknadig"}},"ms-python.pythonenvironment_without_python_selected":{"duration":{"classification":"SystemMetaData","purpose":"FeatureInsight","owner":"karrtikr","isMeasurement":true}},"ms-python.pythonselect_interpreter":{"duration":{"classification":"SystemMetaData","purpose":"FeatureInsight","isMeasurement":true}},"ms-python.pythonselect_interpreter_enter_button":{"owner":"karrtikr"},"ms-python.pythonselect_interpreter_enter_choice":{"choice":{"classification":"SystemMetaData","purpose":"FeatureInsight","owner":"karrtikr"}},"ms-python.pythonselect_interpreter_selected":{"action":{"classification":"SystemMetaData","purpose":"FeatureInsight","owner":"karrtikr"}},"ms-python.pythonselect_interpreter_enter_or_find":{"owner":"karrtikr"},"ms-python.pythonselect_interpreter_entered_exists":{"discovered":{"classification":"SystemMetaData","purpose":"PerformanceAndHealth","owner":"karrtikr"}},"ms-python.pythonpython_environments_api":{"extensionid":{"classification":"SystemMetaData","purpose":"FeatureInsight","owner":"karrtikr"},"apiname":{"classification":"SystemMetaData","purpose":"FeatureInsight","owner":"karrtikr"}},"ms-python.pythonpython_interpreter":{"duration":{"classification":"SystemMetaData","purpose":"FeatureInsight","owner":"karrtikr"},"trigger":{"classification":"SystemMetaData","purpose":"FeatureInsight","owner":"karrtikr"},"failed":{"classification":"SystemMetaData","purpose":"PerformanceAndHealth","owner":"karrtikr"},"pythonversion":{"classification":"SystemMetaData","purpose":"FeatureInsight","owner":"karrtikr"}},"ms-python.pythonpython_interpreter.activation_environment_variables":{"hasenvvars":{"classification":"SystemMetaData","purpose":"FeatureInsight","owner":"karrtikr"},"failed":{"classification":"SystemMetaData","purpose":"PerformanceAndHealth","owner":"karrtikr"}},"ms-python.pythonpython_interpreter_activation_for_running_code":{"hascommands":{"classification":"SystemMetaData","purpose":"FeatureInsight","owner":"karrtikr"},"failed":{"classification":"SystemMetaData","purpose":"PerformanceAndHealth","owner":"karrtikr"},"terminal":{"classification":"SystemMetaData","purpose":"FeatureInsight","owner":"karrtikr"},"pythonversion":{"classification":"SystemMetaData","purpose":"FeatureInsight","owner":"karrtikr"},"interpretertype":{"classification":"SystemMetaData","purpose":"FeatureInsight","owner":"karrtikr"}},"ms-python.pythonpython_interpreter_activation_for_terminal":{"hascommands":{"classification":"SystemMetaData","purpose":"FeatureInsight","owner":"karrtikr"},"failed":{"classification":"SystemMetaData","purpose":"PerformanceAndHealth","owner":"karrtikr"},"terminal":{"classification":"SystemMetaData","purpose":"FeatureInsight","owner":"karrtikr"},"pythonversion":{"classification":"SystemMetaData","purpose":"FeatureInsight","owner":"karrtikr"},"interpretertype":{"classification":"SystemMetaData","purpose":"FeatureInsight","owner":"karrtikr"}},"ms-python.pythonpython_interpreter_auto_selection":{"usecachedinterpreter":{"classification":"SystemMetaData","purpose":"FeatureInsight","owner":"karrtikr"}},"ms-python.pythonpython_interpreter_discovery":{"duration":{"classification":"SystemMetaData","purpose":"FeatureInsight","owner":"karrtikr","isMeasurement":true},"interpreters":{"classification":"SystemMetaData","purpose":"FeatureInsight","owner":"karrtikr","isMeasurement":true},"environmentswithoutpython":{"classification":"SystemMetaData","purpose":"FeatureInsight","owner":"karrtikr","isMeasurement":true}},"ms-python.pythonconda_inherit_env_prompt":{"selection":{"classification":"SystemMetaData","purpose":"FeatureInsight","owner":"karrtikr"}},"ms-python.pythonrequire_jupyter_prompt":{"selection":{"classification":"SystemMetaData","purpose":"FeatureInsight","owner":"karrtikr"}},"ms-python.pythonactivated_conda_env_launch":{"selection":{"classification":"SystemMetaData","purpose":"FeatureInsight","owner":"karrtikr"}},"ms-python.pythonpython_interpreter_activate_environment_prompt":{"selection":{"classification":"SystemMetaData","purpose":"FeatureInsight","owner":"karrtikr"}},"ms-python.pythonpython_not_installed_prompt":{"selection":{"classification":"SystemMetaData","purpose":"FeatureInsight","owner":"karrtikr"}},"ms-python.pythonpython_experiments_init_performance":{"duration":{"classification":"SystemMetaData","purpose":"FeatureInsight","owner":"luabud"}},"ms-python.pythonuse_report_issue_command":{"owner":"paulacamargo25"},"ms-python.pythoncreate_new_file_command":{"owner":"luabud"},"ms-python.pythonpython_experiments_lsp_notebooks":{"owner":"luabud"},"ms-python.pythonpython_experiments_opt_in_opt_out_settings":{"optedinto":{"classification":"SystemMetaData","purpose":"FeatureInsight","owner":"luabud"},"optedoutfrom":{"classification":"SystemMetaData","purpose":"FeatureInsight","owner":"luabud"}},"ms-python.pythonlanguage_server_enabled":{"lsversion":{"classification":"SystemMetaData","purpose":"FeatureInsight","owner":"karthiknadig"}},"ms-python.pythonlanguage_server_ready":{"lsversion":{"classification":"SystemMetaData","purpose":"FeatureInsight","owner":"karthiknadig"}},"ms-python.pythonlanguage_server_startup":{"lsversion":{"classification":"SystemMetaData","purpose":"FeatureInsight","owner":"karthiknadig"}},"ms-python.pythonlanguage_server_telemetry":{"lsversion":{"classification":"SystemMetaData","purpose":"FeatureInsight","owner":"karthiknadig"}},"ms-python.pythonlanguage_server_request":{"lsversion":{"classification":"SystemMetaData","purpose":"FeatureInsight","owner":"karthiknadig"}},"ms-python.pythonlanguage_server_restart":{"reason":{"classification":"SystemMetaData","purpose":"FeatureInsight","owner":"karthiknadig"}},"ms-python.pythonjedi_language_server.enabled":{"lsversion":{"classification":"SystemMetaData","purpose":"FeatureInsight","owner":"karthiknadig"}},"ms-python.pythonjedi_language_server.ready":{"lsversion":{"classification":"SystemMetaData","purpose":"FeatureInsight","owner":"karthiknadig"}},"ms-python.pythonjedi_language_server.startup":{"lsversion":{"classification":"SystemMetaData","purpose":"FeatureInsight","owner":"karthiknadig"}},"ms-python.pythonjedi_language_server.request":{"method":{"classification":"SystemMetaData","purpose":"FeatureInsight","owner":"karthiknadig"}},"ms-python.pythonextension_survey_prompt":{"selection":{"classification":"SystemMetaData","purpose":"FeatureInsight","owner":"karthiknadig"}},"ms-python.pythonrepl":{"duration":{"classification":"SystemMetaData","purpose":"FeatureInsight","owner":"karrtikr","isMeasurement":true}},"ms-python.pythonunittest.configure":{"owner":"eleanorjboyd"},"ms-python.pythonunittest.configuring":{"tool":{"classification":"SystemMetaData","purpose":"FeatureInsight","owner":"eleanorjboyd"},"trigger":{"classification":"SystemMetaData","purpose":"FeatureInsight","owner":"eleanorjboyd"},"failed":{"classification":"SystemMetaData","purpose":"PerformanceAndHealth","owner":"eleanorjboyd"}},"ms-python.pythonactivate_env_in_current_terminal":{"isterminalvisible":{"classification":"SystemMetaData","purpose":"FeatureInsight","owner":"karrtikr"}},"ms-python.pythonterminal.create":{"terminal":{"classification":"SystemMetaData","purpose":"FeatureInsight","owner":"karrtikr"},"triggeredby":{"classification":"SystemMetaData","purpose":"FeatureInsight","owner":"karrtikr"},"pythonversion":{"classification":"SystemMetaData","purpose":"FeatureInsight","owner":"karrtikr"},"interpretertype":{"classification":"SystemMetaData","purpose":"FeatureInsight","owner":"karrtikr"}},"ms-python.pythonunittest.discovery.trigger":{"trigger":{"classification":"SystemMetaData","purpose":"FeatureInsight","owner":"eleanorjboyd"}},"ms-python.pythonunittest.discovering":{"tool":{"classification":"SystemMetaData","purpose":"FeatureInsight","owner":"eleanorjboyd"}},"ms-python.pythonunittest.discovery.done":{"tool":{"classification":"SystemMetaData","purpose":"FeatureInsight","owner":"eleanorjboyd"},"failed":{"classification":"SystemMetaData","purpose":"FeatureInsight","owner":"eleanorjboyd"}},"ms-python.pythonunittest.discovery.stop":{"owner":"eleanorjboyd"},"ms-python.pythonunittest.run":{"tool":{"classification":"SystemMetaData","purpose":"FeatureInsight","owner":"eleanorjboyd"},"debugging":{"classification":"SystemMetaData","purpose":"FeatureInsight","owner":"eleanorjboyd"}},"ms-python.pythonunittest.run.stop":{"owner":"eleanorjboyd"},"ms-python.pythonunittest.run.all_failed":{"owner":"eleanorjboyd"},"ms-python.pythonunittest.disabled":{"owner":"eleanorjboyd"},"ms-python.pythonterminal_shell_identification":{"failed":{"classification":"SystemMetaData","purpose":"PerformanceAndHealth","owner":"karrtikr"},"terminalprovided":{"classification":"SystemMetaData","purpose":"FeatureInsight","owner":"karrtikr"},"shellidentificationsource":{"classification":"SystemMetaData","purpose":"FeatureInsight","owner":"karrtikr"},"hascustomshell":{"classification":"SystemMetaData","purpose":"FeatureInsight","owner":"karrtikr"},"hasshellinenv":{"classification":"SystemMetaData","purpose":"FeatureInsight","owner":"karrtikr"}},"ms-python.pythonactivate_env_to_get_env_vars_failed":{"ispossiblycondaenv":{"classification":"SystemMetaData","purpose":"PerformanceAndHealth","owner":"karrtikr"},"terminal":{"classification":"SystemMetaData","purpose":"PerformanceAndHealth","owner":"karrtikr"}},"ms-python.pythontensorboard.launch_prompt_selection":{"owner":"donjayamanne"},"ms-python.pythontensorboard.session_launch":{"entrypoint":{"classification":"SystemMetaData","purpose":"FeatureInsight","owner":"donjayamanne"},"trigger":{"classification":"SystemMetaData","purpose":"FeatureInsight","owner":"donjayamanne"}},"ms-python.pythontensorboard.session_daemon_startup_duration":{"duration":{"classification":"SystemMetaData","purpose":"FeatureInsight","owner":"donjayamanne"},"result":{"classification":"SystemMetaData","purpose":"FeatureInsight","owner":"donjayamanne"}},"ms-python.pythontensorboard.session_e2e_startup_duration":{"duration":{"classification":"SystemMetaData","purpose":"FeatureInsight","owner":"donjayamanne"}},"ms-python.pythontensorboard.session_duration":{"duration":{"classification":"SystemMetaData","purpose":"FeatureInsight","owner":"donjayamanne"},"owner":"donjayamanne"},"ms-python.pythontensorboard.entrypoint_shown":{"entrypoint":{"classification":"SystemMetaData","purpose":"FeatureInsight","owner":"donjayamanne"},"trigger":{"classification":"SystemMetaData","purpose":"FeatureInsight","owner":"donjayamanne"}},"ms-python.pythontensorboard.install_prompt_selection":{"selection":{"classification":"SystemMetaData","purpose":"FeatureInsight","owner":"donjayamanne"},"operationtype":{"classification":"SystemMetaData","purpose":"FeatureInsight","owner":"donjayamanne"}},"ms-python.pythontensorboard_detected_in_integrated_terminal":{"owner":"donjayamanne"},"ms-python.pythontensorboard.package_install_result":{"wasprofilerpluginattempted":{"classification":"SystemMetaData","purpose":"PerformanceAndHealth","owner":"donjayamanne"},"wastensorboardattempted":{"classification":"SystemMetaData","purpose":"PerformanceAndHealth","owner":"donjayamanne"},"wasprofilerplugininstalled":{"classification":"SystemMetaData","purpose":"PerformanceAndHealth","owner":"donjayamanne"},"wastensorboardinstalled":{"classification":"SystemMetaData","purpose":"PerformanceAndHealth","owner":"donjayamanne"}},"ms-python.pythontensorboard.torch_profiler_import":{"owner":"donjayamanne"},"ms-python.pythontensorboard_jump_to_source_request":{"owner":"donjayamanne"},"ms-python.pythontensorboard_jump_to_source_file_not_found":{"owner":"donjayamanne"},"ms-python.pythonenvironment.creating":{"environmenttype":{"classification":"SystemMetaData","purpose":"PerformanceAndHealth","owner":"karthiknadig"},"pythonversion":{"classification":"SystemMetaData","purpose":"PerformanceAndHealth","owner":"karthiknadig"}},"ms-python.pythonenvironment.created":{"environmenttype":{"classification":"SystemMetaData","purpose":"PerformanceAndHealth","owner":"karthiknadig"},"reason":{"classification":"SystemMetaData","purpose":"PerformanceAndHealth","owner":"karthiknadig"}},"ms-python.pythonenvironment.failed":{"environmenttype":{"classification":"SystemMetaData","purpose":"PerformanceAndHealth","owner":"karthiknadig"},"reason":{"classification":"SystemMetaData","purpose":"PerformanceAndHealth","owner":"karthiknadig"}},"ms-python.pythonenvironment.installing_packages":{"environmenttype":{"classification":"SystemMetaData","purpose":"PerformanceAndHealth","owner":"karthiknadig"},"using":{"classification":"SystemMetaData","purpose":"PerformanceAndHealth","owner":"karthiknadig"}},"ms-python.pythonenvironment.installed_packages":{"environmenttype":{"classification":"SystemMetaData","purpose":"PerformanceAndHealth","owner":"karthiknadig"},"using":{"classification":"SystemMetaData","purpose":"PerformanceAndHealth","owner":"karthiknadig"}},"ms-python.pythonenvironment.installing_packages_failed":{"environmenttype":{"classification":"SystemMetaData","purpose":"PerformanceAndHealth","owner":"karthiknadig"},"using":{"classification":"SystemMetaData","purpose":"PerformanceAndHealth","owner":"karthiknadig"}},"ms-python.pythonenvironment.button":{"owner":"karthiknadig"},"ms-python.pythonenvironment.delete":{"environmenttype":{"classification":"SystemMetaData","purpose":"PerformanceAndHealth","owner":"karthiknadig"},"status":{"classification":"SystemMetaData","purpose":"PerformanceAndHealth","owner":"karthiknadig"}},"ms-python.pythonenvironment.reuse":{"environmenttype":{"classification":"SystemMetaData","purpose":"PerformanceAndHealth","owner":"karthiknadig"}},"ms-python.pythonenvironemt.check.trigger":{"trigger":{"classification":"SystemMetaData","purpose":"PerformanceAndHealth","owner":"karthiknadig"}},"ms-python.pythonenvironemt.check.result":{"result":{"classification":"SystemMetaData","purpose":"PerformanceAndHealth","owner":"karthiknadig"}},"ms-python.pythonquery-expfeature":{"owner":"luabud","comment":"Logs queries to the experiment service by feature for metric calculations","abexp.queriedfeature":{"classification":"SystemMetaData","purpose":"FeatureInsight","comment":"The experimental feature being queried"}},"ms-python.pythoncall-tas-error":{"owner":"luabud","comment":"Logs when calls to the experiment service fails","errortype":{"classification":"SystemMetaData","purpose":"PerformanceAndHealth","comment":"Type of error when calling TAS (ServerError, NoResponse, etc.)"}},"ms-python.pythonlanguage_server.enabled":{"duration":{"classification":"SystemMetaData","purpose":"FeatureInsight","isMeasurement":true},"errorname":{"classification":"CallstackOrException","purpose":"PerformanceAndHealth"},"errorstack":{"classification":"CallstackOrException","purpose":"PerformanceAndHealth"},"lsversion":{"classification":"SystemMetaData","purpose":"FeatureInsight"}},"ms-python.pythonlanguage_server.jinja_usage":{"lsversion":{"classification":"SystemMetaData","purpose":"FeatureInsight"},"openfileextensions":{"classification":"SystemMetaData","purpose":"FeatureInsight"}},"ms-python.pythonlanguage_server.ready":{"duration":{"classification":"SystemMetaData","purpose":"FeatureInsight","isMeasurement":true},"errorname":{"classification":"CallstackOrException","purpose":"PerformanceAndHealth"},"errorstack":{"classification":"CallstackOrException","purpose":"PerformanceAndHealth"},"lsversion":{"classification":"SystemMetaData","purpose":"FeatureInsight"}},"ms-python.pythonlanguage_server.request":{"duration":{"classification":"SystemMetaData","purpose":"FeatureInsight","isMeasurement":true},"errorname":{"classification":"CallstackOrException","purpose":"PerformanceAndHealth"},"errorstack":{"classification":"CallstackOrException","purpose":"PerformanceAndHealth"},"lsversion":{"classification":"SystemMetaData","purpose":"FeatureInsight"},"method":{"classification":"SystemMetaData","purpose":"FeatureInsight"},"modulehash":{"classification":"SystemMetaData","purpose":"FeatureInsight"}},"ms-python.pythonlanguage_server.startup":{"duration":{"classification":"SystemMetaData","purpose":"FeatureInsight","isMeasurement":true},"errorname":{"classification":"CallstackOrException","purpose":"PerformanceAndHealth"},"errorstack":{"classification":"CallstackOrException","purpose":"PerformanceAndHealth"},"lsversion":{"classification":"SystemMetaData","purpose":"FeatureInsight"}},"ms-python.pythonlanguage_server/analysis_complete":{"common.remotename":{"classification":"SystemMetaData","purpose":"FeatureInsight"},"common.uikind":{"classification":"SystemMetaData","purpose":"FeatureInsight"},"configparseerroroccurred":{"classification":"SystemMetaData","purpose":"PerformanceAndHealth"},"elapsedms":{"classification":"SystemMetaData","purpose":"PerformanceAndHealth"},"externalmb":{"classification":"SystemMetaData","purpose":"PerformanceAndHealth"},"fatalerroroccurred":{"classification":"SystemMetaData","purpose":"PerformanceAndHealth"},"heaptotalmb":{"classification":"SystemMetaData","purpose":"PerformanceAndHealth"},"heapusedmb":{"classification":"SystemMetaData","purpose":"PerformanceAndHealth"},"installsource":{"classification":"SystemMetaData","purpose":"FeatureInsight"},"isdone":{"classification":"SystemMetaData","purpose":"PerformanceAndHealth"},"isfirstrun":{"classification":"SystemMetaData","purpose":"PerformanceAndHealth"},"lsversion":{"classification":"SystemMetaData","purpose":"PerformanceAndHealth"},"numfilesanalyzed":{"classification":"SystemMetaData","purpose":"FeatureInsight"},"numfilesinprogram":{"classification":"SystemMetaData","purpose":"FeatureInsight"},"peakrssmb":{"classification":"SystemMetaData","purpose":"PerformanceAndHealth"},"resolverid":{"classification":"SystemMetaData","purpose":"PerformanceAndHealth"},"rssmb":{"classification":"SystemMetaData","purpose":"PerformanceAndHealth"},"diagnosticsseen":{"classification":"SystemMetaData","purpose":"FeatureInsight"}},"ms-python.pythonlanguage_server/analysis_exception":{"errorname":{"classification":"CallstackOrException","purpose":"PerformanceAndHealth"},"errorstack":{"classification":"CallstackOrException","purpose":"PerformanceAndHealth"},"lsversion":{"classification":"SystemMetaData","purpose":"PerformanceAndHealth"}},"ms-python.pythonlanguage_server/completion_accepted":{"autoimport":{"classification":"SystemMetaData","purpose":"FeatureInsight"},"dictionarykey":{"classification":"SystemMetaData","purpose":"FeatureInsight"},"memberaccess":{"classification":"SystemMetaData","purpose":"FeatureInsight"},"keyword":{"classification":"SystemMetaData","purpose":"FeatureInsight"}},"ms-python.pythonlanguage_server/completion_coverage":{"failures":{"classification":"SystemMetaData","purpose":"FeatureInsight"},"lsversion":{"classification":"SystemMetaData","purpose":"PerformanceAndHealth"},"overallfailures":{"classification":"SystemMetaData","purpose":"FeatureInsight"},"overallsuccesses":{"classification":"SystemMetaData","purpose":"FeatureInsight"},"overalltotal":{"classification":"SystemMetaData","purpose":"FeatureInsight"},"successes":{"classification":"SystemMetaData","purpose":"FeatureInsight"},"total":{"classification":"SystemMetaData","purpose":"FeatureInsight"}},"ms-python.pythonlanguage_server/completion_metrics":{"installsource":{"classification":"SystemMetaData","purpose":"FeatureInsight"},"lastknownmembernamehash":{"classification":"SystemMetaData","purpose":"FeatureInsight"},"lastknownmodulehash":{"classification":"SystemMetaData","purpose":"FeatureInsight"},"lsversion":{"classification":"SystemMetaData","purpose":"PerformanceAndHealth"},"packagehash":{"classification":"SystemMetaData","purpose":"FeatureInsight"},"unknownmembernamehash":{"classification":"SystemMetaData","purpose":"FeatureInsight"}},"ms-python.pythonlanguage_server/completion_slow":{"bindcallcount":{"classification":"SystemMetaData","purpose":"PerformanceAndHealth"},"bindtime":{"classification":"SystemMetaData","purpose":"PerformanceAndHealth"},"correlationid":{"classification":"SystemMetaData","purpose":"PerformanceAndHealth"},"custom_autoimportadditiontimeinms":{"classification":"SystemMetaData","purpose":"PerformanceAndHealth"},"custom_autoimportedittimeinms":{"classification":"SystemMetaData","purpose":"PerformanceAndHealth"},"custom_autoimportimportaliascount":{"classification":"SystemMetaData","purpose":"PerformanceAndHealth"},"custom_autoimportimportaliastimeinms":{"classification":"SystemMetaData","purpose":"PerformanceAndHealth"},"custom_autoimportindexcount":{"classification":"SystemMetaData","purpose":"PerformanceAndHealth"},"custom_autoimportindextimeinms":{"classification":"SystemMetaData","purpose":"PerformanceAndHealth"},"custom_autoimportindexused":{"classification":"SystemMetaData","purpose":"PerformanceAndHealth"},"custom_autoimportitemcount":{"classification":"SystemMetaData","purpose":"PerformanceAndHealth"},"custom_autoimportmoduleresolvetimeinms":{"classification":"SystemMetaData","purpose":"PerformanceAndHealth"},"custom_autoimportmoduletimeinms":{"classification":"SystemMetaData","purpose":"PerformanceAndHealth"},"custom_autoimportsymbolcount":{"classification":"SystemMetaData","purpose":"PerformanceAndHealth"},"custom_autoimporttotaltimeinms":{"classification":"SystemMetaData","purpose":"PerformanceAndHealth"},"custom_autoimportuserindexcount":{"classification":"SystemMetaData","purpose":"PerformanceAndHealth"},"custom_completionitems":{"classification":"SystemMetaData","purpose":"PerformanceAndHealth"},"custom_completionitemtelemetrybuildtimeinms":{"classification":"SystemMetaData","purpose":"PerformanceAndHealth"},"custom_extensiontotaltimeinms":{"classification":"SystemMetaData","purpose":"PerformanceAndHealth"},"custom_selecteditemtelemetrybuildtimeinms":{"classification":"SystemMetaData","purpose":"PerformanceAndHealth"},"lsversion":{"classification":"SystemMetaData","purpose":"PerformanceAndHealth"},"parsecallcount":{"classification":"SystemMetaData","purpose":"PerformanceAndHealth"},"parsetime":{"classification":"SystemMetaData","purpose":"PerformanceAndHealth"},"readfilecallcount":{"classification":"SystemMetaData","purpose":"PerformanceAndHealth"},"readfiletime":{"classification":"SystemMetaData","purpose":"PerformanceAndHealth"},"resolvecallcount":{"classification":"SystemMetaData","purpose":"PerformanceAndHealth"},"resolvetime":{"classification":"SystemMetaData","purpose":"PerformanceAndHealth"},"tokenizecallcount":{"classification":"SystemMetaData","purpose":"PerformanceAndHealth"},"tokenizetime":{"classification":"SystemMetaData","purpose":"PerformanceAndHealth"},"totaltime":{"classification":"SystemMetaData","purpose":"PerformanceAndHealth"},"typeevalcount":{"classification":"SystemMetaData","purpose":"PerformanceAndHealth"},"typeevaltime":{"classification":"SystemMetaData","purpose":"PerformanceAndHealth"}},"ms-python.pythonlanguage_server/exception_intellicode":{"common.remotename":{"classification":"SystemMetaData","purpose":"FeatureInsight"},"common.uikind":{"classification":"SystemMetaData","purpose":"FeatureInsight"}},"ms-python.pythonlanguage_server/execute_command":{"lsversion":{"classification":"SystemMetaData","purpose":"PerformanceAndHealth"},"name":{"classification":"SystemMetaData","purpose":"FeatureInsight"}},"ms-python.pythonlanguage_server/goto_def_inside_string":{"resultlength":{"classification":"SystemMetaData","purpose":"FeatureInsight"}},"ms-python.pythonlanguage_server/import_heuristic":{"avgcost":{"classification":"SystemMetaData","purpose":"FeatureInsight"},"avglevel":{"classification":"SystemMetaData","purpose":"FeatureInsight"},"conflicts":{"classification":"SystemMetaData","purpose":"FeatureInsight"},"nativemodules":{"classification":"SystemMetaData","purpose":"FeatureInsight"},"nativepackages":{"classification":"SystemMetaData","purpose":"FeatureInsight"},"reason_because_it_is_not_a_valid_directory":{"classification":"SystemMetaData","purpose":"FeatureInsight"},"reason_could_not_parse_output":{"classification":"SystemMetaData","purpose":"PerformanceAndHealth"},"reason_did_not_find_file":{"classification":"SystemMetaData","purpose":"FeatureInsight"},"reason_no_python_interpreter_search_path":{"classification":"SystemMetaData","purpose":"FeatureInsight"},"reason_typeshed_path_not_found":{"classification":"SystemMetaData","purpose":"FeatureInsight"},"resolverid":{"classification":"SystemMetaData","purpose":"FeatureInsight"},"success":{"classification":"SystemMetaData","purpose":"FeatureInsight"},"total":{"classification":"SystemMetaData","purpose":"FeatureInsight"}},"ms-python.pythonlanguage_server/import_metrics":{"absolutestubs":{"classification":"SystemMetaData","purpose":"FeatureInsight"},"absolutetotal":{"classification":"SystemMetaData","purpose":"FeatureInsight"},"absoluteunresolved":{"classification":"SystemMetaData","purpose":"FeatureInsight"},"absoluteuserunresolved":{"classification":"SystemMetaData","purpose":"FeatureInsight"},"builtinimportstubs":{"classification":"SystemMetaData","purpose":"FeatureInsight"},"builtinimporttotal":{"classification":"SystemMetaData","purpose":"FeatureInsight"},"common.remotename":{"classification":"SystemMetaData","purpose":"FeatureInsight"},"common.uikind":{"classification":"SystemMetaData","purpose":"FeatureInsight"},"installsource":{"classification":"SystemMetaData","purpose":"FeatureInsight"},"localimportstubs":{"classification":"SystemMetaData","purpose":"FeatureInsight"},"localimporttotal":{"classification":"SystemMetaData","purpose":"FeatureInsight"},"lsversion":{"classification":"SystemMetaData","purpose":"PerformanceAndHealth"},"nativemodules":{"classification":"SystemMetaData","purpose":"FeatureInsight"},"nativepackages":{"classification":"SystemMetaData","purpose":"FeatureInsight"},"relativestubs":{"classification":"SystemMetaData","purpose":"FeatureInsight"},"relativetotal":{"classification":"SystemMetaData","purpose":"FeatureInsight"},"relativeunresolved":{"classification":"SystemMetaData","purpose":"FeatureInsight"},"resolverid":{"classification":"SystemMetaData","purpose":"FeatureInsight"},"stubs":{"classification":"SystemMetaData","purpose":"FeatureInsight"},"thirdpartyimportstubs":{"classification":"SystemMetaData","purpose":"FeatureInsight"},"thirdpartyimporttotal":{"classification":"SystemMetaData","purpose":"FeatureInsight"},"total":{"classification":"SystemMetaData","purpose":"FeatureInsight"},"unresolvedmodules":{"classification":"SystemMetaData","purpose":"FeatureInsight"},"unresolvedpackages":{"classification":"SystemMetaData","purpose":"FeatureInsight"},"unresolvedpackageslowercase":{"classification":"SystemMetaData","purpose":"FeatureInsight"},"unresolvedtotal":{"classification":"SystemMetaData","purpose":"FeatureInsight"}},"ms-python.pythonlanguage_server/index_slow":{"bindcallcount":{"classification":"SystemMetaData","purpose":"PerformanceAndHealth"},"bindtime":{"classification":"SystemMetaData","purpose":"PerformanceAndHealth"},"custom_count":{"classification":"SystemMetaData","purpose":"PerformanceAndHealth"},"lsversion":{"classification":"SystemMetaData","purpose":"PerformanceAndHealth"},"parsecallcount":{"classification":"SystemMetaData","purpose":"PerformanceAndHealth"},"parsetime":{"classification":"SystemMetaData","purpose":"PerformanceAndHealth"},"readfilecallcount":{"classification":"SystemMetaData","purpose":"PerformanceAndHealth"},"readfiletime":{"classification":"SystemMetaData","purpose":"PerformanceAndHealth"},"resolvecallcount":{"classification":"SystemMetaData","purpose":"PerformanceAndHealth"},"resolvetime":{"classification":"SystemMetaData","purpose":"PerformanceAndHealth"},"tokenizecallcount":{"classification":"SystemMetaData","purpose":"PerformanceAndHealth"},"tokenizetime":{"classification":"SystemMetaData","purpose":"PerformanceAndHealth"},"totaltime":{"classification":"SystemMetaData","purpose":"PerformanceAndHealth"},"typeevalcount":{"classification":"SystemMetaData","purpose":"PerformanceAndHealth"},"typeevaltime":{"classification":"SystemMetaData","purpose":"PerformanceAndHealth"}},"ms-python.pythonlanguage_server/installed_packages":{"packagesbitarray":{"classification":"SystemMetaData","purpose":"FeatureInsight"},"packageslowercase":{"classification":"SystemMetaData","purpose":"FeatureInsight"},"resolverid":{"classification":"SystemMetaData","purpose":"FeatureInsight"}},"ms-python.pythonlanguage_server/intellicode_completion_item_selected":{"class":{"classification":"SystemMetaData","purpose":"FeatureInsight"},"common.remotename":{"classification":"SystemMetaData","purpose":"PerformanceAndHealth"},"common.uikind":{"classification":"SystemMetaData","purpose":"PerformanceAndHealth"},"count":{"classification":"SystemMetaData","purpose":"PerformanceAndHealth"},"elapsedtime":{"classification":"SystemMetaData","purpose":"PerformanceAndHealth"},"failurereason":{"classification":"SystemMetaData","purpose":"PerformanceAndHealth"},"id":{"classification":"SystemMetaData","purpose":"PerformanceAndHealth"},"index":{"classification":"SystemMetaData","purpose":"FeatureInsight"},"installsource":{"classification":"SystemMetaData","purpose":"FeatureInsight"},"isintellicodecommit":{"classification":"SystemMetaData","purpose":"FeatureInsight"},"language":{"classification":"SystemMetaData","purpose":"PerformanceAndHealth"},"lsversion":{"classification":"SystemMetaData","purpose":"PerformanceAndHealth"},"memoryincreasekb":{"classification":"SystemMetaData","purpose":"PerformanceAndHealth"},"method":{"classification":"SystemMetaData","purpose":"FeatureInsight"},"methods":{"classification":"SystemMetaData","purpose":"FeatureInsight"},"modeltype":{"classification":"SystemMetaData","purpose":"PerformanceAndHealth"},"modelversion":{"classification":"SystemMetaData","purpose":"PerformanceAndHealth"},"selecteditemtelemetrybuildtimeinms":{"classification":"SystemMetaData","purpose":"PerformanceAndHealth"}},"ms-python.pythonlanguage_server/intellicode_enabled":{"common.remotename":{"classification":"SystemMetaData","purpose":"PerformanceAndHealth"},"common.uikind":{"classification":"SystemMetaData","purpose":"PerformanceAndHealth"},"enabled":{"classification":"SystemMetaData","purpose":"FeatureInsight"},"installsource":{"classification":"SystemMetaData","purpose":"FeatureInsight"},"lsversion":{"classification":"SystemMetaData","purpose":"PerformanceAndHealth"},"startup":{"classification":"SystemMetaData","purpose":"FeatureInsight"}},"ms-python.pythonlanguage_server/intellicode_model_load_failed":{"errorname":{"classification":"CallstackOrException","purpose":"PerformanceAndHealth"},"errorstack":{"classification":"CallstackOrException","purpose":"PerformanceAndHealth"},"installsource":{"classification":"SystemMetaData","purpose":"FeatureInsight"},"lsversion":{"classification":"SystemMetaData","purpose":"PerformanceAndHealth"},"reason":{"classification":"SystemMetaData","purpose":"PerformanceAndHealth"}},"ms-python.pythonlanguage_server/intellicode_onnx_load_failed":{"errorname":{"classification":"CallstackOrException","purpose":"PerformanceAndHealth"},"errorstack":{"classification":"CallstackOrException","purpose":"PerformanceAndHealth"},"installsource":{"classification":"SystemMetaData","purpose":"FeatureInsight"},"lsversion":{"classification":"SystemMetaData","purpose":"PerformanceAndHealth"},"reason":{"classification":"SystemMetaData","purpose":"PerformanceAndHealth"}},"ms-python.pythonlanguage_server/rename_files":{"affectedfilescount":{"classification":"SystemMetaData","purpose":"FeatureInsight"},"bindcallcount":{"classification":"SystemMetaData","purpose":"PerformanceAndHealth"},"bindtime":{"classification":"SystemMetaData","purpose":"PerformanceAndHealth"},"filerenamed":{"classification":"SystemMetaData","purpose":"FeatureInsight"},"parsecallcount":{"classification":"SystemMetaData","purpose":"PerformanceAndHealth"},"parsetime":{"classification":"SystemMetaData","purpose":"PerformanceAndHealth"},"readfilecallcount":{"classification":"SystemMetaData","purpose":"PerformanceAndHealth"},"readfiletime":{"classification":"SystemMetaData","purpose":"PerformanceAndHealth"},"resolvecallcount":{"classification":"SystemMetaData","purpose":"PerformanceAndHealth"},"resolvetime":{"classification":"SystemMetaData","purpose":"PerformanceAndHealth"},"tokenizecallcount":{"classification":"SystemMetaData","purpose":"PerformanceAndHealth"},"tokenizetime":{"classification":"SystemMetaData","purpose":"PerformanceAndHealth"},"totaltime":{"classification":"SystemMetaData","purpose":"PerformanceAndHealth"},"type":{"classification":"SystemMetaData","purpose":"FeatureInsight"},"typeevalcount":{"classification":"SystemMetaData","purpose":"PerformanceAndHealth"},"typeevaltime":{"classification":"SystemMetaData","purpose":"PerformanceAndHealth"}},"ms-python.pythonlanguage_server/semantictokens_slow":{"bindcallcount":{"classification":"SystemMetaData","purpose":"PerformanceAndHealth"},"bindtime":{"classification":"SystemMetaData","purpose":"PerformanceAndHealth"},"custom_count":{"classification":"SystemMetaData","purpose":"PerformanceAndHealth"},"lsversion":{"classification":"SystemMetaData","purpose":"PerformanceAndHealth"},"parsecallcount":{"classification":"SystemMetaData","purpose":"PerformanceAndHealth"},"parsetime":{"classification":"SystemMetaData","purpose":"PerformanceAndHealth"},"readfilecallcount":{"classification":"SystemMetaData","purpose":"PerformanceAndHealth"},"readfiletime":{"classification":"SystemMetaData","purpose":"PerformanceAndHealth"},"resolvecallcount":{"classification":"SystemMetaData","purpose":"PerformanceAndHealth"},"resolvetime":{"classification":"SystemMetaData","purpose":"PerformanceAndHealth"},"tokenizecallcount":{"classification":"SystemMetaData","purpose":"PerformanceAndHealth"},"tokenizetime":{"classification":"SystemMetaData","purpose":"PerformanceAndHealth"},"totaltime":{"classification":"SystemMetaData","purpose":"PerformanceAndHealth"},"typeevalcount":{"classification":"SystemMetaData","purpose":"PerformanceAndHealth"},"typeevaltime":{"classification":"SystemMetaData","purpose":"PerformanceAndHealth"}},"ms-python.pythonlanguage_server/settings":{"addimportexactmatchonly":{"classification":"SystemMetaData","purpose":"FeatureInsight"},"autoimportcompletions":{"classification":"SystemMetaData","purpose":"FeatureInsight"},"autosearchpaths":{"classification":"SystemMetaData","purpose":"FeatureInsight"},"completefunctionparens":{"classification":"SystemMetaData","purpose":"FeatureInsight"},"disableworkspacesymbol":{"classification":"SystemMetaData","purpose":"FeatureInsight"},"enableextractcodeaction":{"classification":"SystemMetaData","purpose":"FeatureInsight"},"extracommitchars":{"classification":"SystemMetaData","purpose":"FeatureInsight"},"formatontype":{"classification":"SystemMetaData","purpose":"FeatureInsight"},"functionreturninlaytypehints":{"classification":"SystemMetaData","purpose":"FeatureInsight"},"hasconfigfile":{"classification":"SystemMetaData","purpose":"FeatureInsight"},"hasextrapaths":{"classification":"SystemMetaData","purpose":"FeatureInsight"},"importformat":{"classification":"SystemMetaData","purpose":"FeatureInsight"},"includeusersymbolsinautoimport":{"classification":"SystemMetaData","purpose":"FeatureInsight"},"indexing":{"classification":"SystemMetaData","purpose":"FeatureInsight"},"lspinteractivewindows":{"classification":"SystemMetaData","purpose":"FeatureInsight"},"lspnotebooks":{"classification":"SystemMetaData","purpose":"FeatureInsight"},"movesymbol":{"classification":"SystemMetaData","purpose":"FeatureInsight"},"openfilesonly":{"classification":"SystemMetaData","purpose":"FeatureInsight"},"pytestparameterinlaytypehints":{"classification":"SystemMetaData","purpose":"FeatureInsight"},"typecheckingmode":{"classification":"SystemMetaData","purpose":"FeatureInsight"},"useimportheuristic":{"classification":"SystemMetaData","purpose":"FeatureInsight"},"uselibrarycodefortypes":{"classification":"SystemMetaData","purpose":"FeatureInsight"},"variableinlaytypehints":{"classification":"SystemMetaData","purpose":"FeatureInsight"},"watchforlibrarychanges":{"classification":"SystemMetaData","purpose":"FeatureInsight"},"workspacecount":{"classification":"SystemMetaData","purpose":"FeatureInsight"}},"ms-python.pythonlanguage_server/startup_metrics":{"analysisms":{"classification":"SystemMetaData","purpose":"PerformanceAndHealth"},"peakrssmb":{"classification":"SystemMetaData","purpose":"PerformanceAndHealth"},"presetfileopenms":{"classification":"SystemMetaData","purpose":"PerformanceAndHealth"},"tokendeltams":{"classification":"SystemMetaData","purpose":"PerformanceAndHealth"},"tokenfullms":{"classification":"SystemMetaData","purpose":"PerformanceAndHealth"},"tokenrangems":{"classification":"SystemMetaData","purpose":"PerformanceAndHealth"},"totalms":{"classification":"SystemMetaData","purpose":"PerformanceAndHealth"},"userindexms":{"classification":"SystemMetaData","purpose":"PerformanceAndHealth"}},"ms-python.pythonlanguage_server/workspaceindex_slow":{"bindcallcount":{"classification":"SystemMetaData","purpose":"PerformanceAndHealth"},"bindtime":{"classification":"SystemMetaData","purpose":"PerformanceAndHealth"},"custom_count":{"classification":"SystemMetaData","purpose":"PerformanceAndHealth"},"lsversion":{"classification":"SystemMetaData","purpose":"PerformanceAndHealth"},"parsecallcount":{"classification":"SystemMetaData","purpose":"PerformanceAndHealth"},"parsetime":{"classification":"SystemMetaData","purpose":"PerformanceAndHealth"},"readfilecallcount":{"classification":"SystemMetaData","purpose":"PerformanceAndHealth"},"readfiletime":{"classification":"SystemMetaData","purpose":"PerformanceAndHealth"},"resolvecallcount":{"classification":"SystemMetaData","purpose":"PerformanceAndHealth"},"resolvetime":{"classification":"SystemMetaData","purpose":"PerformanceAndHealth"},"tokenizecallcount":{"classification":"SystemMetaData","purpose":"PerformanceAndHealth"},"tokenizetime":{"classification":"SystemMetaData","purpose":"PerformanceAndHealth"},"totaltime":{"classification":"SystemMetaData","purpose":"PerformanceAndHealth"},"typeevalcount":{"classification":"SystemMetaData","purpose":"PerformanceAndHealth"},"typeevaltime":{"classification":"SystemMetaData","purpose":"PerformanceAndHealth"}},"ms-python.pythonlanguage_server/workspaceindex_threshold_reached":{"index_count":{"classification":"SystemMetaData","purpose":"PerformanceAndHealth"}}},"commonProperties":{}}
